:100000000C94AB190C94EB190C94EB190C94EB19A0
:100010000C94EB190C94EB190C94EB190C94EB1950
:100020000C94EB190C94EB190C94EB190C94EB1940
:100030000C94EB190C94EB190C94EB190C94EB1930
:100040000C94EB190C94FC950C94EB190C94EB1993
:100050000C94EB190C9405900C94EB190C94B2D100
:100060000C94EB190C94565E0C944C5E0C94EB19AA
:100070000C94EB190C94EB190C94EB190C94EB19F0
:100080000C94EB190C94EB190C94EB190C94EB19E0
:100090000C94EB190C94EB190C94EB190C94EB19D0
:1000A0000C94EB190C94EB190C94EB190C94EB19C0
:1000B0000C94EB190C94EB190C94EB190C94EB19B0
:1000C0000C94EB190C94EB190C94EB190C94EB19A0
:1000D0000C94EB190C94EB190C94EB190C94EB1990
:1000E0000C94EB19084AD73B3BCE016E84BCBFFD94
:1000F000C12F3D6C74319ABD56833DDA3D00C77FF8
:1001000011BED9E4BB4C3E916BAAAABE0000008090
:100110003F05A84CCDB2D44EB93836A9020C50B91F
:10012000918688083CA6AAAA2ABE000000803F0744
:10013000634236B79BD8A71A39685618AEBAAB5582
:100140008C1D3CB7CC5763BD6DEDFD753EF6177247
:1001500031BF000000803F08000000BE9224491219
:100160003EABAAAA2ABECDCCCC4C3E00000080BE3D
:10017000ABAAAAAA3E00000000BF000000803F001A
:1001800000000000084178D3BB4387D1133D190E0E
:100190003CC3BD4282AD2B3E68EC8276BED98FE176
:1001A000A93E4C80EFFFBE01C4FF7F3F000000006E
:1001B00000004E414E494E495459494E46CDCCCC93
:1001C0003D0AD7233C17B7D13877CC2B329595E62B
:1001D000241FB14F0A000020410000C84200401C0B
:1001E0004620BCBE4CCA1B0E5AAEC59D7400407A58
:1001F00010F35A00A0724E18090010A5D4E80000B0
:10020000E87648170000E40B54020000CA9A3B004D
:100210000000E1F505000080969800000040420FC4
:10022000000000A08601000000102700000000E888
:1002300003000000006400000000000A000000004D
:10024000000100000000002C76D888DC674F0823EE
:10025000DFC1DFAE59E1B1B796E5E3E453C63AE654
:1002600051997696E8E6C28426EB898C9B62ED4034
:100270007C6FFCEFBC9C9F40F2BAA56FA5F4900583
:100280005A2AF75C936B6CF9676DC11BFCE0E40DB7
:1002900047FEF520E6B500D0ED902E0300943577AB
:1002A000050080841E080000204E0A000000C80CD3
:1002B000333333330F986E12831141EF8D2114893C
:1002C0003BE65516CFFEE6DB18D1844B381BF77C96
:1002D0001D901DA4BBE424203284725E228100C9DB
:1002E000F124ECA1E53D27434F4D4D554E49434187
:1002F00054494F4E0044525952554E004552524FA8
:10030000525300494E464F004543484F000D0E03DF
:1003100002260E0F3812133E1A1C180A0C09080088
:1003200001506C65617365205265736574005052AD
:10033000494E5445522048414C5445440025533AB7
:10034000202553004B494C4C45442E2000507269E7
:100350006E7465722068616C7465642E206B696CC4
:100360006C28292063616C6C6564210A0000656358
:10037000686F3A004572726F723A00506F7765721B
:100380004F66660A0020440020204D323030205352
:1003900000202844697361626C6564293A004669EB
:1003A0006C616D656E742073657474696E6773003B
:1003B00020204D3230312058004D61782041636358
:1003C000656C65726174696F6E2028756E697473EF
:1003D0002F7332290020204D3230332058004D61D8
:1003E00078206665656472617465732028756E692E
:1003F00074732F73290020520020204D3230342096
:100400005000416363656C65726174696F6E20288A
:10041000756E6974732F7332292028503C7072698D
:100420006E742D616363656C3E20523C726574721C
:100430006163742D616363656C3E20543C7472612A
:1004400076656C2D616363656C3E2900204A00204F
:10045000540020530020204D3230352042004164AA
:1004600076616E6365642028423C6D696E5F7365DA
:10047000676D656E745F74696D655F75733E20535B
:100480003C6D696E5F66656564726174653E20549B
:100490003C6D696E5F74726176656C5F66656564FC
:1004A000726174653E204A3C6A756E635F6465766E
:1004B0003E290020440020490020204D33303120C7
:1004C0005000486F74656E6420504944003B200022
:1004D00020496E76616C6964206578747275646514
:1004E00072200047322F47332062616420706172AE
:1004F000616D65746572730A0047322F473320625D
:10050000616420706172616D65746572730A005375
:100510006C6565702E2E2E00436C69636B20746FC2
:1005200020526573756D652E2E2E004E6F204D6F17
:1005300076652E00456E642066696C65206C697373
:10054000740A00426567696E2066696C65206C6993
:1005500073740A004E6F206D656469610A0053442C
:1005600020636172642072656C65617365640A0062
:10057000286E6F2066696C65290043757272656E1E
:10058000742066696C653A20004E6F7420534420D5
:100590007072696E74696E670A00534420707269E4
:1005A0006E74696E67206279746520002E0A0044BB
:1005B000656C6574696F6E206661696C65642C207A
:1005C00046696C653A200046696C652064656C6517
:1005D0007465643A0043616E6E6F74206F70656E6F
:1005E0002073756264697220002569730025696D46
:1005F00020256973002569682025696D20256973A8
:1006000000256964202569682025696D20256973A6
:100610000025697920256964202569682025696D90
:1006200020256973005072696E742074696D653A93
:1006300020003F43616E6E6F74207772697465208D
:10064000746F20494E5055540A003F496E76616CD4
:1006500069642050696E204D6F64650A006F6B00FD
:100660004C696E653A20006F66660008030303FC60
:1006700002F502E70244454255473A004D31313315
:1006800020530050533A300A0050533A310A005672
:1006900031434E43203061333862623053204F463D
:1006A000462E00207320666F72206C617365722085
:1006B0007361666574792E0A004D31382074696D56
:1006C000656F7574206D757374206265203E20001F
:1006D000207320666F72206C61736572207361668F
:1006E0006574792E0A003F4D38352074696D656F49
:1006F0007574206D757374206265203E2000207330
:100700002E0A00496E616374697669747920746990
:100710006D656F75742000434F4E4649475F4558DD
:10072000504F5254004D4541545041434B00434FAC
:100730004F4C45525F54454D5045524154555245DA
:10074000004348414D4245525F54454D504552414A
:10075000545552450045505F42414259535445500B
:1007600000424142595354455050494E470041526E
:100770004353004D4F54494F4E5F4D4F4445530036
:10078000544845524D414C5F50524F544543544993
:100790004F4E00455854454E4445445F4D3230005D
:1007A000435553544F4D5F4649524D574152455F53
:1007B00055504C4F4144004C464E5F5752495445AA
:1007C000004C4F4E475F46494C454E414D45004118
:1007D00055544F5245504F52545F53445F53544108
:1007E0005455530053445F575249544500524550A5
:1007F000454154004D554C54495F564F4C554D455D
:10080000005344434152440050524F4D50545F53A3
:100810005550504F525400484F53545F4143544930
:100820004F4E5F434F4D4D414E445300454D455251
:1008300047454E43595F504152534552004C415336
:10084000455200434153455F4C494748545F42522B
:10085000494748544E45535300544F47474C455F12
:100860004C494748545300534F4654574152455FF3
:10087000504F574552004255494C445F50455243F2
:10088000454E54004C4556454C494E475F444154F3
:1008900041005A5F50524F42450052554E4F5554F9
:1008A000004155544F4C4556454C005052494E540A
:1008B0005F4A4F420050524F4752455353004155F3
:1008C000544F5245504F52545F54454D500041557E
:1008D000544F5245504F52545F504F5300564F4C57
:1008E000554D455452494300454550524F4D0042E5
:1008F000494E4152595F46494C455F5452414E530F
:100900004645520053455249414C5F584F4E5F583F
:100910004F4646004649524D574152455F4E414D64
:10092000453A4D61726C696E2030613338626230D5
:100930005320437573746F6D20284D6172203237D8
:1009400020323032362032303A34383A34352920A9
:10095000534F555243455F434F44455F55524C3AC0
:100960006769746875622E636F6D2F4D61726C6973
:100970006E4669726D776172652F4D61726C696E3A
:100980002050524F544F434F4C5F56455253494F9E
:100990004E3A312E30204D414348494E455F54591F
:1009A00050453A5631434E4320306133386262300D
:1009B00053204B494E454D41544943533A4361728C
:1009C00074657369616E2045585452554445525FB1
:1009D000434F554E543A3120555549443A63656466
:1009E00065326132662D343161322D343734382D21
:1009F000396231322D6335356336326633363766C8
:100A000066002F2F004D31343520533C696E6465EC
:100A1000783E206F7574206F662072616E67652066
:100A200028302D31290A003F4A206F7574206F66E7
:100A30002072616E67652028302E303120746F205F
:100A4000302E33290A00250A0046523A0020466C0F
:100A50006F773A200050726F74656374656420503C
:100A6000696E0A0064697300656E00432900616263
:100A70006C656420286D696E2074656D702000437C
:100A80006F6C64206578747275646573206172653B
:100A90002000486F6D6520257320466972737400CD
:100AA0004F666673657473204170706C696564008D
:100AB0004D494E2F4D415820546F6F2046617200B2
:100AC000546F6F206661722066726F6D204D494EC3
:100AD0002F4D41580A00454550524F4D204F4B0A6B
:100AE00000446F6E65207072696E74696E6720666F
:100AF000696C650A004D3737004D3331005A580A8A
:100B00000058590A00595A0A00576F726B73706186
:100B1000636520506C616E65200053656C6563747D
:100B200020776F726B7370616365200020204D32F7
:100B30003036205800486F6D65206F6666736574A7
:100B4000004361703A0020746F6F206C6F6E6720F5
:100B5000657874727573696F6E2070726576656EF4
:100B60007465640A0020636F6C6420657874727524
:100B700073696F6E2070726576656E7465640A00C5
:100B800020573A00436F6F6C696E672E2E2E00451A
:100B9000312025530020460020420020204D3130D6
:100BA000342053004175746F2054656D7020436F7D
:100BB0006E74726F6C0020573A0042656420436F78
:100BC0006F6C696E672E2E2E004265642048656149
:100BD00074696E672E2E2E00206661696C65642133
:100BE00020426164206865617465722069640A004E
:100BF000504944204175746F74756E6500236465B7
:100C000066696E652044454641554C545F004B442F
:100C100020004B4920004B5020002066696E69730C
:100C2000686564212050757420746865206C617358
:100C300074204B702C204B6920616E64204B642023
:100C4000636F6E7374616E74732066726F6D206271
:100C5000656C6F7720696E746F20436F6E6669678D
:100C600075726174696F6E2E680A005049442041A4
:100C700075746F74756E6500206661696C656421BA
:100C80002074696D656F75740A0050494420417580
:100C9000746F74756E6500206661696C65642120EF
:100CA00054656D706572617475726520746F6F2024
:100CB000686967680A00504944204175746F74750B
:100CC0006E6500504944204379636C657300255379
:100CD0002025692F256900204B643A2000204B69AC
:100CE0003A2000204B703A200020436C61737369F6
:100CF0006320504944200A002054753A2000204BBC
:100D0000753A2000206D61783A2000206D696E3AB6
:100D1000200020643A200020626961733A20004874
:100D2000656174696E672E2E2E0020737461727473
:100D30000A00504944204175746F74756E65002037
:100D40006661696C6564212054656D7065726174BB
:100D500075726520746F6F20686967680A00504972
:100D600044204175746F74756E650050494420418C
:100D700075746F74756E65004572723A207574668D
:100D80003820666F6E74206E6F7420696E697469A6
:100D9000616C697A65642E004572723A20757466DA
:100DA0003820666F6E74206E6F7420696E69746986
:100DB000616C697A65642E004572723A20757466BA
:100DC0003820666F6E74206E6F7420696E69746966
:100DD000616C697A65642E0020003A003A0025684B
:100DE000753A25303268750025303268753A2530FD
:100DF00032687500253032687527253032687500F5
:100E0000256875642025303268753A25303268755A
:100E1000002000250020202020202020002020204D
:100E20002000657272001FE020102010201010209A
:100E300010202010201030300840048003001FE0F4
:100E40003FF03FF03FF01FE01FE03FF03FF03FF08A
:100E50000FC0078003003FFFF038007030FC3020E7
:100E6000FC102078102030102C00D02E31D02F7B99
:100E7000D02F7BD02E31D02C00D0203010207810F5
:100E800020FC1030FC303800703FFFF03FFFF0389E
:100E900000703186302387102787902F87D02F034B
:100EA000D02030102078102078102030102F03D060
:100EB0002F87D02787902387103186303800703FE6
:100EC000FFF01FFFF81FFFF804104002082002087F
:100ED00020041040082080104100104100082080AC
:100EE0000410400000001FFFF81FFFF84265640077
:100EF000456E636C6F73757265005072696E742015
:100F000041626F72746564004D3831004D323500B6
:100F100050617573696E672E2E2E004D3234004677
:100F2000696C2E204469612E004F6666004F6E008A
:100F30004520696E206D6D5E330020082046616398
:100F400074002008204D6178002008204D696E0053
:100F50004D696E2054726176656C205370656564CE
:100F6000004D696E2056656C6F63697479004D6140
:100F7000782040205370656564004D6178204520DD
:100F8000416363656C004D61782040204163636577
:100F90006C0054726176656C20416363656C00522D
:100FA00065747261637420416363656C00416363BF
:100FB000656C00402073746570732F6D6D00416423
:100FC00076616E6365642053657474696E6773003F
:100FD0003F0043616E63656C00496E6974004D3477
:100FE000323800496E697469616C697A65204545DB
:100FF00050524F4D0046696C616D656E74005465CA
:101000006D70657261747572650053746570732FCD
:101010006D6D004A756E6374696F6E20446576006D
:10102000416363656C65726174696F6E004D6178D0
:1010300020537065656420286D6D2F7329005365FA
:101040007420486F6D65204F666673657473004346
:101050006F6E66696775726174696F6E0042656470
:10106000004E6F7A7A6C650046616E20537065653C
:101070006400436F6E66696775726174696F6E00B4
:10108000526573746F72652044656661756C747324
:10109000004C6F61642053657474696E677300530C
:1010A000746F72652053657474696E677300507253
:1010B000656865617420242053657474696E677374
:1010C00000416476616E6365642053657474696E73
:1010D0006773004D61696E204D656E75004739324A
:1010E000205830205930205A300A4D3131372055A0
:1010F0007365722053637269707420446F6E65006B
:10110000473238205A0A4D313137205573657220E5
:1011100053637269707420446F6E650047323820E3
:101120005820590A4D313137205573657220536369
:101130007269707420446F6E6500486F6D65205849
:10114000265900486F6D65205A2041786973005216
:101150006573657420416C6C20436F6F7264696EB7
:1011600061746573004D61696E204D656E75003F59
:10117000004261636B0053746F700053656C65636C
:10118000742066726F6D2053442043617264005274
:10119000656C656173652053442043617264004D42
:1011A00032320053776974636820506F776572201C
:1011B0004F6E004D38300053776974636820506F6C
:1011C000776572204F666600563120437573746FE1
:1011D0006D204D656E7500436F6E6669677572614F
:1011E00074696F6E0054656D7065726174757265B7
:1011F000004C6173657220436F6E74726F6C004DAA
:101200006F74696F6E00526573756D6520507269F9
:101210006E740054756E650053746F70205072695F
:101220006E74005061757365205072696E74004968
:101230006E666F2053637265656E003F0053746184
:101240007274205072696E740043616E63656C0045
:101250005072696E740043616E6E6F7420656E74B7
:101260006572207375626469723A200002202E2E26
:10127000004D61696E204D656E7500000C0F00FE1B
:1012800007022503BB017FFE08FE08FE05080806CD
:10129000000040F0C888889878100508080600000B
:1012A000C0F88888888888F8050505060001203080
:1012B000F830200508080600002070F820202020C3
:1012C000E00509090600FF2070A8A8B888887020EA
:1012D000070505070001D86C366CD805090906001A
:1012E000FFF8A88888888888A8F8050A0A0600FEFA
:1012F000205050505088A8A88870030303060003AC
:1013000040A040FFFFFFFFFFFFFFFFFFFFFFFFFFCA
:10131000FFFFFFFFFFFFFFFFFF0000000605FF01CB
:101320000707060200808080808000800303030698
:101330000105A0A0A005060606000050F85050F8D0
:10134000500509090600FF2070A8A07028A8702089
:10135000050707060000C8C8102040989805070731
:1013600006000040A0A040A8906801030306020503
:101370008080800309090601FF2040408080804072
:1013800040200309090601FF804040202020404002
:101390008005070706000020A8702070A82005051A
:1013A000050600012020F820200203030601FFC0EB
:1013B0004080050101060003F8020202060100C098
:1013C000C0050707060000081010204040800507F0
:1013D00007060000708898A8C888700307070601F0
:1013E0000040C040404040E005070706000070880C
:1013F00008102040F8050707060000F8081030081C
:10140000887005070706000010305090F81010058E
:101410000707060000F880F008088870050707062F
:101420000000304080F0888870050707060000F84B
:10143000081010202020050707060000708888701B
:101440008888700507070600007088887808106093
:10145000020505060100C0C000C0C0020606060164
:10146000FFC0C000C0408003050506010120408088
:101470004020050303060002F800F80305050601F5
:10148000018040204080050707060000708810207A
:101490002000200507070600007088B8A8B88070F3
:1014A000050707060000708888F888888805070700
:1014B000060000F04848704848F00507070600009D
:1014C00070888080808870050707060000F0484813
:1014D000484848F0050707060000F88080F0808043
:1014E000F8050707060000F88080F0808080050777
:1014F000070600007088808098887005070706003E
:1015000000888888F8888888030707060100E0407B
:1015100040404040E005070706000038101010105A
:1015200090600507070600008890A0C0A09088057D
:101530000707060000808080808080F80507070686
:10154000000088D8A88888888805070706000088D2
:1015500088C8A898888805070706000070888888CA
:10156000888870050707060000F08888F080808072
:1015700005070706000070888888A8906805070797
:10158000060000F08888F0A0908805070706000094
:1015900070888070088870050707060000F8202012
:1015A0002020202005070706000088888888888872
:1015B00070050707060000888888885050200507B6
:1015C0000706000088888888A8A850050707060035
:1015D0000088885020508888050707060000888802
:1015E0005020202020050707060000F808102040A2
:1015F00080F80309090601FFE080808080808080F8
:10160000E00507070600008040402010100803098D
:10161000090601FFE020202020202020E005030310
:101620000600052050880501010600FEF8030303AB
:101630000601058040200505050600007008788831
:10164000780507070600008080F0888888F0050587
:1016500005060000708080887005070706000008F6
:101660000878888888780505050600007088F0806D
:1016700070050707060000304840E040404005077D
:10168000070600FE7088888878087005070706003E
:10169000008080F0888888880307070601004000E2
:1016A000C0404040E00409090601FE10003010105F
:1016B0001010906005070706000080808890E09079
:1016C00088030707060100C04040404040E0050590
:1016D00005060000D0A8A8A8A8050505060000B0CA
:1016E000C888888805050506000070888888700508
:1016F00007070600FEF0888888F080800507070647
:1017000000FE78888888780808050505060000B07E
:10171000C880808005050506000078807008F00507
:1017200007070600002020F82020201805050506E0
:101730000000888888986805050506000088888864
:1017400050200505050600008888A8A85005050555
:1017500006000088502050880507070600FE88888C
:101760008850204080050505060000F8102040F84C
:101770000309090601FF204040408040404020010D
:1017800009090602FF8080808080808080800309B4
:10179000090601FF8040404020404040800503038F
:1017A00006000248A890FF41425300504C410010EF
:1017B00000AA00F03FAA002100486F74656E642003
:1017C000746F6F20636F6C64004261636B005072D2
:1017D0006F63656564004D6F76652045787472753A
:1017E000646572004D6F74696F6E00446973616265
:1017F0006C65205374657070657273004D383400E9
:101800004732385A004732385900486F6D652040DA
:101810000047323858004175746F20486F6D65007D
:10182000473238004D61696E204D656E750046691E
:1018300072652050756C7365005465737420507523
:101840006C7365206D73004F6666004F6E00546FB9
:1018500067676C65204C61736572004C61736572DB
:1018600020506F776572004D61696E204D656E7511
:1018700000507265686561742024204265640050E0
:10188000726568656174202420486F74656E640019
:1018900054656D706572617475726500AB17A7173A
:1018A000436F6F6C646F776E00507265686561742A
:1018B00020240046616E20537065656400426564B3
:1018C000004E6F7A7A6C65004D61696E204D656ED1
:1018D0007500466C6F770046616E205370656564D5
:1018E00000426564004E6F7A7A6C650053706565DE
:1018F00064004D61696E204D656E75006F70656E98
:1019000000545249474745524544003A20007A5F07
:101910006D696E00795F6D696E00785F6D696E004C
:101920005265706F7274696E6720656E6473746F50
:1019300070207374617475730A0000000000000069
:101940000000000000005761726E696E673A20481F
:101950006F6D696E672042756D702044697669739A
:101960006F72203C20310A000202040000A04000F7
:1019700000A0400000A040000000010000000100A5
:10198000008000555555000000400033333300AA55
:10199000AA2A004992240000002000C7711C009967
:1019A000991900D1451700555515003BB113002476
:1019B00049120011111100000010000F0F0F00E379
:1019C000380E0043790D00CCCC0C00C3300C00E87D
:1019D000A20B0064210B00AAAA0A00703D0A009D18
:1019E000D80900427B090092240900DCD308008852
:1019F0008808001042080000000800F0C1070087B6
:101A000087070075500700711C07003EEB0600A118
:101A1000BC06006990060066660600703E0600611E
:101A200018060017F4050074D105005BB00500B27C
:101A3000900500627205005555050078390500B81B
:101A40001E0500050505004EEC040087D40400A126
:101A5000BD040090A7040049920400C17D0400EE7B
:101A6000690400C7560400444404005C32040008C2
:101A700021040041100400000004003FF00300F8BE
:101A8000E0030026D20300C3C30300CCB503003A31
:101A9000A803000A9B0300388E0300C08103009F47
:101AA000750300D0690300505E03001D530300342A
:101AB000480300913D030033330300162903003827
:101AC0001F030097150300300C0300030303000BF2
:101AD000FA020049F10200BAE802005CE002002DBF
:101AE000D802002DD0020059C80200B0C002003157
:101AF000B90200DAB10200AAAA0200A0A30200BC47
:101B00009C0200FA9502005C8F0200DF88020082CE
:101B1000820200457C020027760200277002004303
:101B20006A02007C640200D05E02003F590200C8D5
:101B3000530200FFFDFCFAF8F6F4F2F0EEECEAE9ED
:101B4000E7E5E3E1E0DEDCDAD9D7D5D4D2D0CFCDFA
:101B5000CBCAC8C7C5C3C2C0BFBDBCBAB9B7B6B48B
:101B6000B3B2B0AFADACAAA9A8A6A5A4A2A1A09EED
:101B70009D9C9A99989795949392908F8E8D8B8A2D
:101B80008988878684838281807F7E7D7B7A79784D
:101B900077767574737271706F6E6D6C6B6A69684D
:101BA00067666564636261605F5E5D5C5B5A59583D
:101BB000585756555453525150504F4E4D4C4B4A16
:101BC0004A4948474646454443424241403F3E3EDB
:101BD0003D3C3B3B3A393838373635353433323291
:101BE0003130302F2E2E2D2C2B2B2A292928272738
:101BF00026252524232322212120201F1E1E1D1CD3
:101C00001C1B1B1A1919181817161615151413135F
:101C100012121111100F0F0E0E0D0D0C0C0B0A0AE3
:101C2000090908080707060605050404030302025C
:101C300001000053657474696E67732053746F728A
:101C4000656400290A002062797465733B20637221
:101C500063200053657474696E67732053746F72E8
:101C60006564202800204D61726C696E3D563930E4
:101C7000290A00454550524F4D2076657273696FB1
:101C80006E206D69736D61746368202845455052FC
:101C90004F4D3D00454550524F4D20646174617376
:101CA000697A65206572726F722E0A00202863615E
:101CB0006C63756C6174656429210A0020213D20E4
:101CC00000454550524F4D20435243206D69736D7E
:101CD00061746368202D202873746F7265642920F5
:101CE00000454550524F4D20436F72727570740A13
:101CF000002053697A653A2000496E6465783A207D
:101D0000002062797465733B206372632000207346
:101D1000746F7265642073657474696E6773207282
:101D20006574726965766564202800454550524F98
:101D30004D20496E697469616C697A65640A004472
:101D4000656661756C742053657474696E67732081
:101D5000526573746F7265640048617264636F6486
:101D600065642044656661756C742053657474699C
:101D70006E6773204C6F61646564000000DC420094
:101D800000DC4200008C420000C8410000C8420054
:101D900000C8420080C4430000C842900100009087
:101DA00001000096000000B400000020286D6D299D
:101DB0000020460020420020480020204D313435CC
:101DC0002053004D6174657269616C2068656174AF
:101DD000757020706172616D65746572730020208A
:101DE0004D3134392043203B20556E69747320698E
:101DF0006E2043656C736975730A0054656D706578
:101E000072617475726520556E6974730020204785
:101E10003231203B004C696E65617220556E6974E9
:101E2000730024F4D43050C38D20C3A24117828B99
:101E30007011127A900D826CDA0AA861E108C75815
:101E40006607615142061F4B5E05C145A6041B4152
:101E50001204093D9703723931034136DB026633C0
:101E60009202D4305302812E1D02642CEE01762A98
:101E7000C501B128A101102781018F2564012B2400
:101E80004A01E1223401AD2120018D200C01811F86
:101E9000FC00851EED00981DDF00B91CD200E71B79
:101EA000C700201BBB00651AB200B319A9000A19AC
:101EB000A0006A189800D217920040178A00B61640
:101EC000840032167E00B41579003B157400C714E7
:101ED0006F0058146A00EE13660088136200261320
:101EE0005E00C8125B006D12570016125500C1113A
:101EF000510070114E0022114C00D61049008D1077
:101F000046004710450002104200C00F4000800FFD
:101F10003E00420F3C00060F3A00CC0E3900930EF3
:101F200037005C0E3500270E3400F30D3200C10D72
:101F30003100900D2F00610D2F00320D2D00050D89
:101F40002C00D90C2A00AF0C2A00850C28005D0C4F
:101F50002800350C27000E0C2500E90B2500C40BCA
:101F60002400A00B23007D0B22005B0B21003A0B09
:101F70002100190B2000F90A1F00DA0A1F00BB0A12
:101F80001E009D0A1D00800A1C00640A1C00480AED
:101F90001C002C0A1B00110A1A00F7091A00DD099F
:101FA0001900C4091900AB091800930918007B092E
:101FB0001700640917004D0917003609160020099B
:101FC00015000B091500F6081500E1081500CC08EE
:101FD0001400B8081400A4081300910813007E0828
:101FE00013006B0812005908120047081200350848
:101FF0001200230811001208110001081000F10757
:102000001100E0071000D0071000C0070F00B10753
:102010001000A1070F0092070F0083070F0074073D
:102020000E0066070E0058070E004A070E003C0718
:102030000E002E070D0021070D0014070D000707E5
:102040000D00FA060D00ED060C00E1060D00D406A9
:102050000C00C8060C00BC060C00B0060B00A50660
:102060000C0099060B008E060B0083060B00780609
:102070000B006D060B0062060B0057060A004D06AA
:102080000A0043060B0038060A002E060A00240642
:1020900009001B060A0011060A0007060900FE05D2
:1020A0000A00F4050900EB050900E2050900D9055D
:1020B0000900D0050900C7050800BF050900B605DD
:1020C0000900AD050800A50508009D050800950557
:1020D00009008C050800840508007C0507007505CB
:1020E00008006D050800650507005E050800560537
:1020F00007004F05080047050700400507003905A0
:102100000700320507002B050700240507001D0501
:102110000700160507000F05060009050700020560
:102120000600FC040700F5040600EF040700E804BD
:102130000600E2040600DC040600D6040600D00413
:102140000700C9040500C4040600BE040600B80464
:102150000600B2040600AC040600A6040500A104B3
:1021600006009B04050096040600900405008B04FD
:10217000060085040500800405007B040500760444
:102180000600700405006B04050066040500610488
:1021900005005C04050057040500520405004D04C9
:1021A000050048040400440405003F0405003A0407
:1021B000040036040500310405002C040400280442
:1021C0000500230404001F0405001A04040016047B
:1021D0000400120405000D040400090404000504B1
:1021E000040001040500FC030400F8030400F403E8
:1021F0000400F0030400EC030400E8030400E4031B
:102200000400E0030400DC030400D8030400D4034A
:102210000300D1030400CD030400C9030400C50377
:1022200004000000000000000000000000000000AA
:1022300000000000000000000000D1036D6403579F
:102240000D0347C6023B8B023259022B2E02250991
:102250000221E8011CCC011AB201179B011487016D
:102260001374011163010F54010E46010D39010D64
:102270002C010B21010A17010A0D0109040108FCB8
:102280000008F40007ED0007E60007DF0006D900AC
:1022900006D30005CE0006C80005C30004BF000534
:1022A000BA0004B60004B20004AE0004AA0004A6FA
:1022B0000003A300049F00039C0003990003960001
:1022C000039300029100038E00028C000389000238
:1022D0008700038400028200028000027E00027CEC
:1022E00000027A0002780002760001750002730095
:1022F000027100017000026E00016D00026B0001AE
:102300006A00026800016700026500016400016361
:1023100000016200026000015F00015E00015D00DB
:10232000015C00015B00015A0001590001580001E5
:10233000570001560001550001540001530001529D
:1023400000015100005100015000014F00014E00FA
:10235000014D00004D00014C00014B00014A0000FE
:102360004A000149000148000048000147000146B9
:102370000000460001450000450001440001430003
:102380000043000142000042000141000041000101
:102390004000004000013F00003F00013E00003EC1
:1023A00000013D00003D00013C00003C00013B00FD
:1023B000003B00013A00003A0001390000390000FA
:1023C00039000138000038000137000037000037BD
:1023D00000013600003600003600013500003500EF
:1023E00001340000340000340001330000330000E9
:1023F00033000132000032000032000131000031B0
:1024000000003100003100013000003000003000D9
:10241000012F00002F00002F00002F00012E0000D0
:102420002E00002E00012D00002D00002D00002D9B
:1024300000012C00002C00002C00002C00012B00BF
:10244000002B00002B00002B00012A00002A0000B6
:102450002A00002A00002A00012900002900002982
:1024600000002900012800002800002800002800A2
:102470000028000127000027000027000027000097
:102480002700012600002600002600002600002666
:102490000000260001250000250000250000250081
:1024A0000025000025000124000024000024000075
:1024B0002400002400002400012300002300002346
:1024C000000023000023000023000122000022005E
:1024D0000022000022000022000022000022000151
:1024E0002100002100002100002100002100002126
:1024F000000021000120000020000020000020003A
:10250000002000002000002000002000011F00002B
:102510001F00001F00001F00001F00001F00001F01
:10252000000020436F756E7420583A0042656400C5
:10253000453100626564002C2073797374656D20E9
:1025400073746F7070656421204865617465725F93
:1025500049443A20004572723A204D415854454D45
:1025600050004D415854454D50207472696767655D
:102570007265640048656174696E67204661696CC4
:1025800065640048656174696E67206661696C65A1
:1025900064002001400130013B014001360160012F
:1025A000310170012C0190012701B0012201C0010D
:1025B0001D01F00118011002130130020E0160022A
:1025C000090190020401C002FF000003FA00400369
:1025D000F5008003F000D003EB002004E600700457
:1025E000E100E004DC004005D700C005D200400651
:1025F000CD00D006C8008007C3003008BE00F00838
:10260000B900C009B400B00AAF00B00BAA00D00CEA
:10261000A500000EA000500F9B00C01096005012A5
:10262000910000148C00C0158700B0178200B0190B
:102630007D00D01B7800001E730040206E009022A9
:102640006900F024640040275F0090295A00E02BC5
:102650005500102E500020304B0010324600E03361
:10266000410090353C001037370070383200A039F7
:102670002D00B03A2800A03B2300603C1E00103D16
:102680001900903D1400103E0F00703E0A00C03E3D
:102690000500003F0000403FFBFF803FF6FFC03FCA
:1026A000F1FF4572723A204D494E54454D50004D50
:1026B000494E54454D502074726967676572656470
:1026C00000544845524D414C2052554E41574159B6
:1026D00000546865726D616C2052756E6177617926
:1026E00000202F002042403A0020403A007C3C3E2F
:1026F0005E2B3D3F2F5B5D3B3A2C2A225C007C3CED
:102700003E5E2B3D3F2F5B5D3B3A2C2A225C004313
:10271000616E6E6F74206F70656E20737562646990
:102720007220005761726E696E673A00534420430D
:1027300061726420496E6974204661696C0053447B
:102740002063617264206F6B0A006F70656E526F58
:102750006F74206661696C65640A00766F6C756DD4
:10276000652E696E6974206661696C65640A004E45
:102770006F20534420636172640A000A4D323400B2
:102780004D3233202573002E0A006F70656E20666F
:1027900061696C65642C2046696C653A2000466965
:1027A0006C652073656C65637465640A0020536909
:1027B0007A653A200046696C65206F70656E6564C5
:1027C0003A2000454E4420535542524F5554494EED
:1027D000450A002220706F73002220706172656EBE
:1027E000743A2200535542524F5554494E452043A6
:1027F000414C4C207461726765743A2200537562D3
:1028000063616C6C204F766572666C6F77004578FB
:10281000636565646564206D617820535542524F4D
:102820005554494E452064657074683A0057726982
:1028300074696E6720746F2066696C653A20006663
:102840007265736800646F696E67002066696C6505
:102850003A20004E6F7720002F6175746F25632E2C
:1028600067000001FFFFFFFFFFFFFFFFFFC183FFC6
:10287000C0000007FFFFFFFFFFFFFFFFFF87E1FF33
:10288000E000000FFFFFFFFFFFFFFFFFFF0FF07FE4
:10289000F000000E0000000000000000001FFC3FE0
:1028A000F000001C0000000000000000003FFE00DF
:1028B0003800001C0000000000000000007FFF80C6
:1028C0003800001C000000000000000001FF1FC0D5
:1028D0003800001C3C0000780F80000003FE0FC091
:1028E0003800001C3C0000783F8000000FFC07C04F
:1028F0003800001C3C0000F8FF8000001FFC0FC0E7
:102900003800001C3E0000F8FF8000007FF80F80B8
:102910003800001C1E0000F0F7800001FFF81F8047
:102920003800001C1F0001F007800007FFF01F8027
:102930003800001C1F0001E00780001FFFF03F80EF
:102940003800001C0F0003E00780007FFFE07F805D
:102950003800001C0F8003E0078003FFFFC07F806A
:102960003800001C078003C007801FFFFE00FF80A7
:102970003800001C078007C007803FFFF800FF8079
:102980003800001C07C0078007807FFFE001FF00C0
:102990003800001C03C0078007807FFFE001FF00B4
:1029A0003800001C03E00F8007807FFFC000FF009D
:1029B0003800001C01E00F00078078000000FF00D5
:1029C0003800001C01E01F00078078000000FF00B5
:1029D0003800001C01F01E00078078000000FF0096
:1029E0003800001C00F01E00078078000000FF0087
:1029F0003800001C00F83E00078078000000FF004F
:102A00003800001C00F83C0007807FFFC000FF007A
:102A10003800001C00787C0007807FFFE001FF0089
:102A20003800001C007C7C0007807FFFE001FF0075
:102A30003800001C003C780007807FFFF001FF0099
:102A40003800001C003EF80007803FFFFC00FF80BC
:102A50003800001C003EF000078007FFFFC07F80A9
:102A60003800001C001FF000078000FFFFE07F809F
:102A70003800001C001FF0000780001FFFE03F80AF
:102A80003800001C000FE00007800007FFF03F80C7
:102A90003800001C000FE00007800001FFF81F80D5
:102AA0003800001C000FC000078000007FF80F8076
:102AB0003800001C0007C000078000003FFC0FC06A
:102AC0003800001C0007C000078000000FFC07C092
:102AD0003800001C000380000780000007FE07C0CC
:102AE0003800001C000380000300000001FE0FC03E
:102AF0003800001C000000000000000000FF3F80C4
:102B00003800001C0000000000000000007FFF00F3
:102B10003800000E0000000000000000001FFC0054
:102B20007800000FFFFFFFFFFFFFFFFFFF0FF03FE9
:102B3000F8000007FFFFFFFFFFFFFFFFFF87E0FF39
:102B4000F0000003FFFFFFFFFFFFFFFFFFC383FF56
:102B5000E000000000000000000000000000000095
:102B60000000000000000000000000000000000065
:102B70000000000000000000000000000000000055
:102B80000000000000000000000000000000000045
:102B90000000000FF40307C28067F9FF3E0A0183BB
:102BA000E000001FF6031FE6C06FFBFF7F1B018FD5
:102BB000F000001807033876E06C0300631B819C6B
:102BC0001800001807833006F06C0300619BC19861
:102BD0000000001807C36006F86C0300619BE1B0B9
:102BE0000000001806E36006DC6C0300639B71B014
:102BF0000000001FE67361E6CE6FF3FC7F1B39B067
:102C0000F0000018063B61F6C76C03007E1B1DB088
:102C1000F8000018061F6036C3EC0300671B0FB0F6
:102C200018000018060F3036C1EC0300639B0798AC
:102C30001800001806071876C0EC0300619B038C8F
:102C40003800001FF6030FE6C06FFBFE60DB018754
:102C5000F000000FF60107C6C027F9FE60DB008315
:102C6000E0006D61726C696E66772E6F726700307E
:102C70006133386262305320437573746F6D001F87
:102C8000FFFFFFFFFFFF600000000001FF400000AA
:102C9000000000FF8000000000007F83CF00000CD8
:102CA000303F87FF80000C301F867980000C000FBA
:102CB0008C30C7838C30E78C30CFC7CC31F38C306D
:102CC000DCECEC33B98C30D86C6C33198C30D06CB4
:102CD0000C33198C30D86C0C33198C30DC6C0E3BF7
:102CE000198C30CF7C079F198C30C77C038F19401B
:102CF000000000000002600000000000061FFFFF4F
:102D0000FFFFFFF82020506C616E6E6572427566A1
:102D100066657242797465733A2000204672656573
:102D2000204D656D6F72793A200020436F6D706998
:102D30006C65643A204D6172203237203230323671
:102D40000A00204C61737420557064617465643AA4
:102D500020323032362D30332D3139207C204175F0
:102D600074686F723A2028563120456E67696E6527
:102D70006572696E672C205279616E2C2030613348
:102D80003862623053290A004D61726C696E2030DE
:102D90006133386262305320437573746F6D0A007B
:102DA00020536F6674776172652052657365740A8B
:102DB00000205761746368646F672052657365749F
:102DC0000A002042726F776E206F7574205265730F
:102DD00065740A002045787465726E616C205265D6
:102DE0007365740A00506F77657255700A007374CA
:102DF0006172740A004D31303031006F6B006572C2
:102E0000726F722077726974696E6720746F2066C2
:102E1000696C650A00446F6E6520736176696E6740
:102E20002066696C652E0A00456E6473746F70735A
:102E3000002553202563202563202563202563007A
:102E4000205A3A0020593A0020583A00656E6473BF
:102E5000746F7073206869743A20000000210024A8
:102E60000027002A002D003000330001010000047B
:102E70000107010A0100002200250028002B002E76
:102E8000003100340002010000050108010B0100BF
:102E90000020002300260029002C002F0032000013
:102EA00001000003010601090105050505070508E4
:102EB000080808020202020A0A08080404040401BD
:102EC00001010101010101030303030303030304DF
:102ED0000707070C0C0C0C0C0C0C0C02020202066F
:102EE000060606060606060B0B0B0B0B0B0B0B015F
:102EF000021020200808102040102040800201020B
:102F000001080402010102040810204080804020D2
:102F1000100804020180040201804020100804020D
:102F2000010804020101020408102040800102048B
:102F3000081020408000000A0B02090C0D0E080743
:102F40000304010000000000000000000000000079
:102F50000000000000000000000000000000000071
:102F6000001211100000000000000000000000002E
:102F70000000000000000000000000302E3032355C
:102F800000302E3100312E30004D6F766520246DDB
:102F90006D003130000000FA430000FA43000048A1
:102FA000434D6F76652041786973004D6F766520DB
:102FB0002A004D6F76652040002000200020002070
:102FC000002000486F6D696E67204661696C65641A
:102FD00000FFFFFF220A00556E6B6E6F776E206355
:102FE0006F6D6D616E643A202200627573793A20CC
:102FF00070617573656420666F7220696E70757498
:103000000A00627573793A20706175736564206691
:103010006F7220757365720A00627573793A207059
:10302000726F63657373696E670A0053442043616E
:1030300072642052656D6F7665640053442043616D
:10304000726420496E736572746564004D3131326B
:103050002053687574646F776E0053544F50504519
:10306000442E20005072696E7465722073746F7004
:103070007065642064756520746F206572726F726C
:10308000732E2046697820746865206572726F72AD
:1030900020616E6420757365204D39393920746F55
:1030A00020726573746172742E202854656D70658A
:1030B0007261747572652069732072657365742E10
:1030C000205365742069742061667465722072658E
:1030D0007374617274696E67290A004E6F204368C9
:1030E00065636B73756D2077697468206C696E65B4
:1030F000206E756D6265722C204C617374204C6972
:103100006E653A20004D3239004E6F20436865638A
:103110006B73756D2077697468206C696E65206EBD
:10312000756D6265722C204C617374204C696E65FC
:103130003A2000636865636B73756D206D69736D0C
:10314000617463682C204C617374204C696E653A1D
:1031500020004C696E65204E756D62657220697342
:10316000206E6F74204C617374204C696E65204E24
:10317000756D6265722B312C204C617374204C6923
:103180006E653A20004D3131300053657269616CD3
:1031900020737461747573206D69736D61746368F5
:1031A0000A0053442072656164206572726F720A6E
:1031B000004B494C4C20627574746F6E2F70696EB1
:1031C000002121204B494C4C2063617573656420BC
:1031D00062792000746F6F206D75636820696E617D
:1031E00063746976652074696D65202D206375723E
:1031F00072656E7420636F6D6D616E643A2000219C
:1032000021204B494C4C20636175736564206279C1
:103210002000DB0FC93F45BCDA3F8FB30240FCF012
:10322000274056946140FE4B9B4084A5D840E02344
:103230001841346A5641E859974164DBD5416E27FD
:103240001742B4B75542CE1A9742C8AED542B58898
:103250005A43D40684BFA65FA7BF7443E0BF10B132
:103260001AC01C2C58C0E8F697C0B849D6C04E4EBC
:1032700017C124D355C1802497C1A0B5D5C1121A56
:1032800017C244AE55C2781797C26CACD5C26788D6
:103290005AC320746F6F206C6F6E672065787472EC
:1032A0007573696F6E2070726576656E7465640AF9
:1032B0000020636F6C6420657874727573696F6E3B
:1032C0002070726576656E7465640A006F6B0A0023
:1032D000526573656E643A200020453A00205A3AE0
:1032E0000020593A00583A00204500205A00205941
:1032F0000020204D393220580053746570732070BF
:10330000657220756E6974004572726F72207772F3
:103310006974696E6720746F20454550524F4D2186
:103320000A005631434E43203061333862623053D5
:103330002052656164792E005072696E74696E67FF
:103340002E2E2E005072696E742050617573656464
:1033500000002AF1B7F911241FBECFEFD1E2DEBF82
:10336000CDBF00E00CBF84B78093C01614BE0FB66B
:10337000F894A89580916000886180936000109215
:1033800060000FBE13E0A0E0B2E0ECEBF5E102E07C
:103390000BBF02C007900D92AE33B107D9F726E1FB
:1033A000AEE3B3E001C01D92A03CB207E1F719E122
:1033B000CAEAD9E100E006C021970109802FFE0189
:1033C0000F94FE05C93AD10780E00807A9F70E94CB
:1033D00036F20D94CD0A0C9400008091B50C882330
:1033E000F1F02FEF3FEF30932B0220932A02815010
:1033F0008093B50CEBE2FEE0882351F08150990BED
:103400002BE1289FF001299FF00D1124EE5FF24F70
:103410008BE1A0E1BEE001900D928A95E1F7209149
:10342000B50C211105C08091C00C80648093C00C44
:1034300081E090E0A0E0B0E0211103C080E090E0E6
:10344000DC018093B7069093B806A093B906B093B9
:10345000BA061092B00681E08093C70683E080939D
:1034600031020895CF93DF93EC01642F70E090E078
:1034700080E00E9449FF29EC38EC48EC5EE30F94B1
:10348000010720E030E040E05FE30F9425060F9451
:103490006E076883DF91CF910895E091E00686E0A2
:1034A000E802F0011124ED52F94F8091A00690E05E
:1034B000958384830895CF93DF93EC01CB01BA0108
:1034C0000E9449FF20E030E048EC52E40F940107ED
:1034D0002FE632E143E85AE30F94250668837983A7
:1034E0008A839B83DF91CF910895CF93DF93EC0183
:1034F000CB01BA010E9449FF20E030E048EC52E4E1
:103500000F9401072FE632E143E85AE30F942506B2
:10351000688379838A839B83DF91CF910895CF93CA
:10352000DF93EC01CB01BA010E9447FF2AE037ED9F
:1035300043E25DE30F9401070F946E07688379837C
:103540008A839B83DF91CF910895CF93DF93EC0122
:10355000CB01BA010E9449FF2AE037ED43E25DE367
:103560000F940107688379838A839B83DF91CF91CE
:103570000895CF93DF93EC01CB01BA010E9449FF7C
:10358000688379838A839B83DF91CF910895FC01BF
:10359000518340830895CF93DF93EC01CB01BA01AF
:1035A0000E9449FF20E030E04AE754E40F9401070D
:1035B00027E137EB41ED58E30F94250668837983C3
:1035C0008A839B83DF91CF9108958091F306909138
:1035D000F4062091F1063091F2068217930724F445
:1035E0009093F2068093F10608958091F1069091F0
:1035F000F2062091F3063091F4062817390724F4D7
:103600009093F4068093F3060895FC01A081B181A4
:103610001C92A281B3818C918F5F8C930280F38185
:10362000E02D90818CE0989F800D1124E6E0F6E17A
:1036300013AE84AF0895119800C09091020187FDE8
:10364000909591709093000100C000C0119A00C045
:1036500000C0119800C09091020186FD9095917074
:103660009093000100C000C0119A00C000C01198E2
:1036700000C09091020185FD90959170909300019A
:1036800000C000C0119A00C000C0119800C0909105
:10369000020184FD909591709093000100C000C0DC
:1036A000119A00C000C0119800C09091020183FDE2
:1036B000909591709093000100C000C0119A00C0D5
:1036C00000C0119800C09091020182FD9095917008
:1036D0009093000100C000C0119A00C000C0119872
:1036E00000C09091020181FD90959170909300012E
:1036F00000C000C0119A00C000C0119800C08091A5
:10370000020181708093000100C000C0119A00C0C6
:1037100000C0089590E080E00895CF93DF93C091BA
:10372000D006D091D10681E0CE31D105E4F020E081
:1037300030E040E05FE36091CC067091CD0680916F
:10374000CE069091CF060F9425060F9469076C1B47
:103750007D0B77FF03C071956195710981E063303E
:1037600071050CF080E0DF91CF91089590E080E04A
:10377000089520914416833021F425FD0CC024FDCA
:103780000CC030E0A90102C0559547958A95E2F733
:10379000CA018170089581E0089580E008958091C4
:1037A000780484FD0BC080917A0487FD07C0909156
:1037B0007B04937081E019F480E0089581E008951E
:1037C0002FEB280F2A3108F047C0E22FF0E080915C
:1037D000780490917904A0917A04B0917B0404C09C
:1037E000B695A795979587952A95D2F780FD02C043
:1037F00081700895E95AFB4FE081EE2341F18091F9
:10380000690790916A07E80FF92FF11D808190ED0B
:10381000980F9A3030F08E3251F4818180538A3083
:1038200098F4F0935504E093540481E008958D32A8
:1038300011F08B3249F4818190ED980F9A3088F322
:103840008E3211F48281EACFF0E0E0E0EACF10920C
:10385000550410925404E9CF80E00895B1DF882325
:1038600041F081E02091540430915504232B09F458
:1038700080E008958F929F92AF92BF92CF92DF9295
:10388000EF92FF92CF936B017C0120E030E0A90121
:103890000E9443FF87FD6AC06DEB77E386E095E306
:1038A000A70196010F94250643E050E00E9477B0EF
:1038B0006B017C01C114D104E104F10409F45BC083
:1038C000F7FE59C0F094E094D094C094C11CD11C70
:1038D000E11CF11C8DE28093A606C701B60128EE1B
:1038E00033E040E050E00F948F058AE0882E912C61
:1038F000A12CB12CCA01B901A50194010F948F0527
:10390000605D6093A7068EE28093A806C701B601AA
:1039100024E630E040E050E00F948F05CA01B90181
:10392000A50194010F948F05605D6093A906C701FE
:10393000B601A50194010F948F05C62FCA01B901E4
:10394000A50194010F948F05605D6093AA06C05D88
:10395000C093AB0686EA96E0CF91FF90EF90DF90A0
:10396000CF90BF90AF909F908F9008956DEB77E3CD
:1039700086E095EB95CF80E2AECF0E9449FF20E034
:1039800030E04AE754E40F94010727E137EB41EDBB
:1039900058E30F9425066ECFEF92FF920F931F937B
:1039A0008091930C06E81CE0882311F003E91CE0E9
:1039B0008BE3E82E82E1F82E2DE332E14EEE53E266
:1039C00069E472E180E592E10E94FED31F910F91BC
:1039D000FF90EF900895EF92FF920F931F938FE661
:1039E000E82E81E1F82E10E000E028E132E14CE120
:1039F00056E461E771E186E791E10E94FED31F91F1
:103A00000F91FF90EF900895EF92FF920F931F9305
:103A100080EDE82E8FE0F82E10E000E023EE3FE08E
:103A20004CEF53E262ED7FE089ED9FE00E94FED310
:103A30001F910F91FF90EF90089563E972E084E683
:103A400090E00E9448B370E060E08AE090E00E945D
:103A500048B36AEB72E084E690E00C9448B38111BD
:103A6000ECCF68E270E080E991E00C9448B38CE11F
:103A700091E19093590680935806DFCF80E091E161
:103A80009093590680935806D8CF8DED90E190938E
:103A9000590680935806D1CF70E090E080E00E94F4
:103AA00049FF29EC38EC48EC5EE30F94010720E075
:103AB00030E040E05FE30F9425060F946E07862FF9
:103AC0000C94B6AECB010C9457AE80913102882392
:103AD00041F06091A0067091A10641E081E00C9454
:103AE00046CB08950E949B97BACF0E9407C2B7CFDA
:103AF0000E9408ACA2CFCF92DF92EF92FF926B01AF
:103B00007C0120E030E0A9010E9443FF87FD0EC048
:103B10006DEB77E386E095E3A70196010F94250608
:103B2000FF90EF90DF90CF900C94C5B06DEB77E3F2
:103B300086E095EBF1CF0E9449FF2AE037ED43E2A2
:103B40005DE30F940107D7CF0E9449FFD4CF0E94B5
:103B500047FF2AE037ED43E25DE30F9401070F943E
:103B60006E070E9447FF0C94C5B0CF92DF92EF9290
:103B7000FF920E9449FF20E030E048EC52E40F94AD
:103B800001072FE632E143E85AE30F9425066B0163
:103B90007C0120E030E0A9010E9443FF2DEB37E3D8
:103BA00046E055E387FF04C02DEB37E346E055EBD5
:103BB000C701B6010F942506FF90EF90DF90CF90DC
:103BC0000C949FCDCF92DF92EF92FF920E9449FF1B
:103BD00020E030E048EC52E40F9401072FE632E198
:103BE00043E85AE30F9425066B017C0120E030E0A6
:103BF000A9010E9443FF2DEB37E346E055E387FF21
:103C000004C02DEB37E346E055EBC701B6010F9436
:103C10002506FF90EF90DF90CF900C94F2B10C94BA
:103C2000839A0C94839A0C94359A0C94359A0C943C
:103C3000359A0C94359A0F931F930E947FD100916F
:103C40008104109182042091830430918404061B26
:103C5000170B280B390B10161106120613068CF0E1
:103C6000209180042095209380046A547C4F8F4FCC
:103C70009F4F609381047093820480938304909398
:103C8000840481E090918004911101C080E01F9133
:103C90000F910895CF93DF93C091D006D091D106B4
:103CA000209729F16091CC067091CD068091CE06C7
:103CB0009091CF060F9469076E5F7F4F24976C1722
:103CC0007D07ACF470939D0560939C050E947FD1A5
:103CD000605A75418F4F9F4F60939E0570939F056B
:103CE0008093A0059093A105DF91CF910895109244
:103CF0009E0510929F051092A0051092A105F4CF89
:103D0000EF92FF920F931F93CF93DF93EC018B0100
:103D10007A018A859B858617970731F0888199817A
:103D20000E94F6D41B870A87B701888199810E9477
:103D300062CC2E813F81820F932F911D9F838E83B2
:103D400090E080E0DF91CF911F910F91FF90EF9075
:103D500008959F92AF92BF92CF92DF92EF92FF921F
:103D60000F931F93CF93DF93EC018B01942EA52E1D
:103D70008A859B858617970731F0888199810E94F3
:103D8000F6D41B870A8788859985019649F5BC80FA
:103D90000A818E81080FC880D980D6015596ED9191
:103DA000FC91C6011995B80EE92CFA2C10E0F70128
:103DB00021917F01211127C08E819F81810F911D4B
:103DC0009F838E8390E080E0DF91CF911F910F91D0
:103DD000FF90EF90DF90CF90BF90AF909F900895AD
:103DE0000E811F81692D7A2D888199810E9462CC74
:103DF000800F912F911D288539852817390738F6AE
:103E000081E090E0E1CF4B2D602FC6010E944ED59E
:103E1000080F180FCCCFDF92EF92FF920F931F93F2
:103E2000CF93DF93EC01D62E1CAD0BAD7C0184E06B
:103E3000E80EF11CE98DFA8DC7011995412F480F45
:103E40002D2D602FC7010E944ED59BAD890F8BAFE2
:103E500081E090E0DF91CF911F910F91FF90EF9063
:103E6000DF900895BF92CF92DF92EF92FF920F936F
:103E70001F93CF93DF936B01E9014A3009F4DFC050
:103E8000453109F08AC0DB011296ED91FC91128157
:103E9000C681D78180910201809582708093000154
:103EA00000C0000086E290E00197F0F7012F029534
:103EB000007F20E1B22EB10E88EFBDDB00C0000014
:103EC00086E290E00197F0F7103208F0A5C0812F4C
:103ED00080778068B0DB802FAEDB00C0000086E218
:103EE00090E00197F0F780E8A6DB80E0A4DB00C05B
:103EF000000086E290E00197F0F78AEF9CDB00C0BB
:103F0000000086E290E00197F0F77E01B0E1EB0E51
:103F1000F11C8881807F8FDB89918295807F8BDB8C
:103F2000CE15DF05B1F700C0000086E290E00197F2
:103F3000F0F71F5F005F1B11BFCF809102018270FD
:103F400080930001D6011296ED91FC9180819281BF
:103F5000980F92832181921708F00DC294819F5F80
:103F600094839381890F821710F08FEF820F8383E0
:103F7000458150E0440F551F70E060E086819781D5
:103F80000F94400A81E0DF91CF911F910F91FF9034
:103F9000EF90DF90CF90BF900895FB0102811381D5
:103FA000423309F4EAC108F4F2C1463409F4DFC12E
:103FB000473409F4E7C14B3329F789812B81D801B4
:103FC00012966C91129713964C91213009F424C2E9
:103FD000233009F005C238EF380F582F91E043170E
:103FE00008F490E041E0531708F040E031E0561744
:103FF00008F430E0592F542B352319F4942309F495
:10400000C1CFFA8030E0F901EE58FD4FD08022593F
:104010003D4FF901E080FDC180EE810F8068807F17
:104020000ADB812F8295807F06DB00C0000086E2DC
:1040300090E00197F0F780E8FEDA80E857CF8091B2
:10404000010182608093010180910201827080935E
:104050000001809101018160809301018091020142
:10406000817080930001099A119A809102018095D4
:1040700082708093000100C0000086E290E001970A
:10408000F0F788E790E0CEE9DFE0FE013197F1F745
:104090000197D9F788EFCFDA00C0000086E290E000
:1040A0000197F0F780E2C7DA80E0C5DA00C00000CF
:1040B00086E290E00197F0F780E0BDDA80E8BBDAB5
:1040C00000C0000086E290E00197F0F780E0B3DAEC
:1040D00080E1B1DA00C0000086E290E00197F0F7DD
:1040E000CE010197F1F7CE010197F1F7CE010197CB
:1040F000F1F7CE010197F1F7CE010197F1F7CE016B
:104100000197F1F7CE010197F1F7CE010197F1F791
:10411000CE010197F1F7CE010197F1F7CE0101979A
:10412000F1F7CE010197F1F7CE010197F1F7CE013A
:104130000197F1F72197F1F780E27DDA80E47BDAED
:1041400000C0000086E290E00197F0F780E273DAA9
:1041500080E671DA00C0000086E290E00197F0F797
:10416000D0E0C0E08C2F8077806865DA8D2F63DA2D
:1041700000C0000086E290E00197F0F780E85BDA8B
:1041800080E059DA00C0000086E290E00197F0F785
:104190008AEF51DA00C0000086E290E00197F0F764
:1041A00090E2119800C0809102018170809300011B
:1041B00000C000C0119A00C000C0119800C08091DA
:1041C000020181708093000100C000C0119A00C0FC
:1041D00000C0119800C0809102018170809300019D
:1041E00000C000C0119A00C000C0119800C08091AA
:1041F000020181708093000100C000C0119A00C0CC
:1042000000C0119800C0809102018170809300016C
:1042100000C000C0119A00C000C0119800C0809179
:10422000020181708093000100C000C0119A00C09B
:1042300000C0119800C0809102018170809300013C
:1042400000C000C0119A00C000C0119800C0809149
:10425000020181708093000100C000C0119A00C06B
:1042600000C0119800C0809102018170809300010C
:1042700000C000C0119A00C000C0119800C0809119
:10428000020181708093000100C000C0119A00C03B
:1042900000C0119800C080910201817080930001DC
:1042A00000C000C0119A00C000C0119800C08091E9
:1042B000020181708093000100C000C0119A00C00B
:1042C00000C0119800C080910201817080930001AC
:1042D00000C000C0119A00C000C0119800C08091B9
:1042E000020181708093000100C000C0119A00C0DB
:1042F00000C0119800C0809102018170809300017C
:1043000000C000C0119A00C000C0119800C0809188
:10431000020181708093000100C000C0119A00C0AA
:1043200000C000C00000E6E2F0E03197F0F79150E5
:1043300009F037CF88EF7FD900C0000086E290E017
:104340000197F0F7CF5FD05FC03209F00BCF80E06C
:1043500072D980EC70D900C0000086E290E001972D
:10436000F0F7809102018270809300010BCEF8017A
:104370008581888307CE80E006CEB901C8010E94FE
:10438000FCD100CED80111968C918883FBCD4431AD
:1043900091F0473109F0F6CD1882D80112968C9130
:1043A0001297898315968C91159781508A8313965D
:1043B0008C918B83E7CDD80115964C91159750E0E1
:1043C000440F551F70E060E016968D919C910F94FC
:1043D000400AF80112828081815083831482D2CDF9
:1043E000481708F4CFCD861708F4CCCDFA80E12C1D
:1043F000D12C243070F406CEBE01C8010E94FCD13D
:10440000898198819D0D98838E0D8983FF0C09F415
:10441000B9CDF7FEF6CFF0CF58E0580F382FDECDEC
:10442000CF93DF93809188048823B1F10E948BAEF3
:10443000EC0144E050E060E270E088EF95E10F9419
:10444000400A1092FC1588EF95E1FC0101900020D4
:10445000E9F7CF01895F95418D30910548F44EE031
:1044600050E0481B590BBE0188509A4E0E948CFEAA
:1044700088EF95E1FC0101900020E9F7CF01895F09
:1044800095418D30910540F4FC01E850FA4E25E24B
:1044900020830C9709F01182DF91CF91089570E08D
:1044A00060E088E00E94FCCFA598089580915404B4
:1044B00090915504009731F04AE050E070E060E0E0
:1044C0000C9416FD60E070E0CB01089580915404D7
:1044D00090915504009731F04AE050E070E060E0C0
:1044E0000C94E9FB60E070E0CB010895EFDFCB01B5
:1044F0000895CF93DF93EB01B1D9882319F0DF91B1
:10450000CF91F4CFCE01DF91CF910895DFDF97FDFA
:104510000AC0DCDF6F3F71058105910509F02CF4BD
:10452000D5DF862F089580E008958FEF0895CF930B
:10453000DF93D82FC62F92D9882389F08091540415
:1045400090915504892B29F4C1E08C2FDF91CF91F4
:104550000895DCDFC1E08111F8CFC0E0F6CF8D2FE8
:104560002FD9882391F3F0CF0F931F93CF9380918E
:10457000540490915504009709F1FC018F01C191F9
:104580002C2F2F7DA1F0C53431F0C53621F0C83570
:1045900011F0C83799F7F801108270E060E00E94CE
:1045A00093FAF801C083CF911F910F91089570E0A5
:1045B00060E0CF911F910F910C9493FA60E070E04E
:1045C000CB01F1CFCF92DF92EF92FF9283E546D9F4
:1045D0008823D1F0C9DF6B017C0120E030E0A90124
:1045E0000E9443FF87FD36C020E030E048EC52E4F3
:1045F000C701B6010F944C0864E61816F4F0C70121
:10460000B6010F946E0719C08FE428D9882321F1D1
:10461000ABDF6B017C0120E030E0A9010E9443FF89
:1046200087FD18C020E030E04FE753E4C701B60132
:104630000F944C086FEF181614F76093F70460930B
:10464000F9048091F7048093A907FF90EF90DF9021
:10465000CF90089560E0F1CF8091AA078111F1CF4A
:1046600086E28093F7048093F904EBCFCF93DF9336
:10467000CDB7DEB720E2488559856F818E810E94D3
:10468000EACBDF91CF910895EF92FF920F931F93A2
:10469000CF93DF93E091F615F091F715E817F9073E
:1046A000B1F1F22EE42E8B01EC0110921F05EF58B0
:1046B000F04441F486E4C034D80721F41092830C0E
:1046C0000E9407C5D093F715C093F61530E020E09F
:1046D0000093B7061093B8062093B9063093BA0634
:1046E000E092B006F092B106CF58D04421F4109277
:1046F000AF061092F30482E08093310281E0809350
:10470000C7061092F4041092FA041092AD06DF91DD
:10471000CF911F910F91FF90EF900895CF93C1E03B
:10472000C093AF0660931A0270931B0280931C0221
:1047300090931D0220E040E070E060E080919E06D2
:1047400090919F06A1DFC0931F05CF91089580919E
:10475000C00C84FF0E94358820E040E070E060E0FB
:1047600088E493E691CF81E08093AF0620E040E0BB
:1047700070E060E08EE893EB87CFE091F304E630E1
:1047800028F581E08E0F8093F3044091B706509195
:10479000B8066091B9067091BA062091B006909162
:1047A000B1068091AF0639E0E39FF0011124E35494
:1047B000FB4FA091F615B091F715B183A08342830A
:1047C000538364837583268397838087089520E0CD
:1047D00040E070E060E08FE890E456CF86E89CE02F
:1047E0000E94A882F4DF0C9407C588E09FE09093B4
:1047F000590680935806EBCFCF930E9408AC0E94D5
:104800009B97C82F882319F080E00E94FF968C2F79
:1048100026D9CF91DCCF8EED9FE0909359068093FF
:104820005806D5CFCF93DF93C091F304CC23B1F0DA
:10483000C150C093F30489E0C89FE0011124C35420
:10484000DB4F6A817B812F814E81888199811CDFBA
:1048500088858093AF06DF91CF910895DF91CF9146
:10486000B6CF2F923F924F925F926F927F928F922C
:104870009F92AF92BF92CF92DF92EF92FF920F93EF
:104880001F93CF93DF930E944BCD7090B00685E0CD
:10489000382E370C9CE1C92E91E1D92ECAE3D1E123
:1048A00083E0682E671820E0A22E21E1B22E03E4F7
:1048B00011E182E0582E57183DED832E30E1932E02
:1048C0004FE4E42E41E1F42E81E0482E4718272CD6
:1048D0002194711038C08091B2068823B1F0809184
:1048E0003102882359F081E09091B206911180E065
:1048F00024E045E651E1622D0E94EACB7394371023
:10490000E8CF84E08093B1060BC08091AE06109290
:10491000AE06882321F386DF8091C7068823F9F24B
:10492000DF91CF911F910F91FF90EF90DF90CF908B
:10493000BF90AF909F908F907F906F905F904F90BF
:104940003F902F90089581E0781223C08091B206A5
:10495000813079F080913102882381F21F92FF9299
:10496000EF924F9281E09091B206913039F180E060
:1049700025C08091AE061092AE06882359F390921E
:1049800059068092580659D88091C706882311F39A
:10499000C7CF82E078123AC08091B2068230B1F07F
:1049A00080913102882309F4A9CF1F921F930F939E
:1049B0005F9281E09091B2069230C9F68F9356DEF5
:1049C0000F900F900F900F900F9098CF8091AE06A0
:1049D0001092AE06882321F3B0925906A092580691
:1049E0002CD88091C7068823D9F29ACF8091AE0641
:1049F0001092AE06882389F0D0925906C0925806CC
:104A00001CD88091C706882341F08ACF83E07812B2
:104A100075CF8091B206833049F3809131028823AB
:104A200009F46CCF1F92DF93CF936F9281E0909146
:104A3000B206933009F09BCFC1CFCF939EDE80E1C9
:104A40009FE09093A1068093A00620E040E070E0F4
:104A500060E085E69DE118DEC1E0C093AF060E94EC
:104A6000A69A1092AF06DEDEC093AF0684E493E30D
:104A70000E9426C68CE09FE09093590680935806CA
:104A8000CF910895CF93DF93CDB7DEB78E8187FFA7
:104A900003C01092830C80E09091830C282F082E85
:104AA000000C330B9217130609F08CF48093830CDF
:104AB0009E01275F3F4F4F8158856AE270E08BEC83
:104AC00095E10E940BFF1092820C1092810CDF91F5
:104AD000CF910895CF93DF93CDB7DEB7A1970FB6EF
:104AE000F894DEBF0FBECDBF67FF03C01092830CEA
:104AF00060E05091830C262F062E000C330B5217CA
:104B0000130609F014F56093830C19821F8E442359
:104B100029F14FE150E0BC01CE0101960E943DFE1B
:104B20004BE250E0BE016F5F7F4F8BEC95E10E943E
:104B30008CFE8AE290E099A388A3CE0180960E9421
:104B4000E6C41092820C1092810CA1960FB6F894D4
:104B5000DEBF0FBECDBFDF91CF9108954FE150E092
:104B6000BC01CE0101960E948CFEDACF2F923F92BB
:104B70004F925F926F927F928F929F92AF92BF926D
:104B8000CF92DF92EF92FF920F931F93CF93DF9319
:104B900000D000D0CDB7DEB76C015B01742E2901C7
:104BA0003E2C6E2C2EEF9CEE892E9EE0992E421309
:104BB00004C020EF822E2EE0922E85E4282E872D31
:104BC000072C000C990BFC01E659FD4FFE83ED8389
:104BD00016140CF07CC0AE014F5F5F4F68EB7CE7B2
:104BE000C5010E9426B57C0149815A816B817C8177
:104BF000411551056105710509F469C04B3751052F
:104C00006105710509F4DBC04E3751056105710579
:104C100009F4D5C04A3251056105710509F072C029
:104C200077FE17C0462D062C000C550B4F5F5F4FCB
:104C3000B401C6010E943DFEC6010E9418B5681A63
:104C4000F60101900020E9F79F0121503109590137
:104C50002DC05601FFEFAF1ABF0AF60120826A94F9
:104C6000662009F46DC0650181E04B37510561058F
:104C7000710509F480E0870D8A3084F05601FFEF5A
:104C8000AF1ABF0A6A946AE00F94CA05805DF60104
:104C90008083662009F454C0892F65015601FFEF17
:104CA000AF1ABF0A805DF60180836A9416140CF077
:104CB00047C0462D062C000C550B4F5F5F4FB701C8
:104CC000C5010E943DFEC5010E9418B5681A832DDA
:104CD000861926960FB6F894DEBF0FBECDBFDF91C2
:104CE000CF911F910F91FF90EF90DF90CF90BF90E9
:104CF000AF909F908F907F906F905F904F903F907C
:104D00002F900895443251056105710509F03EC0A8
:104D100001151105C1F0462D062C000C550B4F5FF7
:104D20005F4FB801C6010E943DFEC6010E9418B542
:104D3000681AF60101900020E9F7CF0101975C01A4
:104D40006501570145CF4114510449F4D601F501DD
:104D5000EE16FF0669F184918D933196F9CF462DB9
:104D6000062C000C550B4F5F5F4FB201C6010E942D
:104D70008CFEC6010E9418B5681AF6010190002049
:104D8000E9F79F01215031095901DACF403451052B
:104D900061057105D9F656013FEFA31AB30AED81FB
:104DA000FE818081F6018083F50110826A94C8CF6C
:104DB00097012A193B095901AC0CBD1CF5CF77FEB0
:104DC00053CF30CFCF92DF92EF92FF920E947FD1EC
:104DD0006B017C0126B191E026FB222720F92927CF
:104DE00086B18295817089273091B60490E020FBCE
:104DF00090F980FB91F9932790FF69C0B701A60154
:104E00004E5F5F4F6F4F7F4F4093B2045093B30498
:104E10006093B4047093B50491FF72C0B701A6010A
:104E20004E5F5F4F6F4F7F4F4093AD045093AE0482
:104E30006093AF047093B0049091B60420FB90F996
:104E400080FB91F99093B6042091B104822F817078
:104E5000269521702827880F282B8091AC042817CD
:104E6000C9F0422F481B550BCA01059664E070E05B
:104E70000F94EB0581502093AC04823009F059C0A7
:104E80008091AB04880F882329F09091BC04890F8E
:104E90008093BC048091B8049091B904A091BA04A5
:104EA000B091BB048C199D09AE09BF0918161906EB
:104EB0001A061B063CF0079B3FC032993DC084E0B8
:104EC0008093B704FF90EF90DF90CF9008954091CA
:104ED000B2045091B3046091B4047091B5044C19BC
:104EE0005D096E097F0914161506160617060CF4DF
:104EF00093CF3091B10420FB30F93093B1048CCFC3
:104F00004091AD045091AE046091AF047091B00433
:104F10004C195D096E097F09141615061606170649
:104F20000CF48ACF9091B10480FB91F99093B10475
:104F300083CF8093AB04A7CF80E0C2CFCF92DF9224
:104F4000EF92FF92CF93C82F0E947FD16B017C011B
:104F500024EA30E74DE75FE360911A0270911B028B
:104F600080911C0290911D020E9443FF87FD18C092
:104F70008AEF90E0A0E0B0E08C0D9D1DAE1DBF1D3E
:104F800080939C0490939D04A0939E04B0939F04EF
:104F9000C0931802CF91FF90EF90DF90CF900895CB
:104FA00080E090E0DC01E8CF8F3010F48F5F08954F
:104FB0008F5008950F931F93CF93DF93EC010FEF62
:104FC00014E0F80120813181428153816881798127
:104FD0008A819B810F942506688379838A839B83CA
:104FE000F80124813581468157816C817D818E81D4
:104FF0009F810F9425066C837D838E839F83F801A8
:105000002085318542855385688579858A859B858C
:105010000F942506688779878A879B87DF91CF91D0
:105020001F910F9108959CE0899F902D112482E09B
:10503000890F80937E04925F9093DF0620913E1645
:10504000921710F480E00895909140169817D0F3CD
:10505000662331F00E945CD38091DF060E945CD30E
:105060008091DF06482F4150550B90913E169417C2
:10507000150644F720917E042150330B9091401681
:1050800092171306FCF2109241168250809342163A
:1050900081E00895CF9380917D04811154C01092D6
:1050A0004116109242161092431610920F1610924B
:1050B0000E1610921116109210161092131681E00F
:1050C0008093121682E28093141610921916109291
:1050D0001816EDE2F6E12BE336E18FEF81932E1700
:1050E0003F07E1F7C1E0C0932A1628E133EC309383
:1050F000201620931F16C09321161092221610928C
:10510000231690E4909324161092251627E133EC91
:1051100030933C1620933B1621E132E030930D167C
:1051200020930C1697E19093311691E190933216EB
:1051300090E190932F1680932E1680932D160E9447
:105140003AD2C0937D0481E080937F0488ED9DE096
:105150009093B00C8093AF0C1092B20C1092B10CE3
:10516000CF91089520917C04022E000C330B8217FE
:10517000130641F080937C046BE772E18AE096E1CC
:105180000C94F6D40895EF92FF920F931F93CF9350
:10519000DF93CDB7DEB72C970FB6F894DEBF0FBE06
:1051A000CDBFFC0160817181828193816F3F710568
:1051B0008105910509F0C0F486E096E10E940B1F7D
:1051C000E0910E16F0910F163196849190E02C9696
:1051D0000FB6F894DEBF0FBECDBFDF91CF911F9108
:1051E0000F91FF90EF900895109141160091421693
:1051F00020917F0421110FC048EB5DE0602F812FCB
:105200000E94B9D590E080E0180F109341160093EA
:1052100042169927DCCFE0900E16F0900F162AE088
:1052200036E13A832983212F30E03C832B83202FE2
:1052300030E03E832D8318861F822FEF3FEF3A87A1
:1052400029871C861B8629EA3EE1AE014F5F5F4F2E
:10525000BF01C7010E94E4C3B7018AE096E10E9442
:10526000F6D48F819885D0CF4F925F926F927F92C4
:105270008F929F92AF92BF92CF92DF92EF92FF9266
:105280000F931F93CF93DF9300D000D01F921F92F4
:10529000CDB7DEB76C015A014901FB0190818CE06A
:1052A000989F800D1124982FF6012081822F880F5E
:1052B000820F880F80934116909342164115510535
:1052C00009F4A0C0DA82C9827C836B83011122C0F9
:1052D000AE014B5F5F4FB401C5010E9426B55C0172
:1052E0008D819E81AF81B885892B8A2B8B2B09F408
:1052F00089C0CE01059647DFF60180818F5F8083EC
:10530000853130F3CE0101960E94051BE1CF10E0FC
:1053100075010DC07A0110E00AC0E114F104B9F37F
:105320008FEFE81AF80A10E0E114F10489F3AE01F6
:105330004B5F5F4FB401C5010E9426B55C014D80F3
:105340005E806F8078844114510461047104E9F037
:10535000F0E24F16510461047104A9F0D301C201B7
:105360008D97A109B1090297A105B10570F04BE233
:10537000441651046104710441F05AE04516510489
:1053800061047104E9F5112341F2F6018081482F8F
:10539000410F5527551F4631510534F0853020F017
:1053A000CE0101960E94051B81E041145104610465
:1053B000710409F480E0180FF6018081810F808369
:1053C000112369F01150AE014B5F5F4FB401C7016B
:1053D0000E9426B57C01CE010596D5DEF1CF4114A1
:1053E00051046104710471F0FAE04F165104610434
:1053F000710409F08CCFCE0101960E94051B88CF65
:105400001F5F92CF28960FB6F894DEBF0FBECDBFB8
:10541000DF91CF911F910F91FF90EF90DF90CF9090
:10542000BF90AF909F908F907F906F905F904F90C4
:105430000895CF92DF92EF92FF920F931F93CF9335
:10544000DF93CDB7DEB72C970FB6F894DEBF0FBE53
:10545000CDBFF0904116E090421620917F042111BB
:105460001DC048E95DE06E2D8F2D0E94B9D590E0FA
:1054700080E0F80EF0924116E092421699272C96A1
:105480000FB6F894DEBF0FBECDBFDF91CF911F9155
:105490000F91FF90EF90DF90CF900895C0900E167F
:1054A000D0900F162AE036E13A8329832F2D30E081
:1054B0003C832B832E2D30E03E832D8318861F8264
:1054C0002FEF3FEF3A8729871C861B8609EA1EE1EA
:1054D0009E012F5F3F4F48EB5CE7BC01C6010E9475
:1054E000A9C4B6018AE096E10E94F6D48F8198851E
:1054F000C0CFE6E0F6E183AF64AFCA019ACF99CF9F
:10550000CF93DF93FC0125AD211104C021E025AF2D
:105510000E943AD2C0910C16D0910D16E0913B1624
:10552000F0913C1682E01995E0913B16F0913C1603
:1055300081E0199530E020E044E1BE018AE096E187
:105540000E9436D22DE336E147E1BE018AE096E1C2
:105550000E9436D2E0913B16F0913C1680E0DF913C
:10556000CF9119946F927F928F929F92AF92BF9238
:10557000CF92DF92EF92FF920F931F93CF93DF931F
:10558000CDB7DEB72C970FB6F894DEBF0FBECDBFF8
:105590000E947FD16B017C01809118028F3F09F43A
:1055A00043C080909C0490909D04A0909E04B09075
:1055B0009F040E947FD1861A970AA80AB90A181474
:1055C00019041A041B0484F18091850EEDDC90917E
:1055D000860E891749F1E0911802E43008F05CC0AA
:1055E00024E0E29FF0011124EA58FD4F9080A18051
:1055F000B280838019821A821B821C821D821E82C5
:105600001F82188619861A861B861C869E012F5FAC
:105610003F4F492D5A2D6B2D782D89E29CE00E9439
:1056200055ED8FEF80931802CDDB8091B70482FF98
:1056300053C08091AA04811151C091E09093AA04B3
:105640008091FA0689278093AE061092FA0683E0CD
:10565000809331021092B7040E947FD16C507E4F2C
:105660008F4F9F4F6093B8047093B9048093BA042E
:105670009093BB0468E873E182E090E00E9448B335
:1056800016E0115059F10E94DEB262E070E080E055
:1056900090E00E94E5D0F5CF6090610C7090620CB4
:1056A0000091630C1091640C90905D0CA0905E0CC6
:1056B000B0905F0C8090600C292D3A2D4B2D582D09
:1056C000B301C8010F944C0818160CF493CF962C14
:1056D000A72CB02E812E8ECF1092AA048091E806BE
:1056E0009091E906A091EA06B091EB068C199D090C
:1056F000AE09BF09181619061A061B060CF4DCC100
:10570000D701C6018C599F4FAF4FBF4F8093E8061A
:105710009093E906A093EA06B093EB068091BC044F
:105720008091BC046091BC04062E000C770B77FFBF
:1057300003C0719561957109643008F4B8C1809116
:10574000FA048111A1C021E030E040E050E0A091D6
:10575000BC04A7FDAD5FA595A59549F18091BC045A
:105760009A2F990F990F891B8093BC04079B1FC028
:105770008091AE0681111BC00A2E000CBB0B0F944A
:10578000B5050091B7061091B8062091B906309181
:10579000BA06DC01CB01800F911FA21FB31F8093BB
:1057A000B7069093B806A093B906B093BA06D7018E
:1057B000C601805E9044AD4FBF4F8093A20490938A
:1057C000A304A093A404B093A50481E080933102C4
:1057D0001092F4048091F6159091F7158F5890442B
:1057E00041F480911902882309F49EC0815080936E
:1057F00019020E94D49D8090920790909307A090E8
:105800009407B090950781110E94E19DD501C401D4
:105810003AE0B695A795979587953A95D1F78F3F3A
:105820004FEF9407A105B10520F08FEF9FEFA0E0A7
:10583000B0E09695879520913102211189C0309171
:10584000F40431113EC18091F6159091F7158F58EF
:10585000904409F412C18091AF0681110EC180916C
:10586000A2049091A304A091A404B091A5048C1962
:105870009D09AE09BF09181619061A061B060CF475
:105880000BC10E94E72308C170E090E080E00E9415
:1058900047FF20E030E040E85EE30E94A8FF20E000
:1058A00030E04AE754E40E94A8FF4B015C0180917C
:1058B000A6049091A704A091A804B091A904A701FF
:1058C0009601281B390B4A0B5B0BCA01B9010E94D8
:1058D00047FF9B01AC01C501B4010F9401074B01C7
:1058E0005C01C092A604D092A704E092A804F092B2
:1058F000A90420E030E040EA52E40F944C0824E68A
:1059000030E040E050E087FF22CF20E030E040EF81
:1059100051E4C501B4010F944C082AE030E040E0A6
:1059200050E087FF14CF0FCF8CE080931902809155
:10593000A0049091A104009729F001979093A104ED
:105940008093A00481E0809331021092F40451CF3F
:10595000009741F04091A0045091A10448175907C5
:1059600008F071CF8091F404811111C0223038F019
:10597000243008F43FC0243011F41092310286E044
:1059800096E1BEDD81E08093B3068093F40483E06A
:10599000E9DB81E080932A16E091F615F091F71586
:1059A00019951092B3068091F404811127C01092CA
:1059B000AE068091F6159091F7158F58904409F036
:1059C0004ACF0E947FD1DC01CB018C199D09AE0921
:1059D000BF090091A0041091A10430E020E0081755
:1059E00019072A073B0708F02ECF9093A104809354
:1059F000A00429CF81E080933102C1CF8AE096E1F3
:105A00000E94C6D491E0811101C090E09093F4040B
:105A1000882369F28091F6159091F7158F5890447C
:105A2000B9F40E947FD1DC01CB018C199D09AE092C
:105A3000BF090091A0041091A10430E020E00817F4
:105A400019072A073B0720F49093A1048093A00430
:105A50002C960FB6F894DEBF0FBECDBFDF91CF916D
:105A60001F910F91FF90EF90DF90CF90BF90AF907C
:105A70009F908F907F906F90089540E2C40E4FEBFF
:105A8000D41E42E0E41EF11CC092A204D092A304F2
:105A9000E092A404F092A5048091F4048111D8CF7F
:105AA000809131028130A1F610923102D1CF8091E4
:105AB000AE0681117CCE8ECE8091F404811199CEF8
:105AC000C7CF009709F463CF45CF0F93E3DA109265
:105AD0002A1686E096E114DD00910B1620910A1635
:105AE00040E060E08AE096E10E94AAD38AE096E175
:105AF0000E94C6D48111F0CF81E080932A163E988F
:105B0000469A3C98449A3A98429A0F98179A5AD9CA
:105B10001092BC040F910C9407C5CF92DF92EF92C4
:105B2000FF920F931F93CF93DF93CDB7DEB72C97E0
:105B30000FB6F894DEBF0FBECDBFF0904116E090D7
:105B4000421620917F0421111DC048E75DE06E2DB3
:105B50008F2D0E94B9D590E080E0F80EF0924116AA
:105B6000E092421699272C960FB6F894DEBF0FBE2E
:105B7000CDBFDF91CF911F910F91FF90EF90DF90FC
:105B8000CF900895C0900E16D0900F162AE036E1FF
:105B90003A8329832F2D30E03C832B832E2D30E058
:105BA0003E832D8318861F827A8769871C861B8611
:105BB00009EA1EE19E012F5F3F4F4BEB5CE7BC0102
:105BC000C6010E94A9C4B6018AE096E10E94F6D4FB
:105BD0008F819885C2CF6FEF7FEF9FCF2F923F923B
:105BE0004F925F926F927F928F929F92AF92BF92ED
:105BF000CF92DF92EF92FF920F931F93CF93DF9399
:105C000000D000D0CDB7DEB73C015B014DB75EB729
:105C10005E834D830E940AB5482EC5010E9418B5C7
:105C2000512C23E130E06901C81AD10875E2F72E42
:105C3000C414D50414F46FE1F62E8F2D90E09C016E
:105C40002E5F3F4F40913E164217130611F00CF0A5
:105C500068C0099720914016281719060CF461C0F6
:105C60000091E3061091E4062091E1063091E206EE
:105C70004091E00610924116F09242162DB63EB6C3
:105C80008DB79EB7865591090FB6F8949EBF0FBE8B
:105C90008DBF01964C015AE2E52EB3010E94B62554
:105CA0006CEF70E0C40139DF0FB6F8943EBE0FBE52
:105CB0002DBE11E0A114B104A1F08CED9DE01FDC1C
:105CC000C414D50484F59CE0F90E80913E16F816B4
:105CD00040F0209140164F2D4950550B24171506C2
:105CE00024F58D819E810FB6F8949EBF0FBE8DBFA7
:105CF00026960FB6F894DEBF0FBECDBFDF91CF91D1
:105D00001F910F91FF90EF90DF90CF90BF90AF90D9
:105D10009F908F907F906F905F904F903F902F90CB
:105D2000089510E0C7CF1123E1F280E290E0A0E0F7
:105D3000B0E089839A83AB83BC838C2D880FC80E17
:105D4000CC0CC0924116F0924216CE0101961BDA9D
:105D5000C50141DFC6CF3F924F925F926F927F9213
:105D60008F929F92AF92BF92CF92DF92EF92FF926B
:105D70000F931F93CF93DF9300D000D0CDB7DEB742
:105D80009091AE061092AE069923D9F01092AF060C
:105D900026960FB6F894DEBF0FBECDBFDF91CF9130
:105DA0001F910F91FF90EF90DF90CF90BF90AF9039
:105DB0009F908F907F906F905F904F903F900C944A
:105DC0001224382E4090B7065090B8066090B9065D
:105DD0007090BA06411451046104710409F450C072
:105DE00024E0829F80011124C801875D934F9E8328
:105DF0008D83DC01CD90DD90ED90FC9020E030E0D3
:105E00004AE754E4C701B6010F9424064B015C0134
:105E100020E030E04AE754E4C701B6010F942506BC
:105E200069837A838B839C83C301B2010E9449FFFB
:105E300020911A0230911B0240911C0250911D02C8
:105E40000E94A8FF2B013C01A70196010F94250693
:105E50006B017C0129813A814B815C81C501B401D0
:105E60000E9443FF811160C0F801E75DF34FC082DB
:105E7000D182E282F382832D61D881E08093310266
:105E80001092B7061092B8061092B9061092BA0690
:105E900080913102882309F4EBC03092E006F4E0EF
:105EA0003F9EC0011124FC01E75DF34F81509B4FE1
:105EB000DC012D913D914D915C91608171818281D8
:105EC00093810F9425066B017C012DEC3CEC4CEC8E
:105ED0005DE360911A0270911B0280911C02909107
:105EE0001D020F944C0887FD4DC0C701B6010E94EA
:105EF0002DB1BC0182EB9FE226960FB6F894DEBF6F
:105F00000FBECDBFDF91CF911F910F91FF90EF900A
:105F1000DF90CF90BF90AF909F908F907F906F90C9
:105F20005F904F903F905ACE20E030E0A901C3012E
:105F3000B2010E9443FF87FF0FC0A5019401C70172
:105F4000B6010E9443FF87FF8FCFED81FE818082E3
:105F50009182A282B3828FCF29813A814B815C8169
:105F6000C701B6010F944C0818160CF07DCF89813B
:105F70009A81AB81BC81ED81FE8180839183A28374
:105F8000B38379CF43E050E0C701B6010E9477B0F8
:105F90006B017C0120EA36E841E050E00F948F0568
:105FA000CA01B9012AE030E040E050E00F948F05CB
:105FB000605DF7FE09C0F094E094D094C094C11CD9
:105FC000D11CE11CF11C6DE26093A506C701B6016E
:105FD00020E137E240E050E00F948F058AE0882E00
:105FE000912CA12CB12CCA01B901A50194010F94E7
:105FF0008F05605D6093A606C701B60128EE33E009
:1060000040E050E00F948F05CA01B901A501940149
:106010000F948F05605D6093A7068EE28093A806BB
:10602000C701B60124E630E040E050E00F948F0550
:10603000CA01B901A50194010F948F05605D6093B9
:10604000A906C701B601A50194010F948F056983C4
:10605000CA01B901A50194010F948F05605D609399
:10606000AA06B981B05DB093AB0685EA96E041CF50
:1060700026960FB6F894DEBF0FBECDBFDF91CF914D
:106080001F910F91FF90EF90DF90CF90BF90AF9056
:106090009F908F907F906F905F904F903F9008956A
:1060A0000F931F93CF93DF93FC01EB018091B70611
:1060B0009091B806A091B906B091BA06B7FD75C027
:1060C0004091BB065091BC066091BD067091BE0622
:1060D000481759076A077B0714F4DB01CA0180934C
:1060E000B7069093B806A093B906B093BA0620916C
:1060F00031022223B9F04091BF065091C006609151
:10610000C1067091C2068C019D01040F151F261F48
:10611000371FC901B8011995BC018091C50690913E
:10612000C6065CDD8091AE06811109C08091B4067F
:10613000882309F43EC0809131028823D1F18091F7
:10614000C3069091C4060097B1F04091B7065091F4
:10615000B8066091B9067091BA060091BF06109119
:10616000C0062091C1063091C206400F511F621F28
:10617000731FFE011995E091B506F091B6063097B0
:1061800041F08091B406811103C08091AE06811167
:1061900019958091AE061092AE06882351F0DF91DA
:1061A000CF911F910F910C94122480E090E0DC01BC
:1061B00096CFDF91CF911F910F91089562E37AE11D
:1061C0008CE49DE16DCF65E77AE185EB9DE168CFD9
:1061D0006FE87AE187EA9DE163CF65EA7AE18BE9CE
:1061E0009DE15ECF69EB7AE184EA9DE159CF6BE5F1
:1061F0007AE182EE9DE154CF67EC7AE182E69DE19F
:106200004FCF6BEC7AE18DEB9CE14ACF2F923F921E
:106210004F925F926F927F928F929F92AF92BF92B6
:10622000CF92DF92EF92FF920F931F93CF93DF9362
:10623000CDB7DEB72D970FB6F894DEBF0FBECDBF3A
:10624000982F862F3A016901502E2DB63EB6692F40
:106250000E941328882309F4A5C0C601002309F46D
:106260004DC00E940AB5F82EA0900E16B0900F16E1
:1062700080917F04811161C08FEF8D8783E1482E6B
:106280004F180091E3061091E4062091E106309149
:10629000E2064091E0068DB69EB6842D90E0019610
:1062A000880F991F6DB77EB7681B790B0FB6F894EE
:1062B0007EBF0FBE6DBF8DB79EB701965C01E42C0B
:1062C000B3010E94B625182F96E0499EB001112413
:1062D000C50123DC0FB6F8949EBE0FBE8DBEFF2015
:1062E00009F460C0411A8AED9DE009D9442009F4FF
:1062F00041C088ED9DE003D94A94F8CF0E9418B5BB
:10630000F82EA0900E16B0900F1680917F0488236F
:1063100009F4B2CFFE0133968AE0DF011D928A951F
:10632000E9F78AE096E19A83898300E81EE19E01FD
:106330002F5F3F4F4BEB5CE712C0FE0133968AE0C4
:10634000DF011D928A95E9F78AE096E19A838983B5
:1063500000E81EE19E012F5F3F4F48EB5CE7B6016E
:10636000C5010E94A9C4B5018AE096E10E94F6D455
:106370008F8183CF4091DF06AD858A2F90E0B6E014
:10638000FB9E900111240296821793070CF4C90119
:1063900090E8981B9093411640934216C6015520F1
:1063A000F9F047D80FB6F8943EBE0FBE2DBE2D961D
:1063B0000FB6F894DEBF0FBECDBFDF91CF911F9116
:1063C0000F91FF90EF90DF90CF90BF90AF909F9094
:1063D0008F907F906F905F904F903F902F90089597
:1063E000FADBE0CF2F923F924F925F926F927F92B3
:1063F0008F929F92AF92BF92CF92DF92EF92FF92D5
:106400000F931F93CF93DF9300D000D01F921F9262
:10641000CDB7DEB72091E00628870E944BCD3091A2
:10642000B0063F83E8858E2F90E0880F991F9C016E
:106430002456374E3C832B8336E0E39FC001112462
:10644000FC01EB52F94FFA83E9839C012D52394F3D
:1064500079015F8035E0432E450C11E0312E35186F
:10646000252C2194FE82ED82570134E0A30EB11C4D
:1064700042E7C42E4DE1D42E470182E0880E911CE4
:1064800083E0782E751882E0682E6518EF81E1119F
:1064900061C01123D9F08091B2061816BCF040916A
:1064A000B7065091B8066091B9067091BA064F5F71
:1064B0005F4F6F4F7F4F4093B7065093B80660937E
:1064C000B9067093BA068F5F8093B206809131024D
:1064D000882341F0EB81FC816591749145E0822D28
:1064E0000E9446CBF50180818093A006FF81F230A7
:1064F00009F082C01092E4061092E3061092E206C0
:106500001092E106288527FF2093E0068091B206CD
:10651000823009F45EC080913102882389F011E055
:106520008091B206823009F010E08091A0060E94AE
:10653000B6AE00E09C0148E650E1662D812F66DE94
:1065400010E02F812F5F2F834212A0CF86E080932F
:10655000B10619C0FF81F13029F68091B206813071
:1065600031F080913102811127C010E0BBCF8091C2
:10657000AE061092AE068823A1F30E9412248091E9
:10658000C706882371F328960FB6F894DEBF0FBEB6
:10659000CDBFDF91CF911F910F91FF90EF90DF90D2
:1065A000CF90BF90AF909F908F907F906F905F90B3
:1065B0004F903F902F90089581E09091B2069130D6
:1065C00009F080E024E042E750E1632D0E94EACB2D
:1065D000CCCF8091AE061092AE06882309F49BCFF3
:1065E0006DE47AE188E690E10E945ECF8091C70673
:1065F000882309F490CFC7CF3F81333089F580914C
:10660000B2068330B9F080913102882309F498CF23
:1066100011E08091B206833009F010E0ED81FE8137
:10662000808191810E9457AE00E09C0141E650E1DB
:10663000672D84CF8091AE061092AE06882319F3A1
:1066400010E000E024E031E045E050E0B70181E6F1
:1066500090E10E9427CF8091C7068823A1F293CFB3
:10666000FF81F43091F58091B2068430B9F08091C9
:106670003102882309F464CF11E08091B20684309E
:1066800009F010E0F401808191810E9457AE64E02E
:10669000651900E09C014DE550E150CF8091AE06B8
:1066A0001092AE06882319F310E000E02CE830E0E9
:1066B00045E050E069817A818DE590E10E9427CF25
:1066C0008091C706882399F25ECFFF81F53009F0EB
:1066D00038CF8091B2068530F1F080913102882365
:1066E00009F42ECFDF92CF928FE990E19F938F93A1
:1066F00085E085198F9381E09091B206953009F07D
:1067000080E08F930E9436230F900F900F900F9090
:106710000F900F9015CF8091AE061092AE06882391
:10672000E1F20E94721D8091C7068823B1F22BCF3F
:106730004F925F926F927F928F929F92AF92BF9291
:10674000CF92DF92EF92FF920F931F93CF93DF933D
:10675000CDB7DEB760970FB6F894DEBF0FBECDBFE2
:1067600080E1E4E4F2E0DE01119601900D928A9559
:10677000E1F70E944BCDD090B0069D2C65E0762EBF
:106780007D0C6D2C61948824839473E0572ED11076
:1067900014C08091B206882309F4CCC080913102E4
:1067A000882359F081E09091B206911180E024E0B5
:1067B0004EEB5FE0662D0E94EACBAA24A394B12C95
:1067C0004D2C4918DA102EC01092E4061092E30600
:1067D0001092E2061092E1068FEF8A0D8093E00698
:1067E0008091B2068D1509F4CAC0809131028823C8
:1067F000C9F011E08091B2068D1110E0F501EE0FA5
:10680000FF1FEE0FFF1FE75CF34F60A171A182A194
:1068100093A10E947B1D00E09C014EE65FE0642D89
:10682000812FF4DCCA2C81E08A0D9FEFA91AB90AE6
:1068300094E0A916B10431F68D112BC01092E40634
:106840001092E3061092E2061092E1065092E006E2
:106850008091B2068D1509F4BCC080913102882365
:10686000C1F0BD2CB91811E08091B2068D1110E075
:106870006091690C70916A0C80916B0C90916C0C1A
:106880000E947B1D00E09C014EE65FE06B2D812F96
:10689000BDDC82E08C0D8D1121C08091B2068D157A
:1068A00009F4B5C0809131028823C1F0BD2CB9181C
:1068B00011E08091B2068D1110E06091790C709119
:1068C0007A0C80917B0C90917C0C0E947B1D00E0E7
:1068D0009C0141E65FE06B2D812F98DC83E08C0DFD
:1068E0008D1120C08091B2068D1509F4ADC0809144
:1068F00031028823B9F011E08091B2068D1110E0C9
:1069000060917D0C70917E0C80917F0C9091800C39
:106910000E947B1D00E09C0140E55FE06D2D691940
:10692000812F74DCD3947D1032CF84E08C0D809362
:10693000B1060EC08091AE061092AE06882309F40F
:106940002DCF0E9412248091C706882309F426CFF8
:1069500060960FB6F894DEBF0FBECDBFDF91CF912A
:106960001F910F91FF90EF90DF90CF90BF90AF906D
:106970009F908F907F906F905F904F90089580913F
:10698000AE061092AE06882309F42FCFB501660F2C
:10699000771F660F771FFB01349781E090E08C0F23
:1069A0009D1FE80FF91FE080F18002811381675A73
:1069B000734F20E030E040E85FE38EE69FE00E9406
:1069C00063CE8092FA048091C706882309F40DCF24
:1069D000BFCF8091AE061092AE06882309F43DCF5A
:1069E000E12C1CE3F12E0CE116E420E030E040E85D
:1069F0005FE369E67CE08EE69FE00E9463CE8092D2
:106A0000FA048091C706882309F427CFA1CF80918B
:106A1000AE061092AE06882309F444CFE12C1CE3A5
:106A2000F12E0CE116E420E030E0A90169E77CE0FA
:106A300081E69FE00E9463CE8092FA048091C706AF
:106A4000882309F42FCF84CF8091AE061092AE0632
:106A5000882309F44CCFE12C1CE3F12E0CE116E461
:106A600020E030E0A9016DE77CE080E59FE00E9436
:106A700063CE8092FA048091C706882309F437CF49
:106A800067CF2F923F924F925F926F927F928F9239
:106A90009F92AF92BF92CF92DF92EF92FF920F93AD
:106AA0001F93CF93DF9300D000D01F921F92CDB7DA
:106AB000DEB700913D0C10913E0C20913F0C3091BF
:106AC000400C8091410C9091420CA091430CB091EC
:106AD000440C80179107A207B30710F4D901C8012D
:106AE0000091390C10913A0C20913B0C30913C0CE8
:106AF000BC01CD01601771078207930710F4C9012B
:106B0000B8010E9447FF2B013C010E944BCD209110
:106B1000B00628872A83822F8B5F898387E0922F94
:106B2000821B8B8386E0821B8C8385E0821B8D8396
:106B300084E0821B8E8383E0821B8F8322E0322ECF
:106B4000391A292E21942885211142C08091B2063C
:106B50008823C9F080913102882359F081E0909117
:106B6000B206911180E024E04EEB5FE0622D0E94BE
:106B7000EACB98859F5F988729819213E4CF88E0BC
:106B80008093B1060CC08091AE061092AE068823A9
:106B900009F30E9412248091C7068823D9F228960F
:106BA0000FB6F894DEBF0FBECDBFDF91CF911F911E
:106BB0000F91FF90EF90DF90CF90BF90AF909F909C
:106BC0008F907F906F905F904F903F902F9008959F
:106BD0008885813009F06BC08091B2068130F1F078
:106BE00080913102882329F211E08091B206813030
:106BF00009F010E060916D0C70916E0C80916F0C3B
:106C00009091700C0E947B1D61E02A81621B00E064
:106C10009C014DEA5FE0812FF9DAABCF8091AE069F
:106C20001092AE068823E1F22AE037ED43E25DE3FD
:106C300060916D0C70916E0C80916F0C9091700C46
:106C40000E94A8FF0F9469075B016C0121E0A21A62
:106C5000B108C108D1082AE037ED43E25DE3C30182
:106C6000B2010E94A8FF0F9469077B018C0121E00B
:106C7000E21AF108010911091F921F929DEE892E57
:106C800090E3992E21E030E040E050E06DE67CE0BA
:106C90008DEA9FE00E94D9CC88858093FA040F90FA
:106CA0000F908091C706882309F49ACF78CF888502
:106CB000823009F096C18091B2068230D9F080917D
:106CC0003102882309F455CF11E08091B206823059
:106CD00009F010E06091710C7091720C8091730C4E
:106CE0009091740C0E947B1D00E09C014FE95FE0D5
:106CF000632D91CF8091AE061092AE068823F9F2F3
:106D00006091450C7091460C8091470C9091480C15
:106D10000E9447FF7B018C0120E030E048EC52E408
:106D200061E77CE08FE99FE00E9463CE81E0809381
:106D3000FA048091C706882311F231CF8091B20600
:106D40008330D9F080913102882309F412CF11E009
:106D50008091B206833009F010E06091750C70915B
:106D6000760C8091770C9091780C0E947B1D00E04E
:106D70009C0142E95FE06F814ECF8091AE06109298
:106D8000AE068823F9F22AE037ED43E25DE3609135
:106D9000750C7091760C8091770C9091780C0E9414
:106DA000A8FF0F9469075B016C0121E0A21AB108EA
:106DB000C108D1082AE037ED43E25DE3C301B20127
:106DC0000E94A8FF0F9469077B018C0121E0E21A61
:106DD000F108010911091F921F928DEE882E80E3A0
:106DE000982E21E030E040E050E065E77CE082E969
:106DF0009FE00E94D9CC81E08093FA040F900F901D
:106E00008091C706882309F49DCFC9CE1092E4066D
:106E10001092E3061092E2061092E1061092E0064C
:106E20008091B2068430E9F080913102882309F420
:106E3000A0CE11E08091B206843009F010E060919C
:106E4000390C70913A0C80913B0C90913C0C0E9453
:106E500047FF0E94C5B000E09C0146E85FE06E81FC
:106E6000DACE8091AE061092AE068823E9F209E1EF
:106E70001EE124E630E040E050E069E37CE086E893
:106E80009FE00E94C5CE81E08093FA048091C706FE
:106E9000882351F284CE1092E4061092E3061092F9
:106EA000E2061092E106FF24F394F092E00680914E
:106EB000B2068530E9F080913102882309F459CE79
:106EC00011E08091B206853009F010E060913D0C30
:106ED00070913E0C80913F0C9091400C0E9447FFB6
:106EE0000E94C5B000E09C0146E85FE06D8193CE52
:106EF0008091AE061092AE068823E9F207E11EE10A
:106F000024E630E040E050E06DE37CE086E89FE07E
:106F10000E94C5CEF092FA048091C706882359F2E8
:106F20003ECE1092E4061092E3061092E206109212
:106F3000E10682E08093E0068091B2068630E9F0B7
:106F400080913102882309F414CE11E08091B206B9
:106F5000863009F010E06091410C7091420C8091F4
:106F6000430C9091440C0E9447FF0E94C5B000E082
:106F70009C0146E85FE06C814ECE8091AE06109297
:106F8000AE068823E9F205E11EE12AE030E040E0A8
:106F900050E061E47CE086E89FE00E94C5CE81E09D
:106FA0008093FA048091C706882351F2F8CD80912E
:106FB000AE061092AE06882341F103E11EE124E6FD
:106FC00030E040E050E065E47CE08AE79FE00E942A
:106FD000C5CE81E08093FA048091C7068823A9F08A
:106FE000DECD8885833009F4A9CE843009F40ECF34
:106FF000853009F450CF863009F493CF873009F0FB
:10700000B8CD8091B206873091F280913102882309
:1070100009F4AFCD11E08091B206873009F010E09D
:107020006091450C7091460C8091470C9091480CF2
:107030000E9447FF0E94C5B000E09C014AE75FE064
:107040006B81E9CD2F923F924F925F926F927F9228
:107050008F929F92AF92BF92CF92DF92EF92FF9268
:107060000F931F93CF93DF9300D000D0CDB7DEB73F
:107070000E944BCD2091B0062D832A83822F8B5FF7
:107080008983922F91959B834424439484E0821BAF
:107090008C83FD81F11114C08091B206882309F41C
:1070A000B4C080913102882359F081E09091B206FA
:1070B000911180E024E04EEB5FE06B810E94EACB0F
:1070C00049E3642E4CE0742E21E02E833D803A94F7
:1070D0002D808A81281A9D81EE819E133CC01092DA
:1070E000E4061092E3061092E2061092E106309256
:1070F000E0068091B206891709F4AEC08091310292
:10710000882349F111E08091B206FE818F1310E0CF
:10711000F301C488D588E688F78820E030E0A9012B
:10712000C701B6010E9443FF2DEB37E346E055EB64
:1071300087FD04C02DEB37E346E055E3C701B601F8
:107140000F9425060E949FCD00E09C0143EB5FE079
:10715000622D812F5BD85E80F4E06F0E711C21E000
:10716000250D2E83243009F0B6CF8D81843009F0AF
:1071700041C01092E4061092E3061092E2061092CB
:10718000E10693E09093E0068091B206843009F422
:10719000A8C080913102882369F1F1E0FE838091DB
:1071A000B206843009F01E82C090590CD0905A0C5F
:1071B000E0905B0CF0905C0C20E030E0A901C7018E
:1071C000B6010E9443FF2DEB37E346E055EB87FD08
:1071D00004C02DEB37E346E055E3C701B6010F9439
:1071E00025060E949FCD00E09C0143EB5FE06C818F
:1071F0008E810CD82D812F5F2D838981821349CFF9
:10720000539453945092B1060EC08091AE061092E2
:10721000AE06882309F445CF0E9412248091C70648
:10722000882309F43ECF26960FB6F894DEBF0FBE32
:10723000CDBFDF91CF911F910F91FF90EF90DF9025
:10724000CF90BF90AF909F908F907F906F905F9006
:107250004F903F902F9008958091AE061092AE0609
:10726000882309F44BCF20E030E048EC52E4F301EE
:1072700064897589868997890E94A8FF2FE632E183
:1072800043E85AE30F9425060F9469075B016C01EC
:10729000F4EFAF1AF1E0BF0AC108D10881E19EE125
:1072A0009F938F9323EE822E20E3922E18EEE12EF1
:1072B0001FE3F12E0FE010E024EF31E040E050E05A
:1072C000B3016C5E7F4F83EB9FE00E94D9CC40926C
:1072D000FA040F900F908091C706882309F40ECF0F
:1072E000A2CF8091AE061092AE06882309F451CF4A
:1072F00020E030E048EC52E46091590C70915A0C57
:1073000080915B0C90915C0C0E94A8FF2FE632E10B
:1073100043E85AE30F9425060F9469075B016C015B
:10732000E4EFAE1AE1E0BE0AC108D1088FE09EE1A9
:107330009F938F9383EE882E80E3982E18EEE12E94
:107340001FE3F12E0FE010E024EF31E040E050E0C9
:1073500069E57CE083EB9FE00E94D9CC4092FA047F
:107360000F900F908091C706882309F412CF5BCF4E
:107370004F925F926F927F928F929F92AF92BF9245
:10738000CF92DF92EF92FF920F931F93CF93DF93F1
:107390000E944BCDC091B00645E0542E5C0ED3E068
:1073A000DC1B82E0782E7C1A81E0682E6C1A4C2E51
:1073B0004194C11137C08091B2068823B1F0809109
:1073C0003102882359F081E09091B206911180E05A
:1073D00024E04EEB5FE0642D0E94EACBCF5F5C12AD
:1073E000E8CF84E08093B1060CC08091AE06109285
:1073F000AE06882321F30E9412248091C7068823B9
:10740000F1F2DF91CF911F910F91FF90EF90DF90FC
:10741000CF90BF90AF909F908F907F906F905F9034
:107420004F900895C130A1F58091B2068130C9F026
:1074300080913102882391F211E08091B20681306F
:1074400009F010E08091F1069091F2060E9457AE8B
:1074500000E09C0149E45FE0662D812F0E94063127
:10746000BDCF8091AE061092AE06882309F305EFDA
:107470001AE124E031E050E040E061EF76E089E499
:107480009FE00E9427CF8091C706882389F2B9CF59
:10749000C23009F06CC08091B2068230B9F08091A0
:1074A0003102882309F49ACF11E08091B20682302C
:1074B00009F010E08091F3069091F4060E9457AE17
:1074C00000E09C0142E45FE0672DC7CF8091AE06EB
:1074D0001092AE06882319F305EE1AE124E031E09C
:1074E00050E040E063EF76E082E49FE00E9427CF27
:1074F0008091C706882399F284CF8091AE061092BE
:10750000AE068823E1F120E030E048EC52E46091DF
:10751000F5067091F6068091F7069091F8060E94A4
:10752000A8FF2FE632E143E85AE30F9425060F94B3
:1075300069071F921F9227EF822E20E3922E5B0194
:107540006C0118EEE12E13E0F12E00E010E020E0D7
:1075500030E0A90165EF76E08AE39FE00E94D9CC94
:107560000F900F908091C706882349F04ACFC3300F
:1075700009F034CF8091B206833009F4BECF8091F8
:107580003102882309F42ACF11E08091B2068330BA
:1075900009F010E0C090F506D090F606E090F706EE
:1075A000F090F80620E030E0A901C701B6010E9482
:1075B00043FF2DEB37E346E055EB87FD04C02DEB91
:1075C00037E346E055E3C701B6010F9425060E9454
:1075D000F2B100E09C014AE35FE06D2F3ECF2F92B5
:1075E0003F924F925F926F927F928F929F92AF9253
:1075F000BF92CF92DF92EF92FF920F931F93CF93A0
:10760000DF9300D0CDB7DEB70E944BCD2091B006FE
:107610002A832B5F298323E0422E3FE1632E3CE740
:10762000732E55245394352C8A81381A282E219490
:1076300092E0981B9B832A81211148C08091B20659
:10764000882311F180913102882359F081E09091D3
:10765000B206911180E024E04EEB5FE0622D0E94C3
:10766000EACB80919105882309F4CFC02A8122308A
:1076700009F465C083E09A819F5F9A832981291369
:10768000DACF8093B1060CC08091AE061092AE06A0
:107690008823C1F20E9412248091C706882391F2A8
:1076A0000F900F900F90DF91CF911F910F91FF904E
:1076B000EF90DF90CF90BF90AF909F908F907F9092
:1076C0006F905F904F903F902F9008958A81813006
:1076D00041F68091B2068130D1F080913102882349
:1076E00009F4BFCF81E09091B206913009F080E0BB
:1076F000909191052DE23FE0911102C029E23FE017
:1077000001E040E35FE0632D0E940631AACF809143
:1077100091059091AE061092AE069923F1F29A81EE
:10772000892780939105409231026114710411F010
:107730000E941F7C8091C706882379F2B1CF809187
:10774000B2068230F1F080913102882309F492CFA1
:1077500011E08091B206823009F010E060918D0551
:1077600070918E0580918F05909190050E943A1C32
:1077700000E09C014FE15FE06B81812F0E940631A8
:1077800079CF8091AE061092AE068823E1F220E018
:1077900030E04AE754E460918D0570918E05809148
:1077A0008F05909190050E94A8FF27E137EB41EDEE
:1077B00058E30F9425060F9469075B016C012CEDCB
:1077C000A21A25E0B20AC108D1087F926F9281E027
:1077D000882E81E3982E16EDE12E16E0F12E00E0C2
:1077E00010E02CED35E040E050E06DE875E08FE111
:1077F0009FE00E94D9CC5092FA040F900F90809194
:10780000C706882309F49FCF4BCF82E034CFCF93B4
:10781000DF93DB01F9019C919130C1F0943080F04D
:1078200094509C938830D1F480819181009771F0BD
:10783000019791838083480F591FEA01188206C07F
:107840008C3539F49C5F9C93943041F4DF91CF9157
:1078500008958B3339F781E08C93F8CF2081318103
:10786000B9016F5F7F4F71836083420F531FEA013D
:107870008883808191818F3591056CF7E7CF0F93D5
:107880001F9381E00091BC0C1091BD0C2091BE0CA7
:107890003091BF0C4091B80C5091B90C6091BA0C6A
:1078A0007091BB0C041715072607370708F480E012
:1078B0001F910F9108954F925F926F927F928F92D6
:1078C0009F92AF92BF92EF92FF920F931F93CF932D
:1078D000DF9310927204109271042FE320937704C7
:1078E0001092760410927504109274041092780429
:1078F0001092790410927A0410927B049C01E901A1
:1079000098812F5F3F4F9032D1F39E34C9F4898123
:1079100090ED980F9A3020F08D3211F08B3281F477
:1079200022969E012F5F3F4F888180538A3008F452
:1079300041C09E012F5F3F4F8881803209F43CC0D7
:10794000D0936A07C09369077E012FEFE21AF20A0B
:1079500018816AE270E0C7010F945A0A009731F06B
:10796000FC01319780818032E1F31182EBEBE10F72
:10797000E63108F0EBC00E2E000CFF0B8827EC530D
:10798000F34C8F4F0D94FE05803D803DDE3CA63DBF
:10799000723D723DA63DA63DDE3CA63DA63D723D34
:1079A000A63D793DA63DDE3CA63DA63DA63D803DDB
:1079B000803D803DE901B5CFE901BBCFF701808172
:1079C0009FEFE91AF90A8032C9F380538A3008F030
:1079D000BDC01093770490E080E04AE0DF0111968B
:1079E000489F9001499F300D1124C901C097208103
:1079F000820F911D27FD9A95218130ED320F3A308B
:107A000008F468C090937604809375042E3269F46C
:107A1000329630E04AE0DF0131962C9150ED520F62
:107A20005A3008F459C030937404ED01119628813E
:107A30002032D9F3173409F074C08430910540F432
:107A40009093100280930F028091740480937304CA
:107A5000109272041092710410917704E0907504F2
:107A6000F0907604409178045091790460917A0402
:107A700070917B040091690730E020E0812C912C0B
:107A800054018394FE0131968881882309F4DAC079
:107A9000813209F076C01D3409F073C090E2E91616
:107AA000F10409F06EC04093780450937904609318
:107AB0007A0470937B04F0937204E093710463E2A0
:107AC00070E0CF010F945A0A009709F43FC0FC01FF
:107AD00010823CC0FD0182CF349F200D112430ED77
:107AE000320F99CF80910F02909110020297029766
:107AF00068F580910F02909110020297029730F57D
:107B000080910F029091100297FD20C027E42093EE
:107B10007704909376048093750480917304809326
:107B200074041D3409F094CF80917504909176040B
:107B30008E31910539F0C8F48731910519F04C97D1
:107B400009F086CFD0937204C0937104DF91CF9176
:107B50001F910F91FF90EF90BF90AF909F908F90EB
:107B60007F906F905F904F9008958537910508F44E
:107B70006FCF8737910530F3803A934009F068CF93
:107B8000E1CF81548A3108F058C0DF019D919032D5
:107B900091F0A0EDA90FAA30E8F09E3271F4918126
:107BA00090539A30B8F02115310519F49F012150F6
:107BB000310990E013C0FD01E8CF9D3211F09B32F6
:107BC00091F79181A0EDA90FAA3020F09E3259F7CC
:107BD0009281E6CF9E2F901B309759F3A82FB0E0EB
:107BE0002401350104C0440C551C661C771C8A9581
:107BF000D2F74429552966297729A95ABB4F9C9366
:107C000080818154EF018A3108F43CCFEF018191EA
:107C1000882309F437CF90ED980F9A30B8F393ED9D
:107C2000980F923098F38B3289F3CE010196E88158
:107C3000E03209F027CFEC01F8CF2115310501F72B
:107C40009E01DECF30937204209371044093780438
:107C50005093790460937A0470937B0477CFCF9329
:107C6000DF931F921F92CDB7DEB72091830C2111B5
:107C700013C0BC014BE250E08BEC95E10E948CFEFE
:107C80008AE290E09A838983CE0101960E94E6C43D
:107C90001092820C1092810C0F900F90DF91CF9177
:107CA0000895CF93DF931F921F92CDB7DEB7209137
:107CB000830C211113C0BC014BE250E08BEC95E129
:107CC0000E948CFE8AE290E09A838983CE0101961D
:107CD0000E94E6C41092820C1092810C0F900F90BB
:107CE000DF91CF910895CF93DF93CDB7DEB72C9777
:107CF0000FB6F894DEBF0FBECDBF90910A02981761
:107D000059F180930A029E012F5F3F4F8930B8F0EE
:107D10008CE0F90111928A95E9F78CE0F901AFEF57
:107D2000B4E001900D928A95E1F781E02C960FB6B0
:107D3000F894DEBF0FBECDBFDF91CF9108954CE028
:107D4000582F5403F0011124EF5DFA4FD90101902F
:107D50000D924A95E1F7E1CF80E0E8CFCF93909183
:107D6000F804911108C0882331F0A59810925706A5
:107D7000CF910C944F222091A305281749F0C82FCA
:107D8000911108C0882331F00E944F22C093A305AF
:107D9000CF910895A59A6C2F70E088E00E94FCCFE7
:107DA00081E080935706F2CFBC0190E080E00C9414
:107DB0002EC5CF92DF92EF92FF926B017C0183E39D
:107DC000C816D104E104F10470F082E3C81AD108A6
:107DD000E108F10862E370E080E090E00E94E5D005
:107DE0000E94F092ECCFC701B6010E94E5D0FF904F
:107DF000EF90DF90CF900C94F092CF93C82F8091AA
:107E0000AA07882399F04CF48F3FE9F0CC23E9F0DE
:107E1000A59AC093F804CF9108958330BCF7809160
:107E2000A707C0FB80F98093A707F0CF80E0CC23A1
:107E300041F08091A907811104C09091F70491113C
:107E400086E28CDFE3CF80E089DFA598C0E0E1CF58
:107E50004F925F926F927F92AF92BF92CF92DF92DA
:107E6000EF92FF920F931F93CF938AE6A82E82E0A2
:107E7000B82E9BE0E92E95E0F92E09E21CE02FEFE9
:107E8000C22E24E0D22EC0E0F50181915F010E9454
:107E90002E1C882309F4BFC00E94B4222B013C0190
:107EA0008C2F0E94B91B882309F4ABC0F8012081F4
:107EB000318142815381C301B2010F942506F7013C
:107EC0006083718382839383CF5FF4E0EF0EF11CB4
:107ED0000C5F1F4F84E0C80ED11CC330A9F685E4A7
:107EE0000E942E1C882309F4A1C00E94B4226B01B9
:107EF0007C0183E00E94B91B882371F02091350C2E
:107F00003091360C4091370C5091380CC701B601B6
:107F10000F9425066B017C01C0921705D0921805BD
:107F2000E0921905F0921A0586E40E942E1C88231F
:107F300019F10E94B42220E030E0A9010F944C080E
:107F40001816D4F40E94B4226B017C0120E030E0CA
:107F500040E752E40F94010760930B0270930C0208
:107F600080930D0290930E02C0923802D092390293
:107F7000E0923A02F0923B022091AA0780917504A8
:107F8000909176043FEF320F323008F06EC01092BD
:107F90007607109277071092780710927907AC0154
:107FA000415051094330510508F051C08091A70755
:107FB00084608093A70789E40E94E01B882311F066
:107FC00081E01BDF83E50E942E1C882361F00E9464
:107FD000B4220F946E076093F7046093F9046093E2
:107FE000A8076093A907CF911F910F91FF90EF9081
:107FF000DF90CF90BF90AF907F906F905F904F9049
:108000000895F6012081318142815381C301B2017B
:108010000F94240654CFF80180819181A281B3810D
:10802000F70180839183A283B3834ECF8091350C77
:108030009091360CA091370CB091380C80931705B5
:1080400090931805A0931905B0931A056DCF892B4D
:1080500051F6223029F48091A7078B7F8093A707E0
:108060001092A8071092A907BECF892B09F0BBCFA9
:1080700080E0CF911F910F91FF90EF90DF90CF9014
:10808000BF90AF907F906F905F904F9067CECF93EF
:10809000C82F0E947FD160936F0770937007809301
:1080A0007107909372078091AA07811102C00E9404
:1080B000A69A8091790480FF0BC081E0C11182E013
:1080C0008093AA071092A8071092A90781E095DE75
:1080D0008091AA078150823060F48091A707846064
:1080E0008093A7070E94E22283E090E0CF910C9456
:1080F000F2A881E082DE0E94E2228091F704CF9113
:108100002DCE9091C00C94FB882780F994FF06C077
:1081100081E09091C40C911101C080E008954F92CC
:108120005F926F927F928F929F92AF92BF92CF9207
:10813000DF92EF92FF920F931F93CF93DF93CDB710
:10814000DEB760970FB6F894DEBF0FBECDBFE091EB
:10815000810CF091820C309721F0199581110E94C9
:1081600007C58091AE061092AE06882309F120E083
:1081700040E070E060E080E496E40E9444230E94C6
:108180004A2860960FB6F894DEBF0FBECDBFDF91D0
:10819000CF911F910F91FF90EF90DF90CF90BF9004
:1081A000AF909F908F907F906F905F904F900895C9
:1081B00020912002309121024091B7065091B806DB
:1081C000CA01820F931F2436310509F04BC4473092
:1081D0005105E4F00697883EE3E09E0714F087EE31
:1081E00093E08A30910514F48AE090E0281739076B
:1081F00089F090932102809320021092B70610928A
:10820000B8061092B9061092BA0604C006964A3F04
:108210005F4F0CF38091B306882309F476C1609117
:10822000610E7091620E072E000C880B990B0E9454
:1082300049FF11E020915D0E30915E0E40915F0E7E
:108240005091600E0F944C0818160CF010E06091DD
:10825000D0067091D106072E000C880B990B0E9456
:1082600049FF2091CC063091CD064091CE06509129
:10827000CF060F944C0818160CF4126010939B0450
:108280008091290C90912A0CA0912B0CB0912C0C70
:1082900089839A83AB83BC8380912D0C90912E0CA3
:1082A000A0912F0CB091300C8D839E83AF83B88743
:1082B0008091310C9091320CA091330CB091340C20
:1082C00089879A87AB87BC878091350C9091360C53
:1082D000A091370CB091380C8D879E87AF87B88BF3
:1082E000CE0101960E94DA2749805A806B807C80FB
:1082F000CD80DE80EF80F88489849A84AB84BC844E
:1083000020E030E0A901C301B2010E9443FF20E058
:1083100030E040E05FEB87FD04C020E030E040E06B
:108320005FE3C301B2010F9425060F946907CB01E7
:108330000E94ADADBC0186E994E00F94650A20E08F
:1083400030E0A901C701B6010E9443FF20E030E000
:1083500040E05FEB87FD04C020E030E040E05FE3F9
:10836000C701B6010F9425060F946907CB010E943F
:10837000ADADBC0181E994E00F94650A42E050E0A4
:10838000C501B4010E9477B06B017C0180E2F7FE69
:1083900009C0F094E094D094C094C11CD11CE11C9D
:1083A000F11C8DE28093A50660E2F0E1CF16F7E2C2
:1083B000DF06E104F1048CF0C701B60120E137E2E9
:1083C00040E050E00F948F05CA01B9012AE030E087
:1083D00040E050E00F948F05605D6093A60660E278
:1083E00028EEC21623E0D206E104F1048CF0C701A6
:1083F000B60128EE33E040E050E00F948F05CA014B
:10840000B9012AE030E040E050E00F948F05605D54
:108410006093A706C701B60124E630E040E050E0D3
:108420000F948F056AE0862E912CA12CB12CCA01E5
:10843000B901A50194010F948F05605D6093A806B2
:10844000C701B601A50194010F948F05162FCA012B
:10845000B901A50194010F948F05112309F412C3EA
:108460008EE28093A906605D6093AA06105D10936A
:10847000AB0665EA76E089E894E00F94650A80919E
:10848000C00C24E683FD27C03CDE882309F40CC31E
:108490008091B80C9091B90CA091BA0CB091BB0C22
:1084A0000097A105B10509F4FFC2BC01CD016D59CA
:1084B0007F4F8F4F9F4F24E630E040E050E00F9415
:1084C0006D056091BC0C7091BD0C8091BE0C9091BB
:1084D000BF0C0F946D0520938804809117028217BA
:1084E000A1F02093170248E4249FB001112490E0EA
:1084F00080E00E9447FF2AE037ED43E25CE30E9400
:10850000A8FF0F946E076093870481E00E94B22851
:1085100080919B04982F927048E00CE081FD02C08E
:1085200042E102E080913E16843180F48091401651
:10853000841760F0992309F4B9C288EC9EE07C01AD
:1085400023E060E58AE096E10E94DFD50E941B1ED1
:10855000182F80913E168431B8F4809140168230F5
:1085600098F0112309F4A5C280919607882309F495
:10857000A0C28CE89EE07C0102E123E042E068E6D4
:108580008AE096E10E94DFD580913E168C3108F09A
:1085900015C180905D0E90905E0EA0905F0EB09021
:1085A000600EC090610ED090620E843198F480917C
:1085B0004016883078F080919B0480FF7DC28EE366
:1085C0009EE07C010CE022E048E068E08AE096E171
:1085D0000E94DFD580913E16883020F5D7FC6FC20F
:1085E000C6010E942CAEFC0101900020E9F73197F2
:1085F000E81BF90B2E2F220F220FE21BE15FE09305
:10860000411627E0209342160E94EB2D89E090E06E
:10861000A0E0B0E089839A83AB83BC83CE0101964E
:108620000E94C32880913E168C3190F580914016AF
:10863000843170F120E030E040E05FE3C501B40137
:108640000F9425060F94690777FD40C2CB010E9465
:108650002CAEFC0101900020E9F73197E81BF90BE3
:108660002E2F220F220FE21BE15FE09341162CE137
:10867000209342160E94EB2D89E090E0A0E0B0E04C
:1086800089839A83AB83BC83CE0101960E94C32861
:10869000C090CC06D090CD06E090CE06F090CF06EC
:1086A00080913E16883038F58091D0069091D106A1
:1086B00097FD13C20E942CAEFC0101900020E9F747
:1086C0003197E81BF90B2E2F220F220FE21BE65ADF
:1086D000E093411627E0209342160E94EB2D89E09B
:1086E00090E0A0E0B0E089839A83AB83BC83CE01A5
:1086F00001960E94C32880913E168C3190F580919E
:108700004016843170F120E030E040E05FE3C701C3
:10871000B6010F9425060F94690777FDE5C1CB01DB
:108720000E942CAEFC0101900020E9F73197E81B74
:10873000F90B2E2F220F220FE21BE65AE09341166F
:108740002CE1209342160E94EB2D89E090E0A0E0FE
:10875000B0E089839A83AB83BC83CE0101960E94EB
:10876000C32880913E168C3148F5809140168431A3
:1087700028F180919607882309F164E6869FC0015D
:10878000112481589F4F6FEF70E00F94EB05CB01E0
:108790000E9457AE27E6209341162CE12093421603
:1087A0000E94EB2D85E290E0A0E0B0E089839A83FF
:1087B000AB83BC83CE0101960E94C328A2DC882330
:1087C00079F180913E16843358F5809140168A32B3
:1087D00038F107E028E04AE26AE28AE096E10E9486
:1087E000AAD305E022E04CE262E38AE096E10E942F
:1087F000AAD324E04AE061E38AE20E9474D3609144
:108800000C1670910D1682E3809326168BE28093EE
:10881000271626E236E142E38AE096E10E9436D24C
:1088200080913E16853350F480914016813330F0AC
:1088300024E04AE461E386E30E9474D380913E160B
:10884000833368F480914016823348F002E020912F
:10885000870442E367E38AE096E10E94AAD380910D
:108860003E168033B8F580914016883298F1809199
:10887000540290915502A0915602B09157028983FB
:108880009A83AB83BC830E941B1E90918604891738
:10889000B9F00E941B1E80938604809185048F5F2F
:1088A000823008F028C180938504E0918504F0E0CF
:1088B000EE0FFF1FEC0FFD1F0180F281E02D1995D7
:1088C00086E38093411680E38093421688EF95E11A
:1088D0000E94EB2D80913E16883208F06FC0809187
:1088E00040168D3108F46AC02BE040E86DE180E06D
:1088F0000E9474D380913E16873208F05FC0809149
:1089000040168F3108F45AC088E590E0A0E0B0E04E
:1089100089839A83AB83BC8383E08093411606E20C
:1089200000934216CE0101960E94C3288BE08093EB
:10893000411600934216112309F4E0C086E994E041
:108940000E94EB2D89E590E0A0E0B0E089839A8356
:10895000AB83BC8388E28093411606E20093421603
:10896000CE0101960E94C32880E3809341160093B4
:108970004216112309F4EBC081E994E00E94EB2D2B
:108980008AE590E0A0E0B0E089839A83AB83BC8362
:108990008DE48093411606E200934216CE010196C3
:1089A0000E94C32885E58093411600934216112347
:1089B00009F4F6C089E894E00E94EB2D80913E1600
:1089C000833368F5809140168B3248F183E00E9432
:1089D000B22886E090E0A0E0B0E089839A83AB8380
:1089E000BC8383E08093411613E310934216CE01BB
:1089F00001960E94C32881E00E94B2288091200243
:108A0000909121020E9457AE2CE0209341161093C2
:108A100042160E94EB2D83E19EE00E947F2A809106
:108A20003E16813408F0ADCB80914016863308F4B1
:108A3000A8CB109241168EE3809342168BEC95E101
:108A40000E9418B5182F60E870E08BEC95E10E9449
:108A50008D2D153108F095CB81E19EE00E947F2A93
:108A60001F5FF7CF51E0243631050CF450E041E0B0
:108A7000853691050CF440E0541709F4ACCB84E63C
:108A800090E0B7CB662351F08EE28093A906605D3B
:108A90006093AA0680E28093AB06EBCC80E28093E1
:108AA000AA068093A906F6CF20E015CD82EC9EE0C1
:108AB00046CD86E59EE05FCD86E29EE082CD42E235
:108AC0005EE067E086E00E94792AACCD42E25EE09B
:108AD0006CE186E00E94792ADBCD42E25EE067E04D
:108AE00081E50E94792A07CE42E25EE06CE181E5F1
:108AF0000E94792A36CE10928504D7CE81E00E945A
:108B000046AA8823D9F096E9E92E94E0F92EF701D8
:108B100081917F01882309F415CF8F320CF08FE308
:108B2000082E000C990BAA0BBB0B89839A83AB838D
:108B3000BC83CE0101960E94C328E9CF80914906EB
:108B400080FDFCCE8DE19EE00E947F2AFBCE82E07C
:108B50000E9446AA8823D9F081E9E82E84E0F82E05
:108B6000F70181917F01882309F40ACF8F320CF03D
:108B70008FE3082E000C990BAA0BBB0B89839A83F9
:108B8000AB83BC83CE0101960E94C328E9CF8091BC
:108B9000490681FDF1CE8DE19EE00E947F2AF0CE54
:108BA00084E00E9446AA8823C9F009E814E0F8018D
:108BB00081918F01882309F401CF8F320CF08FE36C
:108BC000082E000C990BAA0BBB0B89839A83AB83ED
:108BD000BC83CE0101960E94C328E9CF809149064B
:108BE00082FDE8CE85E19EE00E947F2AE7CE89DA09
:108BF000882339F08091C00C82FB882780F991E0AE
:108C0000892708950E9407C5F2DF882331F08BE1A0
:108C10009FE090935906809358060C945FAD909115
:108C2000C00C92FB882780F992FF05C097FB88272C
:108C300080F991E0892708951092FB061092FA06B8
:108C4000EEDF882379F05DDA9091C00C80FB97F914
:108C50009093C00C0E9481AD8AEF9EE00E9426C6D0
:108C60000C94E7238091C00C84FFF4CF0E94F0CADB
:108C7000F1CF8091AE0C813009F0D1CF81E0089521
:108C80002F923F924F925F926F927F928F929F921C
:108C9000AF92BF92CF92DF92EF92FF920F931F930A
:108CA000CF93DF9300D000D0CDB7DEB7E2DF382E10
:108CB0008091C00C84FB552450F8212C84FF02C005
:108CC00020DA282E0E944BCD2091B0062D83422E13
:108CD0002B5F2983612C06E012E181E0782E741865
:108CE000842D81958A832DE1E22E25E2F22E33E256
:108CF000C32E32E1D32E82E084198B8383E0841962
:108D00008C8343EB842E41E1942E55EFA52E53E244
:108D1000B52E29818D81281709F4D1C2882361F1EC
:108D2000311083C08091AE0C823021F060DF882347
:108D300009F4EFC12D81213009F4BBC182E08E839B
:108D40002D818E812813D6C18091B206821709F435
:108D5000E3C180913102882309F4CCC16D8164198B
:108D600081E09091B2062D81921380E023E04FEFD5
:108D700051E10E94EACBBEC18091B206882381F105
:108D800080913102882361F281E09091B2069111C5
:108D900080E024E04FE252E16A810E94EACB332076
:108DA00009F4C0CF84E08E839D812E81921360C030
:108DB0008091B206891709F4C0C1809131028823DD
:108DC00009F456C06D81641981E09091B2062D813D
:108DD000921380E023E041EF51E10E94EACB48C0CA
:108DE0008091AE061092AE06882351F20E941224A2
:108DF0008091C706882321F226960FB6F894DEBF2D
:108E00000FBECDBFDF91CF911F910F91FF90EF90DB
:108E1000DF90CF90BF90AF909F908F907F906F909A
:108E20005F904F903F902F9008959D81913009F46D
:108E3000DFC0923009F407C12D81233009F0B2CF91
:108E40008091B206833009F423C1809131028823D6
:108E500009F4A8CF81E09091B206933009F080E048
:108E600023E043E152E16C810E94EACB94E09E83CF
:108E70008E818F5F9D81891316C08091B2068917FC
:108E800009F46CC180913102882369F06D81641905
:108E900081E09091B2062D81921380E023E045EEAF
:108EA00051E10E94EACB8E818E5F9D81891316C0AD
:108EB0008091B206891709F462C18091310288233A
:108EC00069F06D81641981E09091B2062D81921351
:108ED00080E023E047ED51E10E94EACB93E0692E68
:108EE0008E81680E31101DC09D81691216C080915F
:108EF000B206891709F454C180913102882369F0C0
:108F00006D81641981E09091B2062D81921380E009
:108F100023E048EC51E10E94EACB84E0682E8E8188
:108F2000680E80913E06882309F45AC19D819611EE
:108F300021C08091B206891709F443C180913102A2
:108F40008823C1F0BF92AF9287EB91E19F938F93FB
:108F50008D8184198F9381E09091B2062D819213B7
:108F600080E08F930E9436230F900F900F900F9008
:108F70000F900F90639431108CC1211086C1552041
:108F800009F49AC18091C00C84FF18C08D818611AC
:108F900014C09091B206891709F449C18091310239
:108FA000882359F06D81641981E02D81291380E0B7
:108FB00020E24FE851E10E94EACB63948091C00C1B
:108FC00084FD49C18091090180FD5FC18D818611B9
:108FD0005BC18091B2069D81981345C18091AE0618
:108FE0001092AE06882309F43EC187EA93E25DC180
:108FF0008091B2068130D1F080913102882309F44A
:10900000D1CEFF92EF92DF92CF927F9281E090914A
:10901000B206913009F080E08F930E9436230F90C2
:109020000F900F900F900F900F90BCCE8091AE06D6
:109030001092AE06882301F30E941D258091C70679
:109040008823D1F2D9CE8091B206823091F08091FE
:109050003102882309F4A6CE81E09091B2069230C5
:1090600009F080E023E048E152E16B810E94EACB05
:1090700099CE8091AE061092AE06882341F38BEE16
:109080009CE10E9420B68091C706882301F3B4CEEC
:109090008091AE061092AE06882309F4D6CE8AEEF1
:1090A0009EEA0E9420B68091C706882309F4CDCE9F
:1090B000A3CE8091B206813001F1809131028823E4
:1090C00009F43CCE82E096E49F938F931F930F9315
:1090D0007F9281E09091B206913009F080E08F9309
:1090E0000E9436230F900F900F900F900F900F90CB
:1090F00082E08E838E818F5F56CE8091AE06109275
:10910000AE068823D1F27EDD8091C7068823A9F2BE
:1091100073CE91E09E8314CE8091AE061092AE067F
:10912000882309F416CE8AEE97EB0E9420B6809130
:10913000C706882309F40DCE5FCE8091AE0610924B
:10914000AE06882309F439CE83EB93E20E9420B661
:109150008091C706882309F430CE4ECE8091AE06AA
:109160001092AE06882309F48DCE8EE296EB0E9413
:1091700020B68091C706882309F484CE3DCE809125
:10918000AE061092AE06882309F497CE8AE79AE4D9
:109190000E9420B68091C706882309F48ECE2CCE7B
:1091A0008091AE061092AE06882309F4A5CE81E325
:1091B00094E20E9420B68091C706882309F49CCED1
:1091C0001BCE8091AE061092AE06882309F4B6CE6F
:1091D0000E94F5238091C706882309F4AFCE0CCEF8
:1091E0008D818611C7CE9091B206981789F0809133
:1091F0003102882309F4BECE6D81641981E02D818E
:10920000921380E020E243EA51E10E94EACBB2CE21
:109210008091AE061092AE06882349F390925906CB
:10922000809258068091C706882309F3E5CD809186
:10923000AE061092AE06882309F4B0CE2FE931E1D4
:1092400030935906209358068091C706882309F465
:10925000A5CE6D801AC08D81861116C08091B20690
:109260009D819817D1F080913102882369F06D813A
:10927000641981E09091B2062D81921380E023E081
:109280004BE751E10E94EACB63948091C7068111BC
:10929000B3CD8D818F5F8D833CCD8091AE061092D2
:1092A000AE06882301F388E493E60E9420B68091FD
:1092B000C7068823C1F2CDCF8091090183CE609289
:1092C000B1069ACD2F923F924F925F926F927F920A
:1092D0008F929F92AF92BF92CF92DF92EF92FF92C6
:1092E0000F931F93CF93DF93CDB7DEB72D970FB6B4
:1092F000F894DEBF0FBECDBFBCDC882309F4A5C047
:109300000E9412AD4B015C0120E13EE040E050E0E4
:109310000F946D05D22EC32E022F132F8CE3282E0F
:10932000312C412C512CC501B401A20191010F94A3
:109330006D05762E672ECA01B901A20191010F9425
:109340006D059E012F5F3F4F790130E8831631E5AF
:10935000930631E0A306B10408F490C07F936F93A5
:10936000C80168E170E00F94D7059F938F93C50102
:10937000B40120E831E541E050E00F946D053F93E2
:109380002F9380E09EE09F938F93FF92EF920E9435
:10939000DCFEC7010E9451FE0FB6F894DEBF0FBE7F
:1093A000CDBF2AE0281B85E48093F8151092F915AB
:1093B00088EF95E1FC0101900020E9F7CF01895F7A
:1093C00095418D30910540F4FC01E850FA4E3AE3A6
:1093D00030830C9709F0118208EF15E1F801019034
:1093E0000020E9F78F01095F1541022E000C330BB5
:1093F0008DE090E06C01C01AD10A2C153D050CF4EB
:1094000069011C141D0464F408501A4EA60160E2A0
:1094100070E0C8010F94400A0C0D1D1DF801108268
:1094200088EF95E1FC0101900020E9F7CF01895F09
:1094300095418D30910548F44EE050E0481B590BA2
:10944000B70188509A4E0E948CFE2D960FB6F89464
:10945000DEBF0FBECDBFDF91CF911F910F91FF9067
:10946000EF90DF90CF90BF90AF909F908F907F90C4
:109470006F905F904F903F902F90089501151105C8
:1094800099F46F927F927F936F9384EF9DE09F9307
:109490008F93FF92EF920E94DCFE0FB6F894DEBF2E
:1094A0000FBECDBF85E07DCF0436110538F47F9324
:1094B0006F93CF92DF9288EE9DE0E9CF7F936F9319
:1094C000CF92DF928EED9DE09F938F93FF92EF926C
:1094D0000E94DCFE0FB6F894DEBF0FBECDBF86E063
:1094E00060CF9091850E8091860E981301C0C1CBFC
:1094F00081E008952F923F924F925F926F927F92F8
:109500008F929F92AF92BF92CF92DF92EF92FF9293
:109510000F931F93CF93DF9300D000D01F921F9221
:10952000CDB7DEB7DEDF282E0E944BCD5090B006BF
:10953000352C25E0250D298381E085198C83352D77
:1095400031953D8332E7632E3DE1732E0FE910E143
:1095500084E085198E8348E7E42E4DE1F42E50E82F
:10956000C52E50E1D52E65E7A62E6DE1B62E71E928
:10957000872E70E1972E5110E4C08091B2068823A7
:1095800009F4B8C080913102882359F081E09091AC
:10959000B206911180E024E043ED50E16D810E941C
:1095A000EACB2CE938E138872F8322E0422E3EEFC8
:1095B000350D3A83852D83198B83541023C0EF8199
:1095C000F885859194919093E4068093E306109238
:1095D000E2061092E1069A819093E0068091B2062D
:1095E000851509F4D4C080913102882359F081E0B7
:1095F0009091B206941180E023E04EEA50E16B8135
:109600000E94EACB842D2F8138852E5F3F4F38870B
:109610002F8393E0492E833081F634E053121EC02D
:109620008091B206843009F4C3C08091310288234E
:10963000A9F07F926F921F930F938E818F9381E099
:109640009091B206943009F080E08F930E94362307
:109650000F900F900F900F900F900F9085E02110BA
:1096600042C085111EC08091B206853009F4AFC09A
:10967000809131028823A9F0BF92AF929F928F927E
:10968000852D83198F9381E09091B206951180E02A
:109690008F930E9436230F900F900F900F900F9092
:1096A0000F9096E059121EC08091B206863009F4E0
:1096B0009DC0809131028823A9F0FF92EF92DF9242
:1096C000CF92852D83198F9381E09091B2069511E9
:1096D00080E08F930E9436230F900F900F900F9091
:1096E0000F900F9087E053942981521244CF8093BA
:1096F000B1060EC08091AE061092AE06882309F422
:1097000041CF0E9412248091C706882309F43ACFE2
:1097100028960FB6F894DEBF0FBECDBFDF91CF9174
:109720001F910F91FF90EF90DF90CF90BF90AF907F
:109730009F908F907F906F905F904F903F902F9071
:10974000089581E058122DCF8091B206813081F0CA
:1097500080913102882309F424CF81E09091B206F0
:10976000913009F080E023E041EC50E16C8117CFAB
:109770008091AE061092AE06882351F385E09CE4FA
:109780000E9420B68091C706882311F3C1CF809133
:10979000AE061092AE06882309F425CF82EF91E33E
:1097A0000E9420B68091C706882309F41CCFB0CF51
:1097B0008091AE061092AE06882309F436CF0E943F
:1097C000721D8091C706882309F42FCFA1CF809105
:1097D000AE061092AE06882309F44ACF0E94751D8A
:1097E0008091C706882309F443CF92CF8091AE06BB
:1097F0001092AE06882309F45CCF0E94781D8091F8
:10980000C706882309F455CF83CF2F923F924F92FA
:109810005F926F927F928F929F92AF92BF92CF9200
:10982000DF92EF92FF920F931F93CF93DF9300D0BD
:109830001F921F92CDB7DEB754DE382E0E944BCD5B
:109840002091B0062C83332079F185E08D837C80D4
:10985000272D2B5F298385E087198A8384E0871968
:109860008B8383E0682E671882E0582E571881E0BA
:10987000482E4718272C21942C8121113CC080911F
:10988000B2068823A1F080913102882309F454C0E4
:1098900081E09091B206911180E024E04FE450E124
:1098A000622D0E94EACB48C096E09D83D0CF809184
:1098B000AE061092AE06882331F30E9412248091E6
:1098C000C706882301F30F900F900F900F900F9011
:1098D000DF91CF911F910F91FF90EF90DF90CF908C
:1098E000BF90AF909F908F907F906F905F904F90C0
:1098F0003F902F9008958C81813009F081C0809134
:10990000B206813009F467C0809131028823A1F04A
:109910001F928EE390E19F938F934F9281E09091FD
:10992000B206913009F080E08F930E9436230F90A9
:109930000F900F900F900F9031109EC08C8185304A
:1099400009F09AC08091B206853009F4F5C0809183
:109950003102811102C116E081E0810F9C818913DF
:1099600016C08091B206891709F423C18091310293
:10997000882369F06C81671981E09091B2062C818F
:10998000921380E023E045EF5FE00E94EACB82E0A3
:10999000810F9C81891315C09091B2062C8192177A
:1099A00009F418C180913102882359F06C8167193C
:1099B00081E02C81921380E023E043EE5FE00E947F
:1099C000EACB8C818F5F8C839981981355CF1D5F73
:1099D0001093B10678CF8091AE061092AE06882320
:1099E00009F492CF8EED9FE090935906809358062C
:1099F0000E94E7238091C706882309F485CF63CFAF
:109A00008C81823009F00EC18091B206823081F0E3
:109A100080913102882309F48FCF81E09091B206C2
:109A2000923009F080E023E04DE250E1652D39CF1E
:109A30008091AE061092AE06882351F388E993E335
:109A40000E9420B68091C706882311F33CCF8091F5
:109A5000B206833001F180913102882309F46CCF82
:109A600081E09091B206933009F080E023E040E27B
:109A700050E1662D0E94EACB9D812C81921309C092
:109A80008091B206891709F475C080913102811165
:109A900082C01D8161CF8091AE061092AE068823F0
:109AA000D1F281E495E30E9420B68091C706882315
:109AB00091F209CF8091AE061092AE06882309F488
:109AC000BDC020E030E04AE754E460917A0770912D
:109AD0007B0780917C0790917D070E94A8FF27E17A
:109AE00037EB41ED58E30F9425060F9469075B01AE
:109AF0006C0121E0A21AB108C108D1081F921F927F
:109B000081E0882E81E3982E1BE2E12EFF24F3945E
:109B100000E010E021E030E040E050E06AE777E06C
:109B200083E190E10E94D9CC0F900F908091C706FD
:109B3000882309F483C0C7CE8091AE061092AE068A
:109B4000882309F404CF82E298E30E9420B6809132
:109B5000C706882309F4FBCEB6CE81E09091B20609
:109B6000953009F080E023E04AE050E16A810E94EC
:109B7000EACBF1CE8091AE061092AE06882309F4AE
:109B800084CF88EB99E30E9420B68091C706882392
:109B900009F47BCF98CE6C81671981E09091B20671
:109BA0002C81921380E023E04EEF5FE00E94EACB2D
:109BB00070CF8091AE061092AE06882309F4D6CEFF
:109BC0008FEE9AE30E9420B68091C706882309F49D
:109BD000CDCE79CE8091AE061092AE06882309F4E0
:109BE000E1CE0E94BD2320E040E070E060E084E030
:109BF0009DE10F900F900F900F900F90DF91CF91FC
:109C00001F910F91FF90EF90DF90CF90BF90AF909A
:109C10009F908F907F906F905F904F903F902F908C
:109C20000C9444232C81233009F411CF243009F003
:109C300083CE8091B206843009F43CCF809131020A
:109C4000882309F479CE11E08091B206843009F0BE
:109C500010E060917A0770917B0780917C0790916A
:109C60007D070E943A1C00E09C0143E150E16B81BA
:109C7000812F0E94063100CF81E00895CF93DF93BA
:109C8000EC01E62F660FFF0BEB5CF04DE491E25028
:109C9000E13108F0B0C0F0E08827EE5AF14B8F4F69
:109CA0000D94FE05634EFB4EFB4EFB4EFB4E8D4E60
:109CB0006F4EB14EAF4E8F4ED54ED34EB34EFB4E80
:109CC000F94EF74ED74E82E1E8E5F2E0DE01019071
:109CD0000D928A95E1F7CE01DF91CF91089581E051
:109CE00020EB30E03983288321EB30E03B832A836B
:109CF0001D821C8223EB30E03F832E8324EB30E077
:109D0000398728871B861A861D861C8692E09E87C7
:109D10008F8781E0888B198ADECF80E0E1CF81E0F8
:109D20008F5F20E930E03983288321E930E03B83ED
:109D30002A8322E930E03D832C8328E930E03F8309
:109D40002E832AE930E0398728872CE930E03B87E9
:109D50002A8726E930E03D872C8793E0D8CF80E042
:109D6000DFCF80E0DECF81E08F5F20EA30E0398313
:109D7000288321EA30E03B832A8322EA30E03D83D6
:109D80002C8328EA30E03F832E832AEA30E03987AB
:109D900028872CEA30E03B872A8726EA30E03D8797
:109DA0002C8794E0B4CF80E0DFCF80E0DECF81E08D
:109DB0008F5F20E231E03983288321E231E03B8369
:109DC0002A8322E231E03D832C8328E231E03F8385
:109DD0002E832AE231E0398728872CE231E03B8765
:109DE0002A8726E231E03D872C8795E090CF80E0FE
:109DF000DFCF80E0DECF82E1FE0111928A95E9F7A4
:109E00006ACF9091C00095FFFCCF8093C600089563
:109E1000CF93DF93EC01FE0184912196882311F00A
:109E2000F0DFF9CFDF91CF91089580913E0688232E
:109E300039F08BE793E0ECDF269A2E9A10923E06DB
:109E40000895CF92DF92EF92FF926A017B01E0DFEB
:109E5000C701B601FF90EF90DF90CF900C9447C6FA
:109E600084E793E0D5CF8EE693E0D2CFCF92DF9216
:109E7000EF92FF921F93CF93DF93CDB7DEB72C976E
:109E80000FB6F894DEBF0FBECDBF8091730783304D
:109E900008F4AEC00E94283F8091AD0783FD6AC0E0
:109EA0002091350C3091360C4091370C5091380C84
:109EB00060911705709118058091190590911A0508
:109EC0000E9443FF882309F455C00E94009A182F6E
:109ED000882321F0C8DF85E69BE09ADF2091350CCE
:109EE0003091360C4091370C5091380C6091170529
:109EF000709118058091190590911A050F94240608
:109F00006B017C0120E030E0A9010F944C0887FF31
:109F100004C0F7FAF094F7F8F09420913C023091E5
:109F20003D0240913E0250913F02C701B6010E949E
:109F3000A8FF20E030E048E453E40F944C081816E2
:109F4000BCF491DF86E49BE063DF8091170590917C
:109F50001805A0911905B0911A058093350C9093BE
:109F6000360CA093370CB093380C0E9460AA02C044
:109F70001111EBCF2AE037ED43E25CE360910B0275
:109F800070910C0280910D0290910E020E94A8FF28
:109F90006B017C016091200270912102072E000C60
:109FA000880B990B0E9449FF9B01AC01C701B601C8
:109FB0000E94A8FFAB01BC0119821A821B821C827D
:109FC0001D821E821F82188619861A861B861C8691
:109FD0009E012F5F3F4F8BE095E00E9455ED80E1A1
:109FE000EBE0F5E0A9E2BCE001900D928A95E1F783
:109FF0002C960FB6F894DEBF0FBECDBFDF91CF9188
:10A000001F91FF90EF90DF90CF9008952F923F9295
:10A010004F925F926F927F928F929F92AF92BF9278
:10A02000CF92DF92EF92FF920F931F93CF93DF9324
:10A03000CDB7DEB7C058D1090FB6F894DEBF0FBE5A
:10A04000CDBF27969FAF8EAF27976D967FAF6EAF30
:10A050006D974DA72C962FAF2C97809156043324E3
:10A06000339410E002E0813049F0E2E03E2E11E04E
:10A0700000E0823019F4312C12E001E06D96AEADB3
:10A08000BFAD6D974D905D906D907C901397A3013F
:10A09000920150582DAB3EAB4FAB58AF1496CD90BC
:10A0A000DD90ED90FC901797D701C601B05889ABB1
:10A0B0009AABABABBCABA3019201C301B2010E944E
:10A0C000A8FF4B015C01A7019601C701B6010E94E0
:10A0D000A8FF9B01AC01C501B4010F9425060F94A4
:10A0E000DF08A9966CAF7DAF8EAF9FAFA997A02F69
:10A0F000B0E0AB96BFAFAEAFAB97AA0FBB1FAA0F36
:10A10000BB1F6196BFAFAEAF6197FD01E75DF34F37
:10A1100080809180A280B380A3019201C501B40127
:10A120000F942506E1966CAF7DAF8EAF9FAFE197A0
:10A13000E12FF0E0AD96FFAFEEAFAD97EE0FFF1F52
:10A14000EE0FFF1F6396FFAFEEAF6397E75DF34F30
:10A15000208131814281538129A73AA74BA75CA76F
:10A16000A701960169A57AA58BA59CA50F94250644
:10A17000E5966CAF7DAF8EAF9FAFE5972796EEADBE
:10A18000FFAD279761964EAD5FAD6197E40FF51F68
:10A190004080518062807380E1962CAD3DAD4EAD24
:10A1A0005FADE197C301B2010F9424066D8F7E8FDE
:10A1B0008F8F98A32796EEADFFAD279763968EAD50
:10A1C0009FAD6397E80FF91FC080D180E280F380D4
:10A1D000E5962CAD3DAD4EAD5FADE597C701B6013F
:10A1E0000F94240669A37AA38BA39CA3A3019201D5
:10A1F000C501B4010F9424064B015C012DEB37E33C
:10A2000046E855EB0F944C0887FDC3C12DEB37E3AF
:10A2100046E855E3C501B4010E9443FF18160CF44B
:10A22000B8C1A701960169A57AA58BA59CA50F9435
:10A2300024066B017C012DEB37E346E855EB0F94C8
:10A240004C0887FDA6C12DEB37E346E855E3C7016F
:10A25000B6010E9443FF18160CF49BC19DA59923DB
:10A2600009F42CC2A8E4B0E0BAAFA9AF4BED842E3C
:10A270004FE0942E49ECA42E40E4B42E5BEDC52EA5
:10A280005FE0D52E59ECE52E50ECF52E44E0349EDF
:10A29000900111243AA729A7F901E75DF34F8081C6
:10A2A0009181A281B38167968CAF9DAFAEAFBFAFF6
:10A2B00067972091350C3091360C4091370C5091B6
:10A2C000380C6B962CAF3DAF4EAF5FAF6B972796B8
:10A2D0004EAD5FAD279789A59AA5480F591F2996BE
:10A2E0005FAF4EAF299767962CAD3DAD4EAD5FADDC
:10A2F00067972996AEADBFAD29976D917D918D91F0
:10A300009C910F942406762E672E582E492E6D8F21
:10A3100079A38DA39BAF6B962CAD3DAD4EAD5FADDC
:10A320006B972796EEADFFAD27976485758586857B
:10A3300097850F942406162F072F6E968FAF6E9772
:10A34000A2969FAFA2976DAF22967FAF22971C0176
:10A350002C96FFAD2C97FF2309F4B7C02F2E312C7C
:10A36000B101032C000C880B990B0E9449FF2BEDC7
:10A370003FE049EC50E40E94A8FFA50194010F942E
:10A3800025069B01AC016BED7FE089EC90E40F9416
:10A3900001076D8F7E8F8F8F98A39B01AC01672D76
:10A3A000762D852D942D0E94A8FF2B013C012D8D2B
:10A3B0003E8D4F8D58A1612F702F6E968FAD6E9789
:10A3C000A2969FADA2970E94A8FF69A37AA38BA330
:10A3D0009CA380E1E9E2FCE08E010F5F1F4FD801F2
:10A3E00001900D928A95E1F729A53AA5200F311F1A
:10A3F0003E8F2D8F31E0231A3108A3019201AD8DDC
:10A40000BE8D6D917D918D919C910F942506ED8D62
:10A41000FE8D608371838283938329A13AA14BA12E
:10A420005CA16D857E858F8598890F9425066D8743
:10A430007E878F87988B20E04DA56D966EAD7FADA2
:10A440006D97C801E3DD21143104A1F6E9A5FAA551
:10A45000E75DF34F208131814281538167962CAFB4
:10A460003DAF4EAF5FAF67978091350C9091360C42
:10A47000A091370CB091380C6B968CAF9DAFAEAFFE
:10A48000BFAF6B972996AEADBFAD29976D917D910A
:10A490008D919C910F9424066D8F79A38DA39BAF12
:10A4A0006B962CAD3DAD4EAD5FAD6B972796EEAD87
:10A4B000FFAD279764857585868597850F9424065B
:10A4C0006DAF22967FAF22971C01A9962CAD3DADB2
:10A4D0004EAD5FADA997C501B4010E94A8FF6DA75D
:10A4E0007EA78FA798AB27E137EB41ED58E30E9499
:10A4F00043FF87FFF2C02DEB37E346E855EB6D8D48
:10A5000079A18DA19BAD0F944C0887FDE6C02DEB82
:10A5100037E346E855E36D8D79A18DA19BAD0E948F
:10A5200043FF18160CF4D9C02DEB37E346E855EB82
:10A530006DAD22967FAD2297C1010F944C0887FD27
:10A540000DC02DEB37E346E855E36DAD22967FADA8
:10A550002297C1010E9443FF18160CF487DCC058F3
:10A56000DF4F0FB6F894DEBF0FBECDBFDF91CF91A6
:10A570001F910F91FF90EF90DF90CF90BF90AF9021
:10A580009F908F907F906F905F904F903F902F9013
:10A5900008952DA93EA94FA958AD6D8D7E8D8F8D43
:10A5A00098A10E94A8FF6B017C0129A93AA94BA997
:10A5B0005CA969A17AA18BA19CA10E94A8FF9B0123
:10A5C000AC01C701B6010F9425066B017C012DA9D2
:10A5D0003EA94FA958AD69A17AA18BA19CA10E9467
:10A5E000A8FF4B015C0129A93AA94BA95CA96D8D73
:10A5F0007E8D8F8D98A10E94A8FF9B01AC01C501A3
:10A60000B4010F942406A70196010F9498066B01DC
:10A610007C0120E030E0A9010E9443FF882309F477
:10A620009ECF20E030E0A901C701B6010E9443FFA0
:10A6300087FF2DC082E090E0BDA58B2B8130910576
:10A6400049F1029791F120E030E0A901C701B6017C
:10A650000F944C084601570187FF04C0B7FAB09425
:10A66000B7F8B0942BED3FE049EC50E4C501B401DC
:10A670000F94010720E030E040E952E40E94A8FF77
:10A680000F94EB060F946E077AAF69AFFFCD90E0A1
:10A6900080E0D2CF2BED3FE049EC50E4C701B6019A
:10A6A0000F9424066B017C01CECF2BED3FE049ECEB
:10A6B00050E4C701B6010F942506F4CFE8E4F0E0BA
:10A6C000FAAFE9AF3BED832E3FE0932E39ECA32E9A
:10A6D00030E4B32E75016401D9CD2AE037ED43E2B1
:10A6E0005CE360910B0270910C0280910D029091DD
:10A6F0000E020E94A8FF4B015C0160912002709144
:10A700002102072E000C880B990B0E9449FF9B0128
:10A71000AC01C501B4010E94A8FF2F966CAF7DAFBC
:10A720008EAF9FAF2F976DA57EA58FA598A90F948B
:10A730009A073B014C0129AD3AADB90190E080E0A8
:10A740000E9447FF5B018C019B01AC01B301C40176
:10A750000F944C08181614F4530184019501A801B4
:10A760006DA57EA58FA598A90F9401072B013C012B
:10A7700020E030E040E85FE30F944C0818160CF03E
:10A78000D5C26DA57EA58FA598A90F94EB060F9451
:10A790006E077AAF69AF198A1A8A1B8A1C8A1D8ACA
:10A7A0001E8A1F8A188E198E1A8E1B8E1C8E49AD1A
:10A7B0005AAD4230510508F48DC2BA0190E080E0F4
:10A7C0000E9447FF2B966CAF7DAF8EAF9FAF2B974C
:10A7D0009B01AC01C701B6010F9401072B013C019D
:10A7E000AC019B010E94A8FF6B017C01AC019B01A5
:10A7F000C301B2010E94A8FF20E030E040EC50E429
:10A800000F9401079B01AC01C301B2010F94240610
:10A81000A5966CAF7DAF8EAF9FAFA59720E030E0DF
:10A8200040E05FE3C701B6010E94A8FF9B01AC01B5
:10A8300060E070E080E89FE30F942406E9966CAF37
:10A840007DAF8EAF9FAFE9972B962CAD3DAD4EAD52
:10A850005FAD2B976D8D79A18DA19BAD0F940107F5
:10A86000ED966CAF7DAF8EAF9FAFED972B962CAD75
:10A870003DAD4EAD5FAD2B976DAD22967FAD22976E
:10A88000C1010F940107C358DF4F688379838A831E
:10A890009B83CD57D040E9A5FAA5EC0FFD1F679625
:10A8A0008CAD9DADAEADBFAD679781839283A38321
:10A8B000B4836B962CAD3DAD4EAD5FAD6B972D87E0
:10A8C0003E874F87588B0E947FD19B01AC01285354
:10A8D0003F4F4F4F5F4FA1962CAF3DAF4EAF5FAF95
:10A8E000A1976196EEADFFAD6197E75CF34F0081F4
:10A8F0001181228133816396EEADFFAD6397E75CF2
:10A90000F34F6081718182819381061717072807B1
:10A91000390710F4C901B8010E9447FF25966CAFB2
:10A920007DAF8EAF9FAF2597AD96EEADFFADAD97E6
:10A93000EE0FFF1FEE0FFF1FE35AF34FE080F18091
:10A9400002811381AB96EEADFFADAB97EE0FFF1F0B
:10A95000EE0FFF1FE35AF34FA080B180C280D38077
:10A960009501A601B701C8010F944C08181614F4FC
:10A97000750186012F962CAD3DAD4EAD5FAD2F9785
:10A98000CA01B9010E94A8FF6D8F79A31C01259609
:10A990002CAD3DAD4EAD5FAD2597A9966CAD7DADAF
:10A9A0008EAD9FADA9970E94A8FF5B016C01970136
:10A9B000A801B701C8010E94A8FF7B018C01950185
:10A9C000A6016D8D79A1C1010F944C0818161CF4D5
:10A9D000AD8EB9A216012D8D39A1A101B701C80113
:10A9E0000E9443FF87FF03C0ED8EF9A2180141E0EA
:10A9F00050E05CAF4BAF59E15DA381E090E08C0F7C
:10AA00009D1F6196AEADBFAD61978A0F9B1F61968A
:10AA10009FAF8EAF6197E1E0F0E0EC0FFD1F639612
:10AA20002EAD3FAD6397E20FF31F6396FFAFEEAF1E
:10AA3000639741E050E04C0F5D1F89A59AA5480F30
:10AA4000591F5AA749A70E94F0920E947FD1A19650
:10AA50000CAD1DAD2EAD3FADA197061B170B280BFE
:10AA6000390B101611061206130674F09B01AC0187
:10AA700028533F4F4F4F5F4FA1962CAF3DAF4EAF86
:10AA80005FAFA1970E94CED63DA131503DA34BAD03
:10AA90005CADBA0190E080E00E9447FF21966CAF68
:10AAA0007DAF8EAF9FAF21975DA1552309F46AC199
:10AAB0002DA93EA94FA958ADA5966CAD7DAD8EAD23
:10AAC0009FADA5970E94A8FF6B017C0129A93AA917
:10AAD0004BA95CA9E9966CAD7DAD8EAD9FADE997B4
:10AAE0000E94A8FF9B01AC01C701B6010F94250687
:10AAF0007B018C012DA93EA94FA958ADE9966CADFB
:10AB00007DAD8EAD9FADE9970E94A8FF4B015C0122
:10AB100029A93AA94BA95CA9A5966CAD7DAD8EADCE
:10AB20009FADA5970E94A8FF9B01AC01C501B40190
:10AB30000F9424066DAB7EAB8FAB98AFC701D801E5
:10AB400089AB9AABABABBCABE1962CAD3DAD4EAD9A
:10AB50005FADE1976DA97EA98FA998AD0F942506E9
:10AB60006196EEADFFAD61976083718382839383BD
:10AB700029A93AA94BA95CA9E5966CAD7DAD8EAD2E
:10AB80009FADE5970F9425066396AEADBFAD639775
:10AB90006D937D938D939C93139721962CAD3DAD32
:10ABA0004EAD5FAD2197ED966CAD7DAD8EAD9FAD99
:10ABB000ED970E94A8FF67962CAD3DAD4EAD5FAD01
:10ABC00067970F942506E9A5FAA5608371838283B0
:10ABD000938321962CAD3DAD4EAD5FAD2197C3580B
:10ABE000DF4F688179818A819B81CD57D0400E9457
:10ABF000A8FF6B962CAD3DAD4EAD5FAD6B970F943E
:10AC000025066D877E878F87988B2B962CAD3DAD63
:10AC10004EAD5FAD2B976DA57EA58FA598A90F941E
:10AC2000010721962CAD3DAD4EAD5FAD21970E9441
:10AC3000A8FF9B01AC016DA57EA58FA598A90F94D7
:10AC400024066B017C0125962CAD3DAD4EAD5FAD6C
:10AC50002597CA01B9010F9425069B01AC01C701D4
:10AC6000B6010E94A8FF7B018C012D8D39A1A101A5
:10AC70000F944C0818161CF4ED8CF9A08101C70143
:10AC8000D801898F9A8FAB8FBC8F9E012F5E3F4F6B
:10AC90002F964CAD5DAD6EAD7FAD2F97CE01019679
:10ACA0000E9455ED8823B1F0A9962CAD3DAD4EAD77
:10ACB0005FADA9972D8B3E8B4F8B588F4BAD5CAD05
:10ACC0004F5F5F4F5CAF4BAF89AD9AAD841795076F
:10ACD00009F0B9CE80E12796EEADFFAD2797DE01F2
:10ACE000119601900D928A95E1F71D8A1E8A1F8A9E
:10ACF000188E198E1A8E1B8E1C8E9E012F5E3F4F52
:10AD00002F964CAD5DAD6EAD7FAD2F97CE01019608
:10AD10000E9455ED80E12796EEADFFAD2797A9E2A1
:10AD2000BCE001900D928A95E1F719CC2DEC3CEC3A
:10AD30004CEC5DE3C301B2010E9443FF87FF1FC0DB
:10AD40002DEC3CEC4CEC5DE36DA57EA58FA598A9A0
:10AD50000F9401070F949A074B015C0120E030E04B
:10AD600040E85FE30E9443FF87FF06C0812C912CDF
:10AD700020E8A22E2FE3B22EC501B40108CDB50103
:10AD8000C80105CD21962CAD3DAD4EAD5FAD2197EF
:10AD9000C301B2010E94A8FF6B017C010F94FE0663
:10ADA0006DA37EA38FA398A7C701B6010F94D50802
:10ADB0004B015C016D96AEADBFAD6D97CD90DD9052
:10ADC000ED90FC901397F7FAF094F7F8F09414963E
:10ADD0002D913D914D915C91179729AB3AAB4BABBF
:10ADE0005CAB2DA13EA14FA158A5C701B6010E94A1
:10ADF000A8FF6DAB7EAB8FAB98AFA501940169A99D
:10AE00007AA98BA99CA90E94A8FF9B01AC016DA9FE
:10AE10007EA98FA998AD0F9425066DAB7EAB8FAB45
:10AE200098AFA5019401C701B6010E94A8FF6B016C
:10AE30007C012DA13EA14FA158A569A97AA98BA992
:10AE40009CA90E94A8FF9B01AC01C701B6010F9409
:10AE5000240669AB7AAB8BAB9CABB9E1BDA374CED6
:10AE6000CF93809356049091AD0791FF14C0C82FE3
:10AE70000E94334F89E09BE00E94084F85E09BE0F1
:10AE8000C23031F081E09BE0C13011F48DEF9AE0E7
:10AE9000CF910C94084FCF910895CF93DF93EB019E
:10AEA0000E94084FBE01DD0F880B990BDF91CF91F7
:10AEB0000C9498C58AE00C94014F0F931F93CF9385
:10AEC0008C01C62F81E49BE00E94084FC8010E94BC
:10AED000084F8AE30E94014F80E38C0F0E94014FCC
:10AEE000CF911F910F91E6CFCF92DF92EF92FF9219
:10AEF0006A017B010E94084FC701B6010E9498C5F4
:10AF0000FF90EF90DF90CF90D5CFCF9360917504F5
:10AF10006653C62FC80F8C2F0E94733E882379F08A
:10AF20008AE19BE00E94084F6C2FCC0F770B880BB7
:10AF3000990B0E9498C5BEDFCF910C9419ABCF91AD
:10AF400008950F931F93CF9384E50E942E1CC0E0B9
:10AF50008823F1F00E948622C82F1816CCF40E9494
:10AF6000334F00917504109176048DE40E94014FD7
:10AF7000C8010E94D43E80ED94E00E94084F6C2FDF
:10AF8000CC0F770B880B990B0E9498C593DFCFEFFE
:10AF90008C2FCF911F910F9108950F931F93CF93F3
:10AFA000811114C0C42F8B010E94334F8DEC94E0AB
:10AFB0000E94084FC8010E94084FCC2339F08AE351
:10AFC0000E94014FCF911F910F9174CFCF911F918C
:10AFD0000F910895E091980881E6E89FF00111240F
:10AFE000E650F74F8081811105C08BEF9DE20E94F2
:10AFF000084F60CF0895CF93C82F41E062EC74E012
:10B00000CCDFC11102C00E94334F4091750E5091A8
:10B01000760E6091770E7091780E89EB94E00E9425
:10B02000214F21E732EB47E25EE36091790E7091A8
:10B030007A0E80917B0E90917C0E0F940107AB01EC
:10B04000BC0186EB94E00E94214F21E732EB47E2FE
:10B050005EE360917D0E70917E0E80917F0E9091E7
:10B06000800E0E94A8FFAB01BC0183EB94E00E941C
:10B07000214FCF911FCFCF92DF92EF92FF926A01C3
:10B080007B010E94084FC701B6010E9447C6FF908E
:10B09000EF90DF90CF900ECF2F923F924F925F9222
:10B0A0006F927F928F929F92AF92BF92CF92DF92D8
:10B0B000EF92FF920F931F93CF93DF93CDB7DEB73D
:10B0C000C454D1090FB6F894DEBF0FBECDBF70E0F7
:10B0D00060E085E40E94792281114DC083E40E94E2
:10B0E0002E1C811169C025E02BA783E50E942E1C30
:10B0F000882309F465C00E94762222969FAF8EAF06
:10B10000229760E085E50E9497228BAF8BE69DE059
:10B110000E9426C60E947FD16B877C878D879E8781
:10B1200022968EAD9FAD2297853091400CF44FC092
:10B130008EE59DE00E94084F8FE39DE00E94084F3E
:10B14000CC5BDF4F0FB6F894DEBF0FBECDBFDF91F3
:10B15000CF911F910F91FF90EF90DF90CF90BF9014
:10B16000AF909F908F907F906F905F904F903F90A7
:10B170002F900C9407C580EF9BE00E94084F88ED4C
:10B180009BE0CC5BDF4F0FB6F894DEBF0FBECDBFA8
:10B19000DF91CF911F910F91FF90EF90DF90CF90B3
:10B1A000BF90AF909F908F907F906F905F904F90E7
:10B1B0003F902F900C94084F0E9476228BA795CF3A
:10B1C00044EB50E022965FAF4EAF22979ACF229683
:10B1D0002EAD3FAD2297B901330F880B990B0E941A
:10B1E00049FF6B8B7C8B8D8B9E8B8B859C85AD8576
:10B1F000BE85805C9346AF4FBF4F8DAB9EABAFAB70
:10B20000B8AF82E39DE00E94084F8AE29DE00E9471
:10B21000084F0E943D908FE78093630E8FE19DE081
:10B220000E9426C681E08093FB068B849C84AD84BB
:10B23000BE848CA69DA6AEA6BFA61E8E1F8E18A28B
:10B2400019A21AA21BA21CA21DA219821A821B8279
:10B250001C822FE730E040E050E02F87388B498B8D
:10B260005A8B1F8230E43F8B4CE1488F56E4598F54
:10B270001A8E1B8E1C8E1D8EFFE7CF2ED12CE12C3B
:10B28000F12C18AA19AA1AAA1BAA1CAA1FA218A64E
:10B2900019A61AA68EA31E821D82212C312C00E035
:10B2A00010E0ABA50A2E000CBB0BBAAFA9AF2296DB
:10B2B0008EAD9FAD22974E969C01990F440B550B76
:10B2C0002CAF3DAF4EAF5FAF22964EAD5FAD229734
:10B2D0004E515109CA01092E000CAA0BBB0B249632
:10B2E0008CAF9DAFAEAFBFAF24978091FB06882394
:10B2F00009F48AC00E947FD12B013C019091A205E4
:10B3000025969FAF2597992321F00E941D921092B8
:10B31000A2050E94B22A0E94DEB22596AFAD259703
:10B32000AA2309F45DC020905D0E30905E0E00915E
:10B330005F0E1091600E2A8D3B8D4C8D5D8DB1019D
:10B34000C8010F944C08181624F42A8E3B8E0C8FDB
:10B350001D8F2F813F89488D598DB101C8010E94F1
:10B3600043FF87FF04C02F823F8A088F198FBEA139
:10B370009101A8016B897C898D899E89BB2309F481
:10B3800067C10E9443FF87FF2BC0B301A201481988
:10B3900059096A097B09483823E15207610571059B
:10B3A000F8F08F859889A989BA898C199D09AE0909
:10B3B000BF09B595A795979587958093630E4FA381
:10B3C00058A769A77AA73B893A8F4C894B8F5D892B
:10B3D0005C8F8E898D8F4B865C866D867E861EA2E5
:10B3E0006CAD7DAD8EAD9FAD0E9449FF9101A8016E
:10B3F0000E9443FF87FF26C086EB9CE00E94084F17
:10B4000087E99CE00E94084F1092FB060E943D9045
:10B4100097CE4BEEC42ED12CE12CF12C69C184E1E6
:10B4200090E0A0E0B0E08F87988BA98BBA8B34E1D5
:10B43000C32ED12CE12CF12C69C1CF86D88AE98AA0
:10B44000FA8A64C18CA59DA5AEA5BFA584199509EE
:10B45000A609B709181619061A061B060CF444C0EB
:10B4600080E00E94CDBD26DDD301C2018053984FFC
:10B47000AF4FBF4F8CA79DA7AEA7BFA798A99111AB
:10B4800066C029A93AA94BA95CA9B101C8010F94CA
:10B490004C0818160CF046C020E030E040E050E4C4
:10B4A000B101C8010F94250669AB7AAB8BAB9CAB9D
:10B4B000A3019201205C33464F4F5F4F2DAB3EAB53
:10B4C0004FAB58AF20E030E040EC50E46B897C8912
:10B4D0008D899E890F9424069101A8010E9443FF43
:10B4E000881F8827881F88AB8B859C85AD85BE8586
:10B4F00088169906AA06BB0610F4D501C401481A9D
:10B50000590A6A0A7B0A31E843163FE4530632E1DE
:10B510006306710488F18AE89CE00E94084F88E77E
:10B520009CE070CF8DA99EA9AFA9B8AD84199509EB
:10B53000A609B70944E755E263E875E2181619064B
:10B540001A061B068CF280E00E94ED90CDCF249667
:10B550006CAD7DAD8EAD9FAD24970E9449FF9B01E0
:10B56000AC01B101C8010E9443FF87FFBDCF41EC90
:10B5700056E261ED76E2E7CF49AD5AAD8D819E810D
:10B58000481759070CF0B1CE03970CF4AECE8BE6FA
:10B590009CE00E94084F8AE19CE00E94084F8DEFDA
:10B5A0009BE00E94084F49815A816B817C8186E132
:10B5B0009CE061DD8DEF9BE00E94084F4AA15BA1FA
:10B5C0006CA17DA182E19CE056DD8DEF9BE00E94A5
:10B5D000084F4E8D5F8D68A179A18EE09CE04BDD18
:10B5E0009BAD992309F4ACCD29813A814B815C81D3
:10B5F0002093750E3093760E4093770E5093780E0D
:10B6000021E732EB47E25EE36AA17BA18CA19DA119
:10B610000E94A8FF6093790E70937A0E80937B0E40
:10B6200090937C0E21E732EB47E25EE36E8D7F8DD7
:10B6300088A199A10F94010760937D0E70937E0EEF
:10B6400080937F0E9093800E81E08093640E78CD7E
:10B650000F944C0818160CF0C3CED301C2012B85F1
:10B660003C854D855E85821B930BA40BB50B8838FA
:10B6700033E19307A105B10508F4B2CE4D815E8197
:10B68000452B09F4FAC08FA098A4A9A4BAA4880EE7
:10B69000991EAA1EBB1E2FA138A549A55AA5281B75
:10B6A000390B4A0B5B0BC701B6010F945E05A50170
:10B6B00094010F948F05CF84D888E988FA88C20E48
:10B6C000D31EE41EF51E54E1C516D104E104F104B5
:10B6D0000CF4A5CE8CEEC816D104E104F1040CF0F4
:10B6E00098CE90E8C916D104E104F1040CF4A5CE7B
:10B6F000CF86D88AE98AFA8A2EEF30E040E050E01F
:10B700002C193D094E095F0969017A0187E19DE025
:10B710000E94084F6F85788989899A890E9498C507
:10B7200082E19DE00E94084FC701B6010E9498C5C2
:10B730004F815F89688D798D8BE09DE00E94214F5C
:10B740004A8D5B8D6C8D7D8D84E09DE00E94214F44
:10B75000AD81BE8113970CF490C0C701B6010E9461
:10B7600049FF20E030E040E850E40E94A8FF6983F0
:10B770007A838B839C832F813F89488D598D6A8D75
:10B780007B8D8C8D9D8D0F9424062BED3FE049E43D
:10B7900050E40E94A8FF20E030E040E05FE30E9418
:10B7A000A8FF9B01AC0169817A818B819C810F94F8
:10B7B00001076F83788789879A87C501B4010E9442
:10B7C00049FF2FE632E143E85AE30E94A8FF4B010C
:10B7D0005C012AE939E949E15FE36F817885898570
:10B7E0009A850E94A8FF69837A838B839C839B013F
:10B7F000AC010F942506A50194010F9401076AA3DB
:10B800007BA38CA39DA329813A814B815C81C501D7
:10B81000B4010E94A8FF20E030E040E05EE30E9417
:10B82000A8FF6E8F7F8F88A399A34F815885698564
:10B830007A858EEF9CE00E94214FB501A40188EF2C
:10B840009CE019DC89EE9CE00E94084F49815A81F6
:10B850006B817C8183EE9CE00E94214F4AA15BA119
:10B860006CA17DA18DED9CE00E94214F4E8D5F8DDE
:10B8700068A179A187ED9CE0FEDB8F859889A98975
:10B88000BA898C0D9D1DAE1DBF1DB595A7959795C9
:10B8900087958093630EBAADBF932BA52F933E81FE
:10B8A0003F934D814F9383EC9CE09F938F932EECBD
:10B8B0003CE03F932F931F920E9442258D819E81F1
:10B8C00001969E838D830FB6F894DEBF0FBECDBF69
:10B8D000BB89BF832C892F8B3D89388F4E89498F37
:10B8E0005301420125965FAD25975EA379CDCF9395
:10B8F000DF9364EA7BE00E94A7C6C1EFD6E06881CF
:10B9000079818BE99BE0C9DA6A817B8188E99BE0D8
:10B91000C4DA4C815D816E817F8185E99BE0DF9196
:10B92000CF91A9CBCF93DF9365E37BE00E94A7C6BD
:10B93000CAE4D6E0488159816A817B818CE29BE030
:10B940000E94214F4C815D816E817F818EEE92E35A
:10B950000E94214F488559856A857B858BEE92E34D
:10B96000DF91CF9188CB6EE574E00E94A7C660910D
:10B97000490C70914A0C80914B0C90914C0C0E9498
:10B9800047FFAB01BC0185E594E00E94214F409147
:10B99000790C50917A0C60917B0C70917C0C82E553
:10B9A00094E00E94214F40917D0C50917E0C60915B
:10B9B0007F0C7091800C8FE494E00E94214F4091A5
:10B9C0007A0750917B0760917C0770917D078CE42A
:10B9D00094E051CBCF93DF9362E074E00E94A7C65E
:10B9E000C9E3DCE04CA95DA96EA97FA989EF93E0CA
:10B9F0000E94214F48AD59AD6AAD7BAD86EF93E013
:10BA00000E94214F4CAD5DAD6EAD7FAD8FE494E0F3
:10BA1000DF91CF9130CBCF93DF936EED73E00E9437
:10BA2000A7C6C9E3DCE04CA15DA16EA17FA185EDB5
:10BA300093E00E94214F48A559A56AA57BA58EEEEB
:10BA400092E30E94214F4CA55DA56EA57FA58BEECC
:10BA500092E30E94214F48A959A96AA97BA988EEBF
:10BA600092E30E94214FDF91CF9124CACF93DF93BD
:10BA700069EB73E00E94A7C6C9E3DCE068817981C5
:10BA80008A819B810E9447FFAB01BC0180EB93E060
:10BA90000E94214F6C817D818E819F810E9447FF92
:10BAA000AB01BC018EEE92E30E94214F688579853F
:10BAB0008A859B850E9447FFAB01BC018BEE92E318
:10BAC0000E94214F6C857D858E859F850E9447FF52
:10BAD000AB01BC0188EE92E30E94214FDF91CF9130
:10BAE000E9C9CF93811115C00E94334F8DEC94E0CA
:10BAF0000E94084F8EE993E00E94084F80919105C3
:10BB0000811104C081E993E00E94084FD3D90E94BB
:10BB1000334FC091910588E893E00E94084F6C2F45
:10BB200070E090E080E00E9498C540918D055091B2
:10BB30008E0560918F057091900585E893E0CF9117
:10BB40009ACAEC018B01F42E0E943D901092570688
:10BB500080E00E94FD3E209709F482C00E94334F8E
:10BB6000CE010E94084FA6D90115110511F40DE66A
:10BB700013E00E94652D1F930F93DF93CF938DE306
:10BB800093E09F938F9381E08F930E9442250E94C0
:10BB9000E723C0910B16C695C69586E096E10E94F4
:10BBA000802ADC2FDD0F1D2F1C0F8DB79EB7079647
:10BBB0000FB6F8949EBF0FBE8DBF83E00E94B228DF
:10BBC00010924116C09342168BEC95E10E94EB2D2A
:10BBD0004EE253E06D2F80E00E94792A41E253E06B
:10BBE000612F80E00E94792A8AE096E10E94C6D403
:10BBF0008111E3CF0E94304F8DE493E00E94084F03
:10BC000089EE93E0019739F000C00000EEE5F9E01D
:10BC10003197F0F7F7CFF89489EE93E0019739F078
:10BC200000C00000E6EEF3E03197F0F7F7CF0E9496
:10BC30003D901092570680E00E94FD3EFF2041F0AB
:10BC40000E94D7960E94154F909905C0A895FCCFE9
:10BC50000E949C96F7CF909B02C0A895FCCFFFCF87
:10BC60000115110511F40DE613E0C4E4D3E081CF12
:10BC70008091AE079091AF072FEF3FEF981751F0EB
:10BC8000E92FF0E0E255F84F228130E09F5F9F7787
:10BC90009093AF07C90108951F920F920FB60F92AC
:10BCA00011240F900FBE0F901F9018951F920F92A6
:10BCB0000FB60F9211240BB60F922F938F939F9371
:10BCC000EF93FF939091C6002091AF07E091AE07EC
:10BCD00081E08E0F8F77281729F0F0E0E255F84FBA
:10BCE0009283E82FE093AE07FF91EF919F918F91A0
:10BCF0002F910F900BBE0F900FBE0F901F901895B5
:10BD00008EBD0DB407FEFDCF08958FEF8EBD0DB42F
:10BD100007FEFDCF8EB50895909164009B7F9093B0
:10BD20006400982F906A96959CBD80FD03C091E0B9
:10BD3000863009F490E09DBD08952F923F924F9276
:10BD40005F926F927F928F929F92AF92BF92CF92AB
:10BD5000DF92EF92FF920F931F93CF93DF93CDB7B4
:10BD6000DEB7AA970FB6F894DEBF0FBECDBF909195
:10BD7000AD0793FD80C1182F89E40E942E1C8823F3
:10BD800009F4CBC10E94862290E01816190614F41B
:10BD900081E090E026E0289FF001299FF00D11241A
:10BDA000ED52F94F828193811A8E8C38910514F0EF
:10BDB0008CE890E09093D1068093D0060E944A1EB2
:10BDC0006091D0067091D106072E000C880B990B5C
:10BDD0000E9449FF2091CC063091CD064091CE06BD
:10BDE0005091CF060F944C0818160CF035C189EC11
:10BDF0009BE00E9426C601E0612F6027812F0E94F0
:10BE000096AD112309F482C10093FB061C8E1D8E92
:10BE10001E8E1F8E1AA21BA21CA21DA21FA22CE303
:10BE200028A73CE139A786E48AA71E8A1F8A90E8E2
:10BE3000988FAFEBA98F1B8EB1E0BEA3812C912C04
:10BE40005401FE0131961F016091D0067091D10618
:10BE5000072E000C880B990B0E9449FF7B018C0177
:10BE60002E893F89488D598D0E9443FF8823B9F060
:10BE70002091CC063091CD064091CE065091CF0650
:10BE8000FA8DB701C801F111EAC00E9443FF881F73
:10BE90008827881F8B8FEE8AFF8A088F198F0E9450
:10BEA0007FD16B017C018AA19BA1ACA1BDA18C19A2
:10BEB0009D09AE09BF09181619061A061B06ACF132
:10BEC000D701C60188519C4FAF4FBF4F8AA39BA398
:10BED000ACA3BDA380E00E94CDBD45E150E066EB80
:10BEE0007BE0C1010E943DFE1D8A81149104A104E2
:10BEF000B10409F4DFC0C501B401605F784D8F4F14
:10BF00009F4F6C197D098E099F0928EE33E040E0B0
:10BF100050E00F946D05BA01A901C1010E94BF8FC5
:10BF2000C1010E94A1D60E945A570E94CED60E94FB
:10BF30007FD160936F077093700780937107909320
:10BF40007207B091CC06B8A3E091CD06E9A30091A9
:10BF5000CE061091CF062B2F3E2FA8016E897F8928
:10BF6000888D998D0F9424062B013C0120E030E050
:10BF7000A9010F944C0887FF04C077FA709477F8F2
:10BF8000709481149104A104B10409F0B1C020E0BF
:10BF900030E040E85FE3C301B2010E9443FF87FF46
:10BFA00010C0FEA1812C912C5401FF2331F085E0BB
:10BFB000882E8DE0982EA12CB12C8C0C9D1CAE1CD3
:10BFC000BF1C2B8D222391F18C8D9D8DAE8DBF8D4D
:10BFD0000097A105B10549F08C199D09AE09BF096B
:10BFE000181619061A061B060CF128A139A1A8017A
:10BFF0006FA178A589A59AA50F94240620E030E0CA
:10C0000040E85FE30E9443FF87FD2DC0D701C601D2
:10C01000805A9541AF4FBF4F8C8F9D8FAE8FBF8F92
:10C0200098A19FA3A9A1A8A709A71AA78091FB0679
:10C030008823C9F081149104A104B10459F0C818EF
:10C04000D908EA08FB08B0E1CB16B7E2DB06E10449
:10C05000F10448F41EA2F8CE8AEB9BE0CACE0E94FF
:10C0600043FF87FF21C08091FB06882321F01092B7
:10C07000FB060E9407C5AA960FB6F894DEBF0FBE56
:10C08000CDBFDF91CF911F910F91FF90EF90DF9087
:10C09000CF90BF90AF909F908F907F906F905F9068
:10C0A0004F903F902F900895EE8AFF8A088F198F46
:10C0B0001B8EF5CED1010D900020E9F7CD0101973F
:10C0C000821993098431910508F02ACFF101E80F14
:10C0D000F91FBFE3B0838331910509F421CFE2E07A
:10C0E000F0E0EC0FFD1F8E0F9F1FDC011C9218CF9C
:10C0F00020E030E040E450E4C301B2010F944C086A
:10C1000018160CF05ECF460157015BCF8DE89BE11E
:10C110009093820C8093810CAECF83E50E942E1CFD
:10C120008A8F811109C0112309F4A5CF82E50E94ED
:10C130002E1C882309F49FCF0E94762236CE2F92A0
:10C140003F924F925F926F927F928F929F92AF92A7
:10C15000BF92CF92DF92EF92FF920F931F93CF93F4
:10C16000DF93CDB7DEB7AC970FB6F894DEBF0FBE46
:10C17000CDBF082F811127C0809178049091790458
:10C18000A0917A04B0917B04892B8A2B8B2BD9F454
:10C1900081E0ADDBAC960FB6F894DEBF0FBECDBF2D
:10C1A000DF91CF911F910F91FF90EF90DF90CF9093
:10C1B000BF90AF909F908F907F906F905F904F90C7
:10C1C0003F902F9008958091AD0783FDE3CF0E94AB
:10C1D000A1578CA387FDDECF89E40E942E1C882303
:10C1E00009F4A9C00E94862290E01816190614F4DA
:10C1F00081E090E026E0289FF001299FF00D1124B6
:10C20000ED52F94F808191811E8A0E94D7B561E07D
:10C21000802F0E9496AD6091610E7091620E072E84
:10C22000000C880B990B0E9449FF4B015C01409068
:10C230005D0E50905E0E60905F0E7090600EA301D8
:10C2400092010F944C0818160CF405C22E891E8911
:10C2500021117AC00111E4C111E084E89BE09F93B1
:10C260008F938FE89BE09F938F931F920E944225AC
:10C270000F900F900F900F900F90112391F088E284
:10C280009AE79093820C8093810C11E05DC082E567
:10C290000E942E1C882309F456C00E9476221E8B11
:10C2A000B4CF1E8AF2CF60E070E0CB016BC08F2D5F
:10C2B000902F0E9443FF87FD32C0DF8AE88EF98EFF
:10C2C0000A8F1C8EE1C0D1010D900020E9F7CD014D
:10C2D0000197821993098431910508F016C1F10183
:10C2E000E80FF91FBFE3B0838331910509F40DC155
:10C2F000E2E0F0E0EC0FFD1F8E0F9F1FDC011C92AF
:10C3000004C120E030E040E450E4C501B4010F94E2
:10C310004C0818160CF04BC12601370148C180911A
:10C32000FB06882321F01092FB060E9407C5EB8DC7
:10C33000E093F9062FCF83E50E942E1C182F811160
:10C34000ACCF0111A4CF1E8A83E50E942E1C882346
:10C3500031F00E9476229093F2068093F10682E4F7
:10C360000E942E1C882331F00E9476229093F406BE
:10C370008093F30686E40E94E01B882309F493CFA0
:10C380000E94B4226093F5067093F6068093F70638
:10C390009093F80631E03B8F20E030E0A9010E9445
:10C3A00043FF811101C01B8E8B8D8093F906002302
:10C3B00009F4F0CE112309F4EDCE1092F90681E0D4
:10C3C0008093FB061D8E1E8E1F8E18A21DA21EA21C
:10C3D0001FA218A619A69CE39AA7ACE1ABA7B6E4E6
:10C3E000BCA71F8A188EE0E8E98FFFEBFA8F1C8E3E
:10C3F000412C512C32019E012F5F3F4F190180913A
:10C40000FB06882309F48BCF4114510461047104A5
:10C4100061F0C418D508E608F70830E1C31637E222
:10C42000D306E104F10408F07ACF6091610E7091B7
:10C43000620E072E000C880B990B0E9449FFD62E26
:10C44000E72EF82E092F2F89388D498D5A8D0E949D
:10C4500043FF8823C9F020915D0E30915E0E40911C
:10C460005F0E5091600E8E896D2D7E2D81111FCF34
:10C470008F2D902F0E9443FF881F8827881F8C8F45
:10C48000DF8AE88EF98E0A8F0E947FD16B017C01D2
:10C490008DA19EA1AFA1B8A58C199D09AE09BF09B8
:10C4A000181619061A061B06ACF1D701C6018851E9
:10C4B0009C4FAF4FBF4F8DA39EA3AFA3B8A78CA136
:10C4C0000E94CDBD45E150E060E87BE0C1010E94E3
:10C4D0003DFE1D8A411451046104710409F4F3CE38
:10C4E000C301B201605F784D8F4F9F4F6C197D097A
:10C4F0008E099F0928EE33E040E050E00F946D056F
:10C50000BA01A901C1010E94BF8FC1010E94A1D639
:10C510000E945A570E94CED60E947FD160936F0727
:10C52000709370078093710790937207B0915D0EBE
:10C53000B9A3E0915E0EEAA3F0915F0EFBA3009118
:10C54000600E2B2F3E2F4F2F502F6F89788D898DA6
:10C550009A8D0F9424064B015C0120E030E0A90184
:10C560000F944C0887FF04C0B7FAB094B7F8B094A2
:10C57000411451046104710409F0C3CE20E030E09D
:10C5800040E85FE3C501B4010E9443FF87FF0FC08D
:10C5900085E0482E8DE0582E612C712C111103C0BE
:10C5A000412C512C32014C0C5D1C6E1C7F1C2C8DBF
:10C5B0002223A1F18D8D9E8DAF8DB8A10097A1058D
:10C5C000B10549F08C199D09AE09BF091816190665
:10C5D0001A061B061CF129A13AA14BA1502F69A5EF
:10C5E0007AA58BA59CA50F94240620E030E040ECB2
:10C5F0005FE30E9443FF87FD92CED701C601805AB8
:10C600009541AF4FBF4F8D8F9E8FAF8FB8A399A12C
:10C6100099A7AAA1AAA7BBA1BBA70CA710E0EFCE20
:10C62000A3019201C501B4010F944C0810E0181643
:10C630000CF013CE8FE19DE09F938F938FE89BE0EA
:10C640009F938F931F920E9442250F900F900F90FF
:10C650000F900F901ACE0111EDCF8FE19DE09F93C7
:10C660008F938FE89BE09F938F931F920E944225A8
:10C670000F900F900F900F900F9001CECF93DF93FC
:10C68000EB010E94084FCE01DF91CF910C94A1D60F
:10C690002F923F924F925F926F927F928F929F92D2
:10C6A000AF92BF92CF92DF92EF92FF920F931F93C0
:10C6B000CF93DF93CDB7DEB7EC970FB6F894DEBF1C
:10C6C0000FBECDBF8091B306882331F00E94468F04
:10C6D0009093F6048093F5040E944BCD1091B00620
:10C6E000312E85E0810F8CAF212E21948DEE882E86
:10C6F00089E1982E9CE6692E92E1792E81E0582EF0
:10C70000511A111113C08091B206882341F1809112
:10C710003102882359F081E09091B206911180E0B6
:10C7200024E041E752E1622D0E94EACB8091C00CE7
:10C7300086FD5DC084FF5BC0113009F056C080915A
:10C74000B206813089F18091310281113AC082E0D4
:10C750001F5F9CAD9113D5CF8093B1060CC0809123
:10C76000AE061092AE06882391F20E9412248091A8
:10C77000C706882361F2EC960FB6F894DEBF0FBEB1
:10C78000CDBFDF91CF911F910F91FF90EF90DF9080
:10C79000CF90BF90AF909F908F907F906F905F9061
:10C7A0004F903F902F9008958091AE061092AE0664
:10C7B000882349F20E94ED198091C706882319F257
:10C7C000DACF9F928F927F926F925F9281E09091E9
:10C7D000B206913009F080E08F930E9436230F90CB
:10C7E0000F900F900F900F900F9082E001C081E0AA
:10C7F00090913102992309F4ABCF082FF12CE12C51
:10C80000412E4318802F2091F5043091F604E21652
:10C81000F3060CF09DCF0113BFC00E94468F019715
:10C820005C01AE18BF0880E19EE00E94018A8BE1A6
:10C83000E0E1FEE0DE01919601900D928A95E1F72C
:10C84000D12CC12CBE016F5F7F4FCE0181960E941B
:10C8500011CA18168CF4CE0101960E940683882313
:10C8600089F3AC14BD0409F076C0BE016F5F7F4F41
:10C8700086E89CE00E942183CE0181960E94008D73
:10C88000A8959091C00C8091B20695FF8AC0811343
:10C8900074C09091AE061092AE06992309F46DC053
:10C8A00019821C828091130E6BE27EE0882311F0C6
:10C8B00060E17EE021E046E85CE0CE0101960E9466
:10C8C000058D882309F44BC08BE1FE013196A0E170
:10C8D000BEE001900D928A95E1F78091C00C8F7BAC
:10C8E0008093C00CA091B50CAA3080F481E08A0F2F
:10C8F0008093B50C8BE18A9FD0011124AE5FB24FBB
:10C90000E0E1FEE001900D928A95E1F78FEF9FEF55
:10C9100090932B0280932A02CE0101960E94008DF3
:10C920001092B0060E94468F892B11F581E090E0AD
:10C93000A0E0B0E08093B7069093B806A093B90644
:10C94000B093BA0681E08093C7061092F40483E0A6
:10C950008093310210CF9FEFC91AD90A73CF0E947A
:10C96000334F66E87CE086E592E10E9483BBD4CF3A
:10C9700082E090E0A0E0B0E0DDCF90913102992319
:10C9800059F0DD24D3948113D12C6D2D842D0E9478
:10C99000132861E0811118C08FEFE81AF80A0F5FC1
:10C9A00031CF8117A9F0809131028823A9F3DD24CA
:10C9B000D3948091B2068113D12C6D2D842D0E94C9
:10C9C0001328882349F360E08D2D0E9407CBE4CF24
:10C9D0008091AE061092AE06882329F38CEC9CE180
:10C9E0000E9420B68091C7068823E9F2C4CE2F9218
:10C9F0003F924F925F926F927F928F929F92AF92EF
:10CA0000BF92CF92DF92EF92FF920F931F93CF933B
:10CA1000DF93CDB7DEB7CC54D1090FB6F894DEBFA3
:10CA20000FBECDBF2D968FAF2D972091E7062C9688
:10CA30002FAF2C9721E02093E706809177048D3467
:10CA400009F466C4843509F416C3873409F064C157
:10CA500080917504909176048531910509F40BC39A
:10CA600008F067C18430910508F04EC1823091050D
:10CA700008F4FFC220917307233008F4FCC211E0D0
:10CA8000029709F010E00E94283F19821A821B8247
:10CA90001C821D821E821F82188682E50E942E1C27
:10CAA000882309F401C30E94B4226B017C0120E0B9
:10CAB00030E0A9010E9443FF882309F408C1409097
:10CAC000290C50902A0C60902B0C70902C0C8091AB
:10CAD0002D0C90912E0CA0912F0CB091300C27961C
:10CAE0008CAF9DAFAEAFBFAF279780900B059090F6
:10CAF0000C05A0900D05B0900E0520910F0530910A
:10CB0000100540911105509112052B962CAF3DAFA9
:10CB10004EAF5FAF2B97A5019401C301B2010E94F4
:10CB200043FF811111C02B962CAD3DAD4EAD5FADD5
:10CB30002B9727966CAD7DAD8EAD9FAD27970E944C
:10CB400043FF882309F4C3C0A3019201C501B401C6
:10CB50000F94240620E030E040E05FE30E94A8FF4D
:10CB600023966CAF7DAF8EAF9FAF239727962CADEA
:10CB70003DAD4EAD5FAD27972B966CAD7DAD8EADC7
:10CB80009FAD2B970F94240620E030E040E05FE358
:10CB90000E94A8FF2B013C0120E030E0A901C70161
:10CBA000B6010E9443FF881F8827881F181709F4C1
:10CBB0006CC280E090E0A0E8BFEB27968CAF9DAF01
:10CBC000AEAFBFAF279723962CAD3DAD4EAD5FAD59
:10CBD0002397CA01B9010E94A8FF4B015C01A30180
:10CBE0009201C301B2010E94A8FF9B01AC01C501E3
:10CBF000B4010F9425060F94DF084B015C01AC01D2
:10CC00009B01C701B6010F9424062B966CAF7DAF34
:10CC10008EAF9FAF2B97A5019401C701B6010F946A
:10CC200025069B01AC012B966CAD7DAD8EAD9FAD05
:10CC30002B970E94A8FF6B017C0120E030E0A90146
:10CC40000F944C0887FD2CC2C701B6010F94DF0872
:10CC50006B017C01C301B2019058A50194010F94AE
:10CC6000010727962CAD3DAD4EAD5FAD27970E94D5
:10CC7000A8FFA70196010E94A8FF23962CAD3DAD09
:10CC80004EAD5FAD23970F94250669837A838B831E
:10CC90009C83A501940123966CAD7DAD8EAD9FADB7
:10CCA00023970F94010727962CAD3DAD4EAD5FAD98
:10CCB00027970E94A8FFA70196010E94A8FFA30141
:10CCC00092010F9425066D837E838F83988720E0E1
:10CCD00030E0A90169817A818B819C810E9443FFA8
:10CCE000811103C220E030E0A9016D817E818F8136
:10CCF00098850E9443FF8111F8C10E94304F89EF4F
:10CD000094E00E94084FB7C18131910509F452C2E5
:10CD100030F4049709F40EC20E947CEDACC182315C
:10CD2000910509F44BC24397B9F782E00E9430574E
:10CD3000A2C18B33910509F477C208F04CC1853349
:10CD4000910509F444C208F06BC24C9729F7809111
:10CD5000A7078B7F8093A70787E00E9446AA8111CF
:10CD600011C08091780490917904A0917A04B091D7
:10CD70007B043EE0B695A795979587953A95D1F7B0
:10CD800080FD79C10E94A69A0E947FD160936F07AF
:10CD900070937007809371079093720710925604F6
:10CDA00080910B0290910C02A0910D02B0910E02A5
:10CDB0008093500490935104A0935204B093530471
:10CDC000809120029091210290934F0480934E0411
:10CDD00084E690E0909321028093200281E080938A
:10CDE00048060E94FDAB8091780490917904A0914F
:10CDF0007A04B0917B04A7FB112710F90B2F017067
:10CE0000B1FB882780F9101303C0811709F4DAC138
:10CE1000382E82E50E942E1C882311F40C9401798F
:10CE20000E94B4226B017C0120E030E0A9010E9445
:10CE300043FF882309F49CC02091310C3091320CBF
:10CE40004091330C5091340CC701B6010F94250664
:10CE50006B017C0120E030E048E453E40F944C087F
:10CE6000181634F4C12CD12C98E4E92E93E4F92E51
:10CE70008090310C9090320CA090330CB090340C18
:10CE8000A7019601C501B4010F944C0818160CF4C3
:10CE90006FC0A7019601C501B4010E9443FF88231A
:10CEA00009F466C04090290C50902A0C60902B0C1D
:10CEB00070902C0C80912D0C90912E0CA0912F0C29
:10CEC000B091300C23968CAF9DAFAEAFBFAF239720
:10CED000A7019601C501B4010E9443FF87FF0EC060
:10CEE000C092310CD092320CE092330CF092340CA0
:10CEF00060E070E080E890E40E9403F14092290C29
:10CF000050922A0C60922B0C70922C0C23962CAD14
:10CF10003DAD4EAD5FAD239720932D0C30932E0C7D
:10CF200040932F0C5093300C60E070E080E890E468
:10CF30000E9403F1A70196016091310C7091320CAF
:10CF40008091330C9091340C0F944C08181674F4A3
:10CF5000C092310CD092320CE092330CF092340C2F
:10CF600060E070E080E890E40E9403F10E94A69ADD
:10CF7000112319F080E00E9421F0002319F081E0D4
:10CF80000E9421F0332019F082E00E9421F00E94DB
:10CF9000D0CA8091470680934806809150049091B2
:10CFA0005104A0915204B091530480930B029093CA
:10CFB0000C02A0930D02B0930E0280914E0490914A
:10CFC0004F04909321028093200283E080933102EA
:10CFD0000E9419AB50C08A35910509F42AC158F452
:10CFE0008035910509F098CE8FEF9FEF9093100256
:10CFF00080930F0240C08B35910509F41DC18C351B
:10D00000910509F089CE80917404882309F418C130
:10D01000813089F51092FF041092000510920105ED
:10D020001092020510920305109204051092050556
:10D030001092060510920705109208051092090536
:10D0400010920A0500E020910A02293060F43CE0C9
:10D050002303D0011124AF5DBA4FEFEFF4E001904C
:10D060000D923A95E1F701110E9460AA0E9419AB56
:10D0700002C00E94364F2D964FAD2D9741110C9452
:10D0800072700E94EA570C94727020E030E040E821
:10D090005FE327962CAF3DAF4EAF5FAF279793CDA1
:10D0A000C12CD12C7601D6CD809156048130B9F0B7
:10D0B0008230C1F00AE489E40E942E1C882331F0FA
:10D0C0000E94B42269837A838B839C83802F0E9481
:10D0D0002E1C882309F4FBCD0E94B422F4CD09E470
:10D0E0008BE4EACF0BE48AE4E7CF80E50E942E1CB4
:10D0F00000E0882359F00E948622082F853630F000
:10D100000E94304F83EE94E00E94084F202F412F61
:10D11000BE016F5F7F4F8BE095E00E9406500E943A
:10D120007FD160936F07709370078093710790931E
:10D130007207A1CF80E50E942E1CC12CD12C760154
:10D14000882321F00E9456226B017C0183E50E9416
:10D150002E1C882361F00E94B42220E030E04AE7D0
:10D1600054E40E94A8FF0F946E076B017C010E949B
:10D17000A69AC114D104E104F10409F47CCF809192
:10D18000CB15811104C08FE095E00E9426C60E9455
:10D190007FD14B015C010E947FD1681979098A090E
:10D1A0009B096C157D058E059F0508F064CF0E94D4
:10D1B000CED6F1CF80E00E9430575DCF81E00E9453
:10D1C000305759CF11E001E03324339422CE10912F
:10D1D0000A028FEF0E94733E8091690790916A075F
:10D1E000009709F448CFFC012191222309F443CF91
:10D1F000203291F4FC012191203281F0222309F4A4
:10D200003ACF009709F437CF0E945B3C80E0EFDB18
:10D21000812F0E94733E2FCFCF01E5CFCF01EACF00
:10D2200080E00E94855727CF809174040E94855723
:10D2300022CF109244161FCF8FE0809344161BCF4D
:10D24000AAE62A2EA2E03A2EBFEFEB2EB4E0FB2E88
:10D2500019E2C12E1CE0D12E00E010E0D1018D9129
:10D260001D010E942E1C8FAF8823E9F10E94B42279
:10D270002B013C01133049F0F701208131814281BB
:10D2800053810F9424062B013C01D6012D913D9131
:10D290004D915C91C301B2010F9424064B015C01D6
:10D2A0002DEB37E346E855EB0F944C0887FD0AC099
:10D2B0002DEB37E346E855E3C501B4010E9443FF77
:10D2C00018168CF41330D1F0A5019401F701608198
:10D2D0007181828193810F942506D7016D937D938F
:10D2E0008D939C9313971F5FB4E0EB0EF11CE4E069
:10D2F000CE0ED11C143009F0B1CFA5CE4092350C22
:10D300005092360C6092370C7092380C0FADEBCF08
:10D3100080917504909176048E36910509F448C782
:10D3200008F09EC18F31910509F4B4C508F039C1E8
:10D330008531910509F4DBC308F06BC08430910599
:10D3400009F484C358F48230910508F413C3039799
:10D3500009F0E2CC80E00E9447408DCE81319105FA
:10D3600009F478C3F8F4059709F0D6CC0E94A69A80
:10D370001092A90780E00E94AE3E8091AA07882300
:10D3800069F08091790480FF09C08091A90780939A
:10D39000A80780E00E94FD3E1092AA0780E00E944C
:10D3A000FD3E69CE8231910509F4FAC7449709F030
:10D3B000B3CC8091C00C84FF93C383E495E00E94BA
:10D3C000084F60E08CE40E949722182F8091C00CD7
:10D3D00084FF1AC08BE29EE00E94018A8BE1EBE29F
:10D3E000FEE0DE01119601900D928A95E1F730E0A2
:10D3F00020E0412F70E060E0CE0101960E94DEBB8C
:10D40000CE0101960E94008D84E395E00E94084FB2
:10D4100032CE8A31910509F4A7C348F587319105C9
:10D4200009F485C308F466C38831910509F491C3F2
:10D43000499709F071CC0E940F46882329F080910A
:10D44000C00C8B7F8093C00C8091AE0C813009F0B2
:10D4500088C382E08093AE0C0E947FD16093FB046E
:10D460007093FC048093FD049093FE047AC38C3186
:10D47000910509F4FEC308F492C38D31910509F4B6
:10D48000FFC34E9709F048CC8091C00C84FFF3CDC8
:10D490000E94F0CA8091C00C84FFEDCD40917104D0
:10D4A00050917204BE01605E7F4F80E00E941AC9F5
:10D4B0007C01009709F4DFCD68A179A119821C8253
:10D4C00022E0AC01CE0101960E94058D882309F46B
:10D4D000DDC3CE0101960E9486C8882309F4D6C315
:10D4E00061E0CE0101960E94D4878C01009709F477
:10D4F000CDC30E94C687A82E85EEF80180831C82CA
:10D500001A820E946E83082F882309F4BFC3BB24AC
:10D51000B39475EE972E898981508F70898B4D85D4
:10D520005E856F857889411551056105710509F49E
:10D53000AEC38F3041F441505109610971094D87E3
:10D540005E876F87788B61E0CE0101960E94D48759
:10D550006C01009709F49AC3DC011C91153E09F493
:10D5600096C31E3209F493C30E94B387882309F43B
:10D570008EC3F6018585A8128AC3812F8F718B1106
:10D5800086C3107490820E946E83882309F47EC340
:10D5900011117DC3F2E0BF1609F479C362E0B62E23
:10D5A000BACF8335910509F4F3C688F58C3491051B
:10D5B00009F475C588F48132910509F4B6C308F4FD
:10D5C00083C38A32910509F40BC58B34910509F0A8
:10D5D000A3CB0E945FAD4FCD8035910509F4A2C663
:10D5E00038F48D34910509F097CB0E9481AD43CD7D
:10D5F0008135910509F4B6C68235910509F08CCBC9
:10D60000809144168F7D80618093441634CD893695
:10D61000910509F459C590F48535910509F432C78F
:10D6200008F4BEC68C35910509F48AC78836910581
:10D6300009F072CB80E00E949F601DCD8B36910572
:10D6400009F4A7C508F46DC58C36910509F412C616
:10D650008D36910509F060CB81E00E949F600BCD73
:10D660008E3C910511F40C94FC7508F0A6C0893726
:10D67000910511F40C94337408F044C0833791057C
:10D6800009F4E8C7A8F48037910509F4F9C508F44E
:10D69000AEC58137910509F4FAC58237910509F0C5
:10D6A0003BCB0E94DEC687E89EE00E94CF95E3CC8C
:10D6B0008637910511F40C94F67398F4853791052B
:10D6C00009F02ACB8091710490917204009709F4BB
:10D6D00048C2DC012C91222309F443C20E942F3E50
:10D6E000CACC8737910511F40C942F7488379105B3
:10D6F00009F012CB81E080934806809347060E9490
:10D70000FDABB9CC883C910511F40C94B374D0F402
:10D710008139910511F40C943B7440F48C389105D7
:10D7200009F0FACA80E00E949D5EA5CC8B39910574
:10D7300009F4D1C58E3B910509F0EECA81E00E9443
:10D740009D5E99CC8B3C910511F40C941775D0F427
:10D75000893C910509F0E0CA8091780484FF02C0F9
:10D760000C94F07480917A04887811F00C94F07421
:10D7700080917B04837011F00C94F07481E00E941E
:10D78000365D79CC8C3C910511F40C944B758D3C35
:10D79000910509F0C1CA8091780490917904A09113
:10D7A0007A04B0917B04892B8A2B8B2B11F00C947B
:10D7B000A07581E00E94B35C5ECC8C3AF1E09F07DB
:10D7C00011F40C94A47708F069C08D3241E09407FD
:10D7D00011F40C94F97608F04BC08D3D910511F4CD
:10D7E0000C945776F8F48C3D910509F095CA809118
:10D7F000780490917904A0917A04B0917B046091AF
:10D800002002709121020097A105B10511F00C943E
:10D810002B7689E49AE00E944D5786E49AE00E94B4
:10D82000084F29CC823E910511F40C94B0768C32CD
:10D83000914009F071CA83E50E942E1C04E011E0BA
:10D84000882319F00E9456228B0180E50E942E1C2D
:10D85000882311F40C94F5760E945622CB01693886
:10D86000734110F088E893E1B8010E9448B303CCFB
:10D870008F32B1E09B0711F40C949C7710F40C9458
:10D8800044778039F1E09F0711F40C94A0778A392E
:10D89000914009F041CA0E949DAAEDCB883F31E03A
:10D8A000930711F40C94CF7808F5853F51E0950764
:10D8B00011F40C94C77838F4843F914009F02CCAD5
:10D8C0000E949B97D8CB863FE1E09E0711F40C9411
:10D8D000CB78873F914009F01FCA61E083E50E9441
:10D8E000972291E089270E94FF96C5CB803A23E0DA
:10D8F000920709F4C2C298F48C30924009F00CCA25
:10D900000E940F46882311F40C94E0780E94814015
:10D910009091C00C80FB97F99093C00CACCB873EE4
:10D9200053E0950711F40C94EA78893E934009F08E
:10D93000F3C90E94A69A8091C00C877F8B7F809349
:10D94000C00C8091B60C81110C94FA780E9412AD33
:10D950006D3371058105910520F089EF9AE00E94F1
:10D96000317985EF9AE00E94317981EE9AE00E9448
:10D97000084F81CB80E50E942E1CC12CD12C760152
:10D98000882321F00E9456226B017C0183E50E94CE
:10D990002E1C882361F00E94B42220E030E04AE788
:10D9A00054E40E94A8FF0F946E076B017C010E9453
:10D9B000A69A8091710490917204009709F10E94D7
:10D9C0002F3E1091E70683E08093E70681E0809385
:10D9D000FA06C114D104E104F10431F00E947FD1B0
:10D9E000C60ED71EE81EF91E8091FA068823E1F0C4
:10D9F000C114D104E104F10441F40E94CED6F4CF65
:10DA000088E195E00E9426C6DCCF0E947FD1A70165
:10DA10009601261B370B480B590BDA01C901181662
:10DA200019061A061B064CF31092FA068091B704E9
:10DA300082FF07C062E370E080E090E00E94D93E80
:10DA4000F5CF1093E7060E9407C515CB81E00E9431
:10DA5000474011CB0E94CF1B882391F185E40E949F
:10DA6000E01B882361F08091540490915504892B28
:10DA700021F00E947622811102C00E94A496FAE64B
:10DA8000EF2EF2E0FF2E10E0D7012D917D01215401
:10DA90008091780490917904A0917A04B0917B04EC
:10DAA00004C0B695A795979587952A95D2F780FFDC
:10DAB00003C0812F0E94DE961F5F133029F7DBCA57
:10DAC0008BE295E00E9426C680E00E94DE9681E00F
:10DAD0000E94DE9682E00E94DE960E94A496CBCA47
:10DAE0000E94334F84E595E00E94084FC4CA0E940B
:10DAF0003588C1CA0E940F468111BDCA8091C00CF1
:10DB000084FFB9CA0E9428888091C00C8F7E8064EF
:10DB10008093C00C8FEF9FEF90932B0280932A028B
:10DB20000E94334F8EE595E00E94084FA4CA809171
:10DB3000710490917204FC012191222331F0203272
:10DB4000D9F7DF0111971C92F7CF60E00E944FBA1E
:10DB500092CA0E948140882321F00E949F820E94E5
:10DB60005FAD0E9407C587CA8091C00C84FF83CA3D
:10DB700083E50E942E1C882309F47DCA0E94662238
:10DB8000AB01BC014093BC0C5093BD0C6093BE0C28
:10DB90007093BF0C81EC9CE00E94C0856CCA8091A0
:10DBA000780490917904A0917A04B0917B04E2E02A
:10DBB000B695A79597958795EA95D1F780FF2AC0E6
:10DBC0008AE795E00E94084F8091C40C8823E9F011
:10DBD000BE016F5F7F4F81EC9CE00E949E88CE016A
:10DBE00001960E94A1D6CE0101960E94938F80914A
:10DBF000930C882339F080E20E94014F83E99CE076
:10DC00000E94A1D60E945A5736CA80E795E00E942A
:10DC1000084FF8CF0E940F46811104C00E94F745BB
:10DC2000882311F1C090B80CD090B90CE090BA0CD8
:10DC3000F090BB0C8090BC0C9090BD0CA090BE0CE2
:10DC4000B090BF0C8AE995E00E94084FC501B4016D
:10DC50000E942EC58FE20E94014FC701B6010E94AB
:10DC60002EC50E945A5707CA89E895E00E94084FBE
:10DC700002CA80917104909172040E948FBBFBC90B
:10DC80008091C00C8E7F8093C00CF5C900E0CE015E
:10DC900001960E94008DB701002369F087EC95E0A2
:10DCA0000E9483BB1092BC0C1092BD0C1092BE0C53
:10DCB0001092BF0CE0C98FEA95E00E943E638CEAA7
:10DCC00095E00E94084FD7C90E940F4681110E941B
:10DCD000A69A8091C00C84FFCEC960E080E50E94C6
:10DCE0009722182F682F80917104909172040E94DE
:10DCF0004FBA83E50E942E1C882381F00E94662281
:10DD0000AB01BC014093BC0C5093BD0C6093BE0CA6
:10DD10007093BF0C81EC9CE00E94C0850E949F82A2
:10DD20001111A9C90E945FADA6C90091710410919B
:10DD30007204D12CC12C01151105C1F0F80101901C
:10DD40000020E9F731979F01201B310B6901D801B1
:10DD5000CD01801B910B8217930744F48D918F3274
:10DD6000B9F7CD010197FC011082F2CF8BE1EBE214
:10DD7000FEE0DE01909601900D928A95E1F7F12C7C
:10DD8000E12CEC14FD040CF05CC0F801EE0DFF1D5D
:10DD90008081811103C0FFEFEF1AFF0A5801AE0C1A
:10DDA000BF1CD5018C91882309F44BC0BFEFEB1A3F
:10DDB000FB0AF801EE0DFF1D7F01E01AF10A8191C7
:10DDC0008111FACFCE0180960E94018A8BE1FE017B
:10DDD000B096DE01119601900D928A95E1F7B5019A
:10DDE000CE0101960E943783CE0101960E94008DDC
:10DDF0008FE20E94014F8091930C882349F183E9BF
:10DE00009CE00E94A1D68091C00C85FF1AC01982A7
:10DE10001C8221E0A501BE01605E7F4FCE0101960C
:10DE20000E94058D811117C00E945A570E94334FDE
:10DE3000B50185ED95E00E943E63CE0101960E94FA
:10DE4000008D0E945A57CE0180960E94008D13C902
:10DE500086E89CE0D6CFCE0180960E9420888BE198
:10DE6000FE013196DE01909601900D928A95E1F7C0
:10DE7000CE0101960E94008D84CF209171043091D3
:10DE800072049091C00C92609093C00CC9010E94E2
:10DE90008FBBF1C80E9412AD7B018C0120E831E5F7
:10DEA00041E050E00F946D05C9016DE671E00F94FB
:10DEB000D7054B015C01C801B70120E13EE040E01D
:10DEC00050E00F946D05CA01B90128E130E040E04F
:10DED00050E00F946D05762E672EC62ED72E5CE38C
:10DEE000252E312C412C512CC801B701A2019101E2
:10DEF0000F946D05F62EE72ECA01B901A20191011A
:10DF00000F946D05CB018E010F5F1F4F811491049B
:10DF100011F1EF92FF927F936F936F927F92BF9276
:10DF2000AF929F928F9281E196E09F938F931F9380
:10DF30000F930E94DCFE0FB6F894DEBF0FBECDBF7C
:10DF4000C8010E942F3E0E94334FB80185E296E03F
:10DF50000E9483BB90C8A114B10489F0EF92FF9294
:10DF60007F936F936F927F92BF92AF9281E096E022
:10DF70009F938F931F930F930E94DCFEDCCFCD28DD
:10DF800079F0EF92FF927F936F936F927F9285EF7C
:10DF900095E09F938F931F930F930E94DCFECBCF4E
:10DFA000892B69F0EF92FF927F936F938DEE95E04E
:10DFB0009F938F931F930F930E94DCFEBCCFEF9231
:10DFC000FF9289EE95E09F938F931F930F930E948A
:10DFD000DCFE0F900F900F900F900F900F90B0CF2E
:10DFE0006DE070E080E50E9479228C0197FD43C8C6
:10DFF000D82E60E089E40E94972281110CC0802F06
:10E000000E94EFEF882339F00E94304F85E59AE0B7
:10E010000E94084F30C884E50E942E1CE82E8823F9
:10E02000B1F00E948622813069F038F08230F1F040
:10E030008AE496E00E94084F1EC860E0802F0E948C
:10E04000A9D005C061E0802F0E94A9D0E12C83E512
:10E050000E942E1C882309F40EC80E948622F82EE6
:10E0600099E0D91205C08093960705C862E0E6CF13
:10E07000EE2031F082E396E00E94084F0C943B685A
:10E0800061E0802F0E94A9D06F2D802F0E94CECFFB
:10E090006F2D70E0802F0E94FCCF0C943B68809124
:10E0A000AE0C813011F00C943B6882E08093AE0C92
:10E0B0000E947FD16093FB047093FC048093FD0465
:10E0C0009093FE040C943B680E94A157182F87FD83
:10E0D00009C08DE596E00E94084F812F0E94CDBDBA
:10E0E0000E945A572C965FAD2C975093E706C45B5D
:10E0F000DF4F0FB6F894DEBF0FBECDBFDF91CF91DB
:10E100001F910F91FF90EF90DF90CF90BF90AF9055
:10E110009F908F907F906F905F904F903F902F9047
:10E12000089580E50E942E1C81112DC080917804F5
:10E130000FEF10E080FF04C060919607062F10E0FB
:10E1400089E40E942E1C882311F40C9419790E94F2
:10E15000862290E01816190614F481E090E026E07B
:10E16000289FF001299FF00D1124ED52F94F0481F1
:10E1700015810F3F110519F010F00FEF10E000931B
:10E1800096070C943B680E94862281110C943B6890
:10E19000CDCF80E50E942E1C811104C010929607FD
:10E1A0000C943B680E94862281110C943B68F6CF48
:10E1B0008EE40E942E1C882361F00E9466226093E8
:10E1C00030087093310880933208909333080C9490
:10E1D0003B6840913008509131086091320870914D
:10E1E000330880E696E00E9474570C943B6883E500
:10E1F0000E942E1C882321F00E9486228093AD0766
:10E200000E94334F85E796E00E94084F8091AD074A
:10E21000882369F14BE6E42E46E0F42E10E000E09E
:10E2200020E0F701C590D490C114D104B9F08091D9
:10E23000AD0790E0002E02C0959587950A94E2F70D
:10E2400080FF0CC0BB24B394B20E222319F08CE2E1
:10E250000E94014FC6010E94084F2B2D0F5F1F4FD8
:10E26000A2E0EA0EF11C05301105D9F6CBCC87E609
:10E2700096E0CDCC1092FB061092FA060C943B6807
:10E2800041E070E060E08CE490E30E94A15D83E5F2
:10E290000E942E1C882369F00E9486228D3320F470
:10E2A000809330020C943B688CE3809330020C9492
:10E2B0003B680E94334F109130028CE796E00E9439
:10E2C000084F612F70E090E080E00E942EC50E9410
:10E2D0005A570C943B6883E50E942E1C882311F446
:10E2E0000C943B680E948622182F8C3308F08CE334
:10E2F0008093F0060E947FD16B017C01212F30E0DA
:10E30000A8EEB3E00F94BB05C60ED71EE81EF91E9B
:10E31000C092EC06D092ED06E092EE06F092EF0687
:10E320000C943B6883E50E94E01B90913E06882395
:10E3300059F0992331F089E896E00E94084F0C9437
:10E340003B6883E896E0F9CF91110BCC269A2E9882
:10E3500081E080933E066AEF70E080E090E00E94EA
:10E36000D93EFFCB0E94B69A109296070E943D902C
:10E370000E9481AD68EE73E080E090E00E94D93E9B
:10E380008FE896E00E9426C60E94154F0C943B68C9
:10E39000809144168F7E8062809344160C943B6873
:10E3A00083E50E942E1C8823D9F10E947FD16093BF
:10E3B0006F077093700780937107909372070E94A4
:10E3C000B42220E030E04AE754E40E94A8FF0F9412
:10E3D0006E078B019C010150110921093109083E8A
:10E3E00013402105310590F40E94334F89EB96E0EC
:10E3F0000E94084F61E070E080E090E00E942EC52E
:10E4000083EA96E00E94084F0C943B6860933402C4
:10E410007093350280933602909337020C943B68D8
:10E420000E94CF1B882351F10E94A69A85E40E9486
:10E43000E01B81110E949C963AE6E32E32E0F32E17
:10E4400010E0F70121917F0121548091780490918F
:10E450007904A0917A04B0917B0404C0B695A79585
:10E46000979587952A95D2F780FF03C0812F0E9448
:10E47000AB961F5F133029F70C943B680E94B69A45
:10E480000C943B6883E50E94E01B8823D9F10E942D
:10E490007FD160936F07709370078093710790939B
:10E4A00072070E94B42220E030E04AE754E40E9460
:10E4B000A8FF0F946E078B019C01015011092109DF
:10E4C0003109083E13402105310590F40E94334F75
:10E4D00086EE96E00E94084F61E070E080E090E0F8
:10E4E0000E942EC580ED96E00E94084F0C943B6878
:10E4F00060936B0770936C0780936D0790936E0722
:10E500000C943B6860916B0770916C0780916D076C
:10E5100090916E0728EE33E040E050E00F946D05D7
:10E5200069017A0183E097E00E94084FC701B601B4
:10E530000E942EC58EEF96E00E94084F0C943B6817
:10E540000E94A15787FF02C00C943B688091780419
:10E5500084FD09C080917A0487FD05C080917B0409
:10E56000837009F472C09AE6C92E92E0D92E29E38D
:10E57000E22E2CE0F22E10E0D6018D916D010E946A
:10E580002E1C882349F0133089F00E94B422F70131
:10E59000648B758B868B978B1F5FF4E0EF0EF11CFD
:10E5A000143051F70E94839A0C943B680E94B42265
:10E5B0004B015C0120E030E040EA51E40E9443FF5F
:10E5C00087FF3AC0A50194016091590C70915A0CD3
:10E5D00080915B0C90915C0C0F9401072B013C0126
:10E5E000AC019B016091690C70916A0C80916B0C7D
:10E5F00090916C0C0E94A8FF6093690C70936A0C58
:10E6000080936B0C90936C0C60918A0770918B07D0
:10E6100080918C0790918D070E9447FFA301920182
:10E620000E94A8FF0F946E0760938A0770938B0770
:10E6300080938C0790938D078092590C90925A0C7E
:10E64000A0925B0CB0925C0CA7CF81E00E94B3C695
:10E650000C943B6884E199E00E94084F0E945A574D
:10E6600060E084E099E00E945D5760E08FEE98E002
:10E670000E945D5761E088EE98E00E945D5761E07E
:10E680008DED98E00E945D5760E08EEC98E00E946E
:10E690005D5761E08EEB98E00E945D5760E085EB8E
:10E6A00098E00E945D5761E08BEA98E00E945D5718
:10E6B00060E081EA98E00E945D5760E08AE998E0B6
:10E6C0000E945D5760E082E998E00E945D5760E03B
:10E6D00084E898E00E945D5760E086E798E00E9439
:10E6E0005D5761E087E698E00E945D5760E089E54C
:10E6F00098E00E945D5760E083E498E00E945D57D7
:10E7000061E08DE398E00E945D5760E08CE298E064
:10E710000E945D5760E087E198E00E945D5760E0ED
:10E7200088E098E00E945D5761E081E098E00E94F7
:10E730005D5760E084EF97E00E945D5760E08DEEEA
:10E7400097E00E945D5761E084EE97E00E945D577C
:10E7500060E08FEC97E00E945D5761E081EC97E00C
:10E760000E945D5761E087EB97E00E945D5760E093
:10E7700080EA97E00E945D5761E083E997E00E949C
:10E780005D5761E080E897E00E945D5761E083E7B4
:10E7900097E00E945D5761E08EE697E00E945D572A
:10E7A00060E081E697E00E945D5760E085E597E0D4
:10E7B0000E945D5760E081E497E00E945D5760E051
:10E7C0008EE297E00E945D5760E086E596E00E9449
:10E7D000B61B682F617085E297E00E945D5760E08C
:10E7E00087E197E00E945D570C943B6800917104AB
:10E7F0001091720494E0F12C40E09150F9F0F8018E
:10E800008081282F2B7F213499F421812133B1F489
:10E81000813411F1853409F441E098012E5F3F4FB6
:10E8200089012F5F3F4FF80180818032C9F3E5CF26
:10E83000803521F4818180538A3078F341110E9420
:10E84000334FFF2021F082E09AE00E94084FC80178
:10E850000E942AC20C943B68FF24F394DECF0E94EE
:10E86000DFAB0C943B6810924806109247060E945A
:10E87000FDAB0C943B6870E060E083E50E94792278
:10E88000823040F00E94304F85E09AE00E94084FAD
:10E890000C943B688C01112788E40E942E1C88236D
:10E8A000E9F00E94762220912402309125028217FD
:10E8B000930754F00E94762224E031E085309140A5
:10E8C0001CF40E9476229C0186E0809FF001819FCB
:10E8D000F00D1124ED52F94F3183208382E40E9420
:10E8E0002E1C8823A9F00E947622059784F10E94AD
:10E8F00076228D38910574F50E94762226E0209FBD
:10E90000F001219FF00D1124ED52F94F9383828382
:10E9100086E40E942E1C882311F40C943B680E940C
:10E92000762297FD1AC00E9476228F3F910509F04A
:10E93000BCF40E94762226E0209FF001219FF00D7A
:10E940001124ED52F94F958384830C943B6885E044
:10E9500090E0D4CF8CE890E0D1CF90E080E0EBCF96
:10E960008FEF90E0E8CF8091780483FD09C080911B
:10E970007A048C7029F481E00E94715D0C943B68EC
:10E980000E94A157182F87FF02C00C943B6800918A
:10E99000910584E40E942E1CF82E8823B1F00E9479
:10E9A000B4224B015C0120E030E0A9010E9443FF4A
:10E9B0008823A1F024E01202F0011124E357FA4F5A
:10E9C00080829182A282B3820F2D602F83E50E9404
:10E9D00097228093910533D70C943B6880E0F9CF60
:10E9E0000E94A15787FF02C00C943B680AE612E020
:10E9F00089E3E82E8CE0F82ED8018D918D010E94DC
:10EA00002E1C882359F00E94B4220F946E07F70140
:10EA100060837183828393830E94359AF4E0EF0EC2
:10EA2000F11C22E00E36120739F70C943B688091F6
:10EA3000780484FD0DC080917A04887849F480912F
:10EA40007B04837029F481E00E940B5D0C943B6889
:10EA50000E94A15787FF02C00C943B68BAE6EB2ED8
:10EA6000B2E0FB2E10E000E0D7018D917D010E9405
:10EA70002E1C882349F00E94B422F801E75CF34F72
:10EA800064A375A386A397A30C5F1F4F00311105E4
:10EA900059F70C943B688091790487FD09C08091F7
:10EAA0007A048E7029F481E00E94EA5C0C943B6841
:10EAB00083E50E942E1C882391F00E94B42260936B
:10EAC0006D0C70936E0C80936F0C9093700C609330
:10EAD000750C7093760C8093770C9093780C80E58E
:10EAE0000E942E1C882351F00E94B42260936D0C6A
:10EAF00070936E0C80936F0C9093700C82E50E9463
:10EB00002E1C882351F00E94B4226093710C7093E4
:10EB1000720C8093730C9093740C84E50E942E1CED
:10EB2000882311F40C943B680E94B4226093750C06
:10EB30007093760C8093770C9093780C0C943B68D0
:10EB400082E40E942E1C882351F00E94562260937A
:10EB5000490C70934A0C80934B0C90934C0C83E5BA
:10EB60000E942E1C882351F00E94B4226093790CDD
:10EB700070937A0C80937B0C90937C0C84E50E94BC
:10EB80002E1C882351F00E94B42260937D0C709358
:10EB90007E0C80937F0C9093800C8AE40E942E1C44
:10EBA000882311F40C943B680E94B4226B017C0111
:10EBB0002AE037ED43E25CE30F944C0887FD14C074
:10EBC0002AE939E949E95EE3C701B6010E9443FF3A
:10EBD000181654F0C0927A07D0927B07E0927C0717
:10EBE000F0927D070C943B680E94304F87E29AE0D8
:10EBF0000E94084F0C943B688091780490917904AE
:10EC0000A0917A04B0917B04892B8A2B8B2B29F459
:10EC100081E00E94925C0C943B680AE612E0AAE450
:10EC2000EA2EA6E0FA2EF80181918F010E942E1C97
:10EC3000882341F00E94B422D7016D937D938D9378
:10EC40009C931397B4E0EB0EF11CE2E00D361E0727
:10EC500051F70C9436688C019D01F1E136952795AA
:10EC600017950795FA95D1F700FF08C02091080283
:10EC7000309109023093210220932002B695A79586
:10EC80009795879580FF04C07093090260930802EE
:10EC900083E50E942E1C882311F40C943B680E948B
:10ECA000762290932102809320020C943B680E946C
:10ECB000A157D82E87FF02C00C943B6883E50E94C1
:10ECC0002E1CED2C0D2C000CFF088701000F111FCE
:10ECD000882369F10E947622F801EE5DFD4F918351
:10ECE00080838701000F111F000F111F9801245C02
:10ECF0003D4F7901BC01990F880B990B0E9449FF88
:10ED00002AE037ED43E25CE30E94A8FFF801E55EEC
:10ED1000FA4F20813181428153810E94A8FFD7019F
:10ED20006D937D938D939C9313970C943B680E94F5
:10ED3000334F85E40E94014F80E38D0D0E94014F07
:10ED4000F801EE5DFD4F608171818DE49AE00E94D3
:10ED50004D5785E20E94014F0E945A570C943B6820
:10ED600080E50E94E01B882311F40C943B6870E05E
:10ED700060E080E50E947922F82E6FEF7FEF83E557
:10ED80000E9479228C010196039710F00C943B6845
:10ED9000F7FE02C00C943B688F2D0E94EFEF8111AB
:10EDA00033C90E94A69A60E08F2D0E94A9D00F3F20
:10EDB000100781F00130110511F010E000E08F2DF7
:10EDC0000E94A5CF8017910711F40C943B680E9414
:10EDD000CED6F5CF8F2D0E94A5CF31E020E0892B34
:10EDE00009F030E0032F122FEACF88EE93E00C9465
:10EDF000346C8091780483FD09C080917904817816
:10EE000029F481E00E94FB570C943B6880E50E9446
:10EE10002E1C882351F00E94B4226093750E7093CB
:10EE2000760E8093770E9093780E89E40E942E1CC4
:10EE3000882381F00E94B42221E732EB47E25EE3AF
:10EE40000E94A8FF6093790E70937A0E80937B0ED8
:10EE500090937C0E84E40E942E1C882381F00E94F3
:10EE6000B42221E732EB47E25EE30F94010760939F
:10EE70007D0E70937E0E80937F0E9093800E81E0C6
:10EE80008093640E0C943B6883E50E94E01B182F6E
:10EE9000882331F00E9476229093250280932402E9
:10EEA00080E50E94E01B811102C01123D1F0209166
:10EEB000240230912502232B91F0882359F0809170
:10EEC000540490915504892B51F00E94862291E0C0
:10EED000811101C090E0909320050C943B6891E073
:10EEE000FACF0E94334F00912402109125028091A5
:10EEF000200548E6E42E4AE0F42E811104C034E6F1
:10EF0000E32E3AE0F32E8FE79AE00E94084FC70104
:10EF10000E94084F8EE69AE00E94084FB801110F38
:10EF2000880B990B0E9498C58BE69AE00E94084FC7
:10EF30000E945A570C943B680E944C580C943B68B2
:10EF40000E94A69A0C943B6887E00E9446AA8770AC
:10EF500009F45DC040912F0350913003609131035B
:10EF6000709132034BAF5CAF6DAF7EAF30E020E00D
:10EF7000E0E090E0AC01022E02C0559547950A945E
:10EF8000E2F740FF11C060E270E06C0F7D1F6E0F72
:10EF9000711D4BE350E04C0F5D1F420F531FDA0110
:10EFA0004C91DB014C93EF5F2F5F3F4F23303105D6
:10EFB00009F78E01005E1F4FE00FF12FF11D108247
:10EFC00019821F8E1F930F9322E9E22E2AE0F22E60
:10EFD000FF92EF921F928EE18F93FE0131966F01A7
:10EFE000FF93EF930E94A0FE0E94334FC6010E9440
:10EFF0002AC21F930F93FF92EF921F920E94422505
:10F000000FB6F894DEBF0FBECDBF0C943B688AE309
:10F01000C82E89E1D82E99E2292E9CE0392E8E0146
:10F020000F5F1F4FF12CE12CF601659175918591D1
:10F030009491D1018D909D90AD90BD901D01A50141
:10F0400094010F9424062B013C01F8014082518267
:10F050006282738220E030E040EA51EC0F944C0869
:10F0600087FD0AC020E030E040EA51E4C301B2016C
:10F070000E9443FF181684F4F701EF52F04DE4911B
:10F080001E1654F4B7FAB094B7F8B094D8018D9224
:10F090009D92AD92BC921397F80180809180A280DE
:10F0A000B38020E030E040EA51ECC501B4010F9498
:10F0B0004C0887FD56C020E030E040EA51E4C5012D
:10F0C000B4010E9443FF18160CF44BC0FFEFEF1A77
:10F0D000FF0A24E0C20ED11C0C5F1F4F33E0E31681
:10F0E000F10409F0A1CF89819A81AB81BC81809321
:10F0F0004A0690934B06A0934C06B0934D068D8123
:10F100009E81AF81B88580934E0690934F06A09361
:10F110005006B093510689859A85AB85BC8580934E
:10F12000520690935306A0935406B09355060E943E
:10F1300019AB80EA9AE00E9426C663E972E084E691
:10F1400090E00E9448B370E060E08AE090E00E94A6
:10F1500048B36AEB72E084E690E00E9448B30C94F6
:10F160003B680E94304F80EC9AE00E94084F41E0DB
:10F1700061E080EB9AE00E946A250E94E72368E242
:10F1800070E080E991E00E9448B30C943B680E94D3
:10F1900007C20C943B680E9408AC0C943B68209317
:10F1A00092050E9498BE1092920581110C943B68C2
:10F1B0000E94334F86ED9AE00E94084F0C943B6802
:10F1C0008091C00C84FD02C00C943B680E94F0CA80
:10F1D0000C943B6883E0809373071092830C60E08B
:10F1E00083E50E94972281110C943B680E9498CA83
:10F1F0000C943B680E942ED681110C943B680C94B1
:10F20000A66CF02E1111F12E8091930581111DC075
:10F2100084E00E9446AA811118C0FF2011F40C94CA
:10F22000B867C12CD12C20EAE22E20E4F22E0C94F7
:10F230001C6783E50E942E1C882311F40C94B9707E
:10F240000E9456228B010C94B970FF2011F40C948B
:10F25000B867C12CD12C80EAE82E80E4F82E0C94FB
:10F260003867CF92DF92EF92FF920F931F93CF9365
:10F27000DF93CDB7DEB7C156D1090FB6F894DEBF24
:10F280000FBECDBF8C01C0906907D0906A076AE0BD
:10F2900070E0C8010E9432FE7C01801B910BE114DA
:10F2A000F10419F4C8010E9451FE1982A2961FAE02
:10F2B000A297AC018036910514F040E650E04F5F14
:10F2C0005F4FB801CE0101960E943DFECE0101962E
:10F2D0000E945B3C81E00E94F764E114F10421F09C
:10F2E00087010F5F1F4FD3CFC6010E945B3CCF59F0
:10F2F000DF4F0FB6F894DEBF0FBECDBFDF91CF91C9
:10F300001F910F91FF90EF90DF90CF900895CF93D2
:10F31000DF93C091980881E6C89FE0011124C6568A
:10F32000D74F8091AD0780FF05C00E94334FCE01BB
:10F330000E942AC2CE010E945B3C80E0DF91CF9107
:10F340000C94F7640F931F93CF93DF93CDB7DEB781
:10F3500060970FB6F894DEBF0FBECDBF8C01DC0105
:10F36000ED91FC910280F381E02DBE016F5F7F4F34
:10F370001995882309F464C08981807CC9F56F815F
:10F38000637070E0762F6627770F770F8885B4E07B
:10F390008B9FC0011124682B792B898582958695D6
:10F3A00086958370682B6F5F7F4F90E080E02A85A1
:10F3B0002370220F3B8537FB332730F9232B3E8107
:10F3C0003F70230F3327331F2750310904C0660FC6
:10F3D000771F881F991F2A95D2F760960FB6F89469
:10F3E000DEBF0FBECDBFDF91CF911F910F9108956A
:10F3F000803419F568856695669570E090E080E048
:10F40000CB01772766272A85622B098510E0102F0C
:10F410000027012E000C220B330B602B712B822B4B
:10F42000932B6F5F7F4F8F4F9F4F4AE0660F771F81
:10F43000881F991F4A95D1F7D0CF8BE0F8018483BC
:10F4400060E070E0CB01C9CF0895FC01828108958E
:10F45000CF93DF93C091610ED091620E81E0CE31E7
:10F46000D105E4F020E030E040E05FE360915D0E24
:10F4700070915E0E80915F0E9091600E0F94250644
:10F480000F9469076C1B7D0B77FF03C07195619525
:10F49000710981E0633071050CF080E0DF91CF915C
:10F4A0000895FC0190E1A3E1B6E001900D929A95D8
:10F4B000E1F708950F931F9320912602203148F021
:10F4C000F4E09695879577956795FA95D1F722950B
:10F4D0002F70243048F0E2E09695879577956795F0
:10F4E000EA95D1F726952695223020F096958795B6
:10F4F00077956795611528E0720781059105C8F039
:10F5000081114BC023E0729FA00111244E5D5D4D1F
:10F51000FA0125913491FA013296E4916E9F412DC2
:10F520001124000C411DC901841B91091F910F91E9
:10F530000895613271058105910550F1605271099C
:10F54000810991098B019C0183E0369527951795D8
:10F5500007958A95D1F7000F111F000F111F0E5D3F
:10F56000114EF80125913491F8013296459154914C
:10F570006770649FC001659F900D112443E09695CC
:10F5800087954A95E1F7A901481B590BCA01CECFCF
:10F59000E2E2FEE185919491C9CF8EE190E0C6CF81
:10F5A000EF92FF920F931F93E0929405F0929505CE
:10F5B00000939605109397056093980570939905AD
:10F5C00080939A059FEFFF27621B730B840B30F427
:10F5D000809570956195790B890B992790934A03D3
:10F5E000A6E06A9F00923E03512DEE277A9F500DB0
:10F5F000E11D8A9FE00D50933F03E0934003AFE08D
:10F600006A9F00924203512DEE277A9F500DE11D13
:10F610008A9FE00D50934303E0934403AAE06A9F5E
:10F6200000924603512DEE277A9F500DE11D8A9FCF
:10F63000E00D50934703E09348031F910F91FF9013
:10F64000EF9008959F92AF92BF92CF92DF92EF9288
:10F65000FF920F931F93CF93DF9300D01F921F92BF
:10F66000CDB7DEB7E3E3FBE10027BB27462F572FDB
:10F67000A82FAA2341F4A52F542FB85FAA2319F469
:10F68000A52F5527B85FA03138F45295A295452F84
:10F690004F70507FA42BBC5FA03428F4550FAA1FD5
:10F6A000550FAA1FBE5FA03818F4550FAA1FB395B7
:10F6B000550FAA1FEA0FF01F449151E0AA27B85036
:10F6C00079F1C0F0B0FF02C0440F551FB1FF04C074
:10F6D000440F551F440F551FB2FF06C05295429567
:10F6E000142F1F70407F512BB3FF1AC0A52F542F2A
:10F6F000442716C0B195B0FF02C055954795B1FF9C
:10F7000004C05595479555954795B2FF05C052954C
:10F71000407F4295452B5F70B3FF02C0452F5527B0
:10F72000DD24CC24BB24B2E0649FD018C108B00A09
:10F73000B00B749FC018B108B00B849FB018B1090A
:10F74000659FC018B108B00B759FB018B109859FAF
:10F75000B0196A9FB018B1097A9FB0194D9DA12CBC
:10F7600099243327992722275D9DA00C911C301FD7
:10F77000901F201FAD9D900C311D901F201F4C9D90
:10F78000A00C911C301F901F201F5C9D900C311D00
:10F79000901F201FAC9D300D911D201F4B9D900C84
:10F7A000311D901F201F5B9D300D911D201FAB9DB3
:10F7B000900D211D4B9F300D911D201F5B9F900DC3
:10F7C000211DAB9F200DB1E0BB24CC24DD24639F21
:10F7D000D018C108B00AB00B739FC018B108B00BA5
:10F7E000839FB018B109699FC018B108B00B799F09
:10F7F000B018B109899FB019629FB018B109729F02
:10F80000B019D61AC70AB80A20F0B1E03B0F901F12
:10F81000201F1124792F632F90E0822F0F900F90DB
:10F820000F900F900F90DF91CF911F910F91FF904C
:10F83000EF90DF90CF90BF90AF909F900895CF92C0
:10F84000DF92EF92FF92C0908D05D0908E05E090F0
:10F850008F05F090900580919105882309F44FC0A1
:10F8600020E030E0A901C701B6010E9443FF8823D0
:10F8700009F445C020E030E040E05FE3C701B60195
:10F880000E94A8FF9B01AC010E94A8FF2BED3FE066
:10F8900049E450E40E94A8FF9B01AC0160E070E0E5
:10F8A00080E89FE30F9401076B017C01C0921B0568
:10F8B000D0921C05E0921D05F0921E056091220277
:10F8C00070912302072E000C880B990B0E9449FFB0
:10F8D0002AE037ED43E25CE30E94A8FFA70196010E
:10F8E0000E94A8FF60933C0270933D0280933E0209
:10F8F00090933F02FF90EF90DF90CF900895C12C3E
:10F90000D12C80E8E82E8FE3F82ED0CFFC01708157
:10F91000472F50E0062E02C0559547950A94E2F70E
:10F9200040FF14C04091B90550E0062E02C0559525
:10F9300047950A94E2F740FF09C021E030E001C09A
:10F94000220F6A95EAF72095272320830895DC018A
:10F95000ED91FC911197208130E012968C91F90184
:10F9600002C0F595E7958A95E2F7CF018170089579
:10F97000FC0184910895FC01808108956091220228
:10F9800070912302072E000C880B990B0E9449FFEF
:10F990002AE037ED43E25CE30E94A8FF20911B05BB
:10F9A00030911C0540911D0550911E050E94A8FF35
:10F9B00060933C0270933D0280933E0290933F021D
:10F9C00008958091E006811104C08091A006809383
:10F9D00096070895FC01518340830895FC014083FC
:10F9E00008958091F9049091570691118093A90789
:10F9F0008093F7040895CF93DF93C82FCB010E9423
:10FA0000084FC1110DC0CCEFD8E18BE099E10E9405
:10FA1000084FCE010E94084FDF91CF910C945A57A6
:10FA2000C1E0D9E1F2CF9C0180E22436310558F0E3
:10FA3000C90164E670E00F94D705CB016AE070E07D
:10FA40000F94D705805D8093A90680E22A303105A6
:10FA500058F0EAE0F0E0C901BF010F94D705CB01EF
:10FA6000BF010F94D705805D8093AA06C9016AE0A3
:10FA700070E00F94D705805D8093AB0689EA96E02D
:10FA80000895CB01D0CFCF93DF93C091610ED09179
:10FA9000620E209729F160915D0E70915E0E80914B
:10FAA0005F0E9091600E0F9469076E5F7F4F2497F1
:10FAB0006C177D07ACF470933806609337060E948C
:10FAC0007FD1605C73468F4F9F4F60933906709370
:10FAD0003A0680933B0690933C06DF91CF910895C0
:10FAE0001092390610923A0610923B0610923C068C
:10FAF000F4CFCF93DF93EC018D810E948C5E60E0A8
:10FB00008B81DF91CF910C94CECFDF92EF92FF9259
:10FB10000F931F93CF93DF938C01C62FD22FF32E19
:10FB2000E42ED52EE6DF0E948BD18C2F80640E94BC
:10FB3000805E8D2D0E94805E8E2D0E94805E8F2DB6
:10FB40000E94805E8D2F0E94805E87E8C11101C0F7
:10FB500085E90E94805ECC3011F40E94855EC0E091
:10FB60000E94855EF801868387FF04C0CF3F11F0B5
:10FB7000CF5FF6CFDF91CF911F910F91FF90EF9064
:10FB8000DF90089561E0FC0183810E94CECF8FEF6A
:10FB90000C94805E0F931F93CF938C01AADF0E9479
:10FBA0008BD1C82F81110AC082E1F8018483C8017A
:10FBB000E9DF8C2FCF911F910F9108958DEF0E9457
:10FBC000805E0E948BD1C82FF2CF8F929F92AF920E
:10FBD000BF92CF92DF92EF92FF920F931F93CF933A
:10FBE000DF93EC016A017B01590120E030E0A901BB
:10FBF00067E38BDFA501980167E1CE0186DF811104
:10FC000025C08F81833039F089E0CC0CDD1CEE1CDF
:10FC1000FF1C8A95D1F7A701960169E1CE0175DF36
:10FC200011E0882319F010E087E08C83CE01AADF71
:10FC3000812FDF91CF911F910F91FF90EF90DF9077
:10FC4000CF90BF90AF909F908F90089589E08C8364
:10FC500010E0ECCFCF93DF93EC016EBDFA01CA0147
:10FC60009E5F0DB407FEFDCF20812EBD0DB407FEB3
:10FC7000FDCF21812EBD3296E817F90791F70DB41B
:10FC800007FEFDCF8FEF0E94805E8FEF0E94805EA7
:10FC90000E94855E8E838F71853041F083E18C8375
:10FCA000CE0170DF80E0DF91CF91089581E0FBCF3E
:10FCB000EF92FF921F93CF93DF93EC017B0119DF4B
:10FCC0000E948BD1182F81110BC085E18C83CE014E
:10FCD00059DF812FDF91CF911F91FF90EF90089511
:10FCE000A7016CEFCE01B6DF182FF1CF0F931F9352
:10FCF000CF93DF93EC0189018F81833039F089E064
:10FD0000440F551F661F771F8A95D1F79A01AB01E3
:10FD100068E1CE01FADE882321F086E08C8310E0D2
:10FD200007C0A8016EEFCE0195DF811109C011E077
:10FD3000CE0128DF812FDF91CF911F910F91089580
:10FD40000E948BD1182F811103C087E18C83F0CFE3
:10FD500020E030E0A9016DE0CE01D7DE811104C0C2
:10FD60000E94855E882319F386E1D8CF1F93CF9335
:10FD7000DF93EC01BEDE20E030E0A9016CE0CE01B3
:10FD8000C4DE11E0882319F010E083E08C83CE01FB
:10FD9000F9DE812FDF91CF911F9108951F93CF93AB
:10FDA000DF93EC018F81833039F089E0440F551FD8
:10FDB000661F771F8A95D1F79A01AB0162E1CE01E8
:10FDC000A4DE11E0882319F010E085E08C83CE01D9
:10FDD000D9DE812FDF91CF911F9108958F929F924D
:10FDE000AF92BF92EF92FF920F931F93CF93DF9347
:10FDF0008C01EB017A010E947FD14B015C012CE266
:10FE0000820E21E0921EA11CB11C0E94855EF801A9
:10FE100086838F3FA1F40E947FD1A5019401261B08
:10FE2000370B480B590BDA01C901181619061A06C7
:10FE30001B065CF381E1F8018483C0E021C08E3FA2
:10FE400069F5F1E0EF1AF1088FEF8EBDFE012FEF9B
:10FE50000DB407FEFDCF8EB581932EBDCF018C1B57
:10FE60009D0B8E159F05A0F30DB407FEFDCF8EB53B
:10FE7000CE0DDF1D88830E94855E0E94855EC1E0F5
:10FE8000C80180DE8C2FDF91CF911F910F91FF90E1
:10FE9000EF90BF90AF909F908F9008958FE0CBCF61
:10FEA0000F931F93CF93DF93EC018B0122DE40E091
:10FEB00052E0B801CE01DF91CF911F910F918ECF0B
:10FEC0000F931F93CF93DF93EC0189018F818330D0
:10FED00039F089E0440F551F661F771F8A95D1F7C7
:10FEE0009A01AB0161E1CE0110DE811109C040E051
:10FEF00052E0B801CE01DF91CF911F910F916ECFEB
:10FF000084E08C83CE013EDE80E0DF91CF911F91B3
:10FF10000F9108958F929F92AF92BF92CF92DF92EE
:10FF2000EF92FF920F931F93CF93DF93EC01062F75
:10FF30001F821C824B830E947FD16B017C0120EDCC
:10FF4000C20E27E0D21EE11CF11CA89561E08B8156
:10FF50000E94CECF61E08B810E94A9D0209A289A7E
:10FF6000219A2398229A81E00E948C5E85E08D83FD
:10FF70000E948C5E1AE08FEF0E94805E1150D9F7CC
:10FF8000A89520E030E0A90160E0CE01BEDD8E83BF
:10FF90008130B1F00E947FD1A7019601261B370B5B
:10FFA000480B590BDA01C901181619061A061B0667
:10FFB00044F381E08C83CE01E5DD1A8280E074C0D9
:10FFC000A8952AEA31E040E050E068E0CE019DDDEE
:10FFD000853069F581E08F83A8958F81812C912CE4
:10FFE0005401823029F4812C912CA12C80E4B82E6C
:10FFF00020E030E0A90167E3CE0187DDA50194018F
:020000021000EC
:1000000069E2CE0182DD8E83882369F10E947FD16F
:10001000A7019601261B370B480B590BDA01C901C2
:10002000181619061A061B061CF38AE0C3CF14E043
:100030000E94855E8E831150D9F78A3A11F482E0CE
:10004000CACF0E947FD1A7019601261B370B480B10
:10005000590BDA01C901181619061A061B060CF409
:10006000B0CF82E0A7CF8F818230B9F420E030E0BA
:10007000A9016AE3CE0149DD882311F088E09ACF17
:100080000E94855E807C803C11F483E08F830E9417
:10009000855E0E94855E0E94855ECE0173DD81E0F3
:1000A0008A83073070F40D83DF91CF911F910F91F8
:1000B000FF90EF90DF90CF90BF90AF909F908F9088
:1000C000089588E18C837ACF0F931F93CF93DF93AA
:1000D000EC018B0120E030E0A90169E016DD81111F
:1000E00009C040E150E0B801CE01DF91CF911F91EE
:1000F0000F9174CE80E18C83CE0144DD80E0DF91EE
:10010000CF911F910F9108958091F904811103C03F
:1001100086E28093F9048091F9048093A9070C94F6
:10012000AE3E4091920521E0422761E070E00C94E0
:10013000B2C54091920521E042276CE070E00C943A
:10014000B2C54091920521E0422762E070E00C9434
:10015000B2C54091920521E0422761E070E00C9425
:10016000B2C54091920521E0422768E070E00C940E
:10017000B2C54091920521E042276CE070E00C94FA
:10018000B2C54091920521E0422764E070E00C94F2
:10019000B2C541E061E070E00C94B2C541E062E0BC
:1001A00070E00C94B2C54091920521E042270C9476
:1001B000B2C564E070E00C9418D162E070E00C9479
:1001C00018D161E070E00C9418D161E070E00C94FB
:1001D00018D16CE070E00C9418D16FEF8091A006FC
:1001E0000E9496CC0C94E723F8CF62E08091A006A1
:1001F0000E9496CC0C94E723F8CF61E08091A00692
:100200000E9496CC0C94E72320E040E070E060E090
:1002100089E492E80C9444234F925F926F927F920C
:100220008F929F92AF92BF92CF92DF92EF92FF9206
:100230000F931F93CF93DF930091A0060E944BCDA5
:10024000C091B00610E0000F111F0456174E95E044
:10025000592E5C0E21E7E22E28E1F22ED3E0DC1BC2
:100260003DEFC32E30E8D32E4FE7A42E48E1B42E45
:1002700082E0782E7C1A59EA852E58E1952E81E08D
:10028000682E6C1A4C2E4194C11137C08091B20671
:100290008823B1F080913102882359F081E0909158
:1002A000B206911180E024E040E958E1642D0E94FB
:1002B000EACBCF5FC511E8CF84E08093B1060CC0D4
:1002C0008091AE061092AE06882321F30E9412247C
:1002D0008091C7068823F1F2DF91CF911F910F9192
:1002E000FF90EF90DF90CF90BF90AF909F908F9056
:1002F0007F906F905F904F900895C13069F5F8013D
:10030000859194919093E4068093E3061092E2061F
:100310001092E1061092E0068091B206813081F0E1
:1003200080913102882329F21F929F928F926F92BF
:1003300081E09091B206913009F477C080E075C0F9
:100340008091AE061092AE06882351F346DF80916D
:10035000C706882329F3C0CFC23009F043C0F80193
:10036000859194919093E4068093E3061092E206BF
:100370001092E1061092E0068091B2068230D1F030
:1003800080913102882309F494CFDF92CF92BF92FB
:10039000AF927F9281E09091B206923009F080E0B6
:1003A0008F930E9436230F900F900F900F900F9015
:1003B0000F907FCF8091AE061092AE06882301F396
:1003C0001CDF8091C7068823D9F286CF8091AE06C4
:1003D0001092AE068823D1F008DF8091C7068823EB
:1003E000A9F07ACFC33009F064CFF80185919491D8
:1003F0009093E4068093E3061092E2061092E106E1
:100400001092E0068091B206833001F380913102B0
:10041000882309F44ECF1F92FF92EF92DF9381E081
:100420009091B206933009F089CF8F930E943623C2
:100430000F900F900F900F900F903BCF6AEE7CE7DC
:1004400081E49DE70C9450306EEE7CE784EB9EEAED
:100450000C945030CF93C091A00681E0C8278C2F18
:100460000E94FD3ECC2311F0CF914ECE80E0CF9183
:100470000C94AE3E6EE472E882E00C948AED61E585
:1004800072E881E00C948AED64E572E880E00C94F7
:100490008AED62E971EB83E00C948AED82E00C94C2
:1004A000AB2E81E00C94AB2E80E00C94AB2EEF923F
:1004B000FF920F931F9387EBE82E87E1F82E10E051
:1004C00000E029EB37E144E051E869EC77E18EEC9C
:1004D00097E10E94FED31F910F91FF90EF90089536
:1004E0006DEC7CEC8CEC9CE30C948E236DEC7CEC42
:1004F0008CEC9DE30C948E2360E070E080E89FE339
:100500000C948E2360E070E080E291E40C948E23E2
:100510008BE1EBE2FEE0A0E1BEE001900D928A9556
:10052000E1F78091C00C80648093C00C1092B50CF0
:100530008FEF9FEF90932B0280932A020895809172
:10054000C00C84FF04C08460877F8093C00C089532
:10055000CF92DF92EF92FF920F931F93CF93DF938F
:10056000CDB7DEB7EDB6FEB6DC010D900020E9F7A1
:100570009D01281B390B285F3F4FEDB7FEB7E21BEB
:10058000F30B0FB6F894FEBF0FBEEDBF0DB71EB74D
:100590000F5F1F4F9F938F9380E897E29F938F93F6
:1005A0001F930F930E94DCFE6801F4E0CF0ED11C74
:1005B0000F900F900F900F900F900F90D6018D918C
:1005C0006D01882349F0082E000C990B0F94220A24
:1005D000F60131978083F2CF6BE777E2C8010E9482
:1005E00027FE40E450E0B8018AE596E00E948CFEC8
:1005F0000FB6F894FEBE0FBEEDBEDF91CF911F91F6
:100600000F91FF90EF90DF90CF900895FC019385BC
:1006100091FD13C0987121E0903109F020E08091A4
:10062000C00C20FB85F98093C00C903141F080858F
:10063000873419F481858E3711F480E0089581E0C4
:100640000895FC0120E03EE2DB014D91BD01403206
:1006500049F0283011F430833196DB0111974C9129
:10066000408331962F5F2B3079F710820895EF92F7
:10067000FF920F931F93CF93DF93CDB7DEB7A09771
:100680000FB6F894DEBF0FBECDBF7C018B01BE015B
:100690006F5F7F4FC7010E9411CA181694F4CE01F4
:1006A0000196B4DF882399F3BE016F5F7F4F86E820
:1006B0009CE0C7DF66E87CE0C8010F94470A892BFD
:1006C00031F7A0960FB6F894DEBF0FBECDBFDF9115
:1006D000CF911F910F91FF90EF900895CF9380914C
:1006E000260CC1E08823C9F08091270C9091280C3A
:1006F00040911E0C50911F0C6091200C7091210CA8
:10070000DC01ED91FC910288F389E02D2EE13AE0C5
:100710001995C82F811104C0C0E08C2FCF91089586
:100720004091220C5091230C6091240C7091250C67
:100730004115510561057105B9F08091270C909123
:10074000280CDC01ED91FC910288F389E02D2EE16B
:100750003AE01995882301F31092220C1092230C91
:100760001092240C1092250C1092260CD6CFCF920A
:10077000DF92EF92FF92CF936B017C01C42F8091A7
:100780001E0C90911F0CA091200CB091210C8C1587
:100790009D05AE05BF0519F1A1DF811107C080E0FD
:1007A000CF91FF90EF90DF90CF9008958091270C2C
:1007B0009091280CDC01ED91FC910088F189E02DED
:1007C0002EE13AE0B701A6011995882341F3C092C2
:1007D0001E0CD0921F0CE092200CF092210C81E0B4
:1007E000CC23F1F28093260CDBCF4F925F926F9275
:1007F0007F928F929F92AF92BF92CF92DF92EF92B1
:10080000FF920F931F93CF93DF93EC01423051057A
:100810006105710590F480E0DF91CF911F910F91F8
:10082000FF90EF90DF90CF90BF90AF909F908F9010
:100830007F906F905F904F90089589859A85AB85E2
:10084000BC850196A11DB11D84179507A607B707A2
:1008500010F38F898031C1F5852E962EA72EBB24EB
:100860008B899C89AD89BE89880E991EAA1EBB1EE4
:10087000280139016A017B0141E0C501B40177DF3C
:10088000882349F29F89903181F5DD24EE24FF24ED
:10089000F601EE0FFF1FE25EF54F118300839A8988
:1008A000923008F4B9CF4D815E816F817885840ED6
:1008B000951EA61EB71E8092220C9092230CA09229
:1008C000240CB092250CA8CF803209F0A4CF8B89DC
:1008D0009C89AD89BE894A015B01E7E0B694A79483
:1008E00097948794EA95D1F7BFCFE894C7F8DD24B1
:1008F000EE24FF24F601EE0FFF1FEE0FFF1FE25E56
:10090000F54F4082518262827382C9CFCF92DF92CB
:10091000EF92FF920F931F93CF93DF93FC0181859A
:100920009285A385B4850196A11DB11D84179507F5
:10093000A607B70750F480E0DF91CF911F910F9188
:10094000FF90EF90DF90CF90089587898031A9F5CF
:10095000BB27A72F962F852FC388D488E588F688D4
:100960008C0D9D1DAE1DBF1DE9016A017B018F012C
:1009700040911E0C50911F0C6091200C7091210C25
:1009800084179507A607B70749F5F80187898031CD
:1009900061F5B701A601552766277727440F551F34
:1009A000425E554FFA0180819181B0E0A0E08883DA
:1009B0009983AA83BB8381E0BFCF803209F0BBCF8C
:1009C000C388D488E588F688DB01CA01C7E0B695FC
:1009D000A79597958795CA95D1F7C2CF40E0BC01FE
:1009E000CD01C5DE8111D1CFA6CFB701A6014F77CA
:1009F000552766277727440F551F440F551F425E22
:100A0000554FFA0180819181A281B381BF70CFCF10
:100A10004F925F926F927F92AF92BF92CF92DF928E
:100A2000EF92FF920F931F93CF93DF9300D01F920B
:100A3000CDB7DEB78C0149835A836B837C83590120
:100A4000C12CD12C7601412C82E0582E612C712CC6
:100A500049815A816B817C819E012F5F3F4FC80184
:100A600055DF882319F1F8018585A301920104C09F
:100A7000220F331F441F551F8A95D2F7DA01C9018F
:100A8000C80ED91EEA1EFB1E49815A816B817C81EA
:100A900087898031F1F481E0483F5F4F610571053E
:100AA000B8F2F501C082D182E282F3820F900F90FA
:100AB0000F900F90DF91CF911F910F91FF90EF90CA
:100AC000DF90CF90BF90AF907F906F905F904F90EE
:100AD000089581E0483F5F4F6F4F7F4008F4B8CFE3
:100AE000E0CF0F931F93CF93DF93FC012381222349
:100AF00031F080E0DF91CF911F910F9108958B012C
:100B0000EC01FB018789803139F582E08B831D8AF6
:100B10001E8A1F8A188E808D918DB0E0A0E025E09E
:100B2000880F991FAA1FBB1F2A95D1F7898B9A8B13
:100B3000AB8BBC8B1A8F098F81E08983188619864D
:100B40001A861B861C821D821E821F82188A1C86A2
:100B50001D861E861F86CECF803259F683E08B839A
:100B6000428D538D648D758D4D8B5E8B6F8B788F21
:100B70009E012F5E3F4FC8014BDF8111DBCFB9CF04
:100B80008F929F92AF92BF92CF92DF92EF92FF929D
:100B90000F931F93CF93DF93EC018B8181110EC0D4
:100BA00080E0DF91CF911F910F91FF90EF90DF9048
:100BB000CF90BF90AF909F908F90089509891A8928
:100BC0002B893C89041715072607370748F34A0184
:100BD0005B01823031F488869986AA86BB8681E0E3
:100BE000E0CF81149104A104B10449F41886198658
:100BF0001A861B861C821D821E821F82F0CF0885EA
:100C000019852A853B85E98DFA8D858590E00996C1
:100C1000B901A8014150510961097109082E04C0A8
:100C200076956795579547950A94D2F775016401B3
:100C3000E1E0CE1AD108E108F10804C0F694E79487
:100C4000D794C7948A95D2F7C416D506E606F70658
:100C500020F0012B022B032B09F58D899E89AF898A
:100C6000B88D8C839D83AE83BF838E010C5F1F4F35
:100C7000C114D104E104F10409F4ADCF4C815D81CC
:100C80006E817F819801898D9A8D40DE91E0C91A2D
:100C9000D108E108F1088111EBCF82CFC41AD50A3F
:100CA000E60AF70AE2CF2F923F924F925F926F923D
:100CB0007F928F929F92AF92BF92CF92DF92EF92EC
:100CC000FF920F931F93CF93DF93EC014B017A01B7
:100CD0008B81811115C08FEF9FEFDF91CF911F9115
:100CE0000F91FF90EF90DF90CF90BF90AF909F90CB
:100CF0008F907F906F905F904F903F902F900895CE
:100D0000898180FFE8CF89899A89AB89BC89488528
:100D100059856A857B85841B950BA60BB70BA701AC
:100D200070E060E084179507A607B70708F47C0118
:100D300067011E0124E0220E311CC114D10409F404
:100D4000A7C0488559856A857B855A0181E0B8220C
:100D5000898D9A8D2A013B0129E0769467945794F6
:100D600047942A95D1F72B81FC01223079F5628DC9
:100D7000738D848D958D640D751D861D971D00E006
:100D800012E00A191B09C016D10608F486010115E4
:100D9000E2E01E0771F440901E0C50901F0C609012
:100DA000200C7090210C641575058605970509F0D7
:100DB0004CC040E0DCDC882309F48DCFB501625ED5
:100DC000754FA801C4010F94370A51C01481115006
:100DD0001421A114B10471F411110CC0452B462B40
:100DE000472B51F58D899E89AF89B88D8C839D8362
:100DF000AE83BF83E98DFA8D4C805D806E807F80ED
:100E000022E0421A510861087108858504C0440C2B
:100E1000551C661C771C8A95D2F786859785A08914
:100E2000B189480E591E6A1E7B1EC301B201610FB3
:100E3000711D811D911DA3CF4C815D816E817F81CC
:100E4000910164DD8111D6CF46CFA091270CB091DE
:100E5000280CED91FC9111970088F189E02D940107
:100E6000AB01BC01CD011995882309F434CF800E64
:100E7000911E88859985AA85BB85800F911FA11D2C
:100E8000B11D88879987AA87BB87C01AD10A55CF19
:100E9000C70123CFFF920F931F93CF93DF931F922E
:100EA000CDB7DEB7FC0123812230C8F08C0140852C
:100EB00051856285738585E0769567955795479549
:100EC0008A95D1F7F42FFF70FF2E198241E050E090
:100ED000BE016F5F7F4FC801E6DE019719F090E019
:100EE00080E012C0F80180859185A285B3854F9678
:100EF000A11DB11D80879187A287B387F0E2FF9E75
:100F0000C0011124825E954F0F90DF91CF911F9108
:100F10000F91FF900895EDE04E9FE02D1124ED50CC
:100F2000E60FF72FF11DDC0190E09B3080F0169664
:100F30002D913C9117972F3F310519F010F02FE5B7
:100F400030E021939F5F12969D3079F70895953098
:100F500028F014962D913C911597EDCF11962D9177
:100F60003C911297E8CFFC0183858F738F3061F439
:100F7000828D938D892B41F420812F712150330B69
:100F800081E02431310508F080E00895FC019C01E6
:100F9000255F3F4F80E080FB879587F99191890F0E
:100FA000E217F307C1F70895CF93DF93EC01462FC3
:100FB00041706C857D858E859F85D9DB882351F0B6
:100FC000888920E2829FC0011124825E954FDF91C3
:100FD000CF91089590E080E0FACFCF93DF93EC01BA
:100FE0008B81882339F1898187FF21C061E0CE019F
:100FF000DBDFFC01892BF1F08081853ED9F08B810C
:10100000823040F489899A89AB89BC89848F958F15
:10101000A68FB78F8D899E89938F828F8D899E89A8
:10102000AF89B88DB58BA48B89818F778983DF9148
:10103000CF9154CB81E0888380E0DF91CF910895F8
:10104000CF93DF93EC01C9DF1B82DF91CF9108952D
:101050008091C00C8F778093C00C0E9481408823C0
:1010600019F081EC9CE0ECCF08958091C00C8F7E4C
:101070008093C00C8FEF9FEF90932B0280932A02F6
:1010800080912E0E882319F08BE29EE0D9DFE0914B
:10109000FA0CF091FB0C0190F081E02D45E361E04A
:1010A0008AEF9CE0199581110FC00E94334F8FE6A3
:1010B00097E20E94084F8091C00C84FF32C028DA6A
:1010C00083E080933102089561E08AEF9CE00E9402
:1010D00037C781110EC060E08AEF9CE00E9437C7DD
:1010E000811107C083E297E20E94084F8BE597E2E7
:1010F000E0CF6CED7CE08BE29EE0F3DC811107C079
:1011000083E297E20E94084F8AE497E2D2CF80916F
:10111000C00C80618093C00C0E94334F8EE397E235
:10112000C8CF80917307882359F241E061E08CE2D7
:1011300097E20E946A250E94E723C2CFCF93DF93F4
:10114000EB01FC012381211104C080E0DF91CF91EC
:1011500008952250223028F48FE28883198281E09A
:10116000F5CF60E021DF009781F3DC0160E080E0F3
:101170009EE22D91203299F0883031F49E01260FA5
:10118000311DF90190836F5F9E01260F311DAD0166
:1011900041505109FA014081F90140836F5F8F5F2F
:1011A0008B3039F7FE01E60FF11D1082D8CFCF93B7
:1011B000DF93EC01CB01E881F98160817181BEDFB1
:1011C00028813981D901ED91FC91AA81BB818C9153
:1011D0009081992359F08936C8F4CF010196F9011D
:1011E000918380838C918F5F8C93EACF893670F4E2
:1011F0008FE28083E881F9818081918101969183DA
:101200008083EA81FB8180818F5F8083DF91CF9132
:1012100008953F924F925F926F927F928F929F922A
:10122000AF92BF92CF92DF92EF92FF920F931F93F4
:10123000CF93DF93CDB7DEB72C970FB6F894DEBF10
:101240000FBECDBF5C01DC0159968D909C90F401DE
:1012500081859285A385B4859C01AD012F5F3F4FA9
:101260004F4F5F4F29873A874B875C87D50114968C
:101270004D905D906D907C901797411451046104DE
:10128000710409F458C0BFEF4B1A5B0A6B0A7B0A62
:10129000312C730162011D821E821F821886F401A7
:1012A00081859285A385B4852D813E814F815885A6
:1012B000281739074A075B0708F054C089859A85C3
:1012C000AB85BC858C159D05AE05BF0550F482E04D
:1012D000C82ED12CE12CF12C92E0492E512C612CFE
:1012E000712C9E012F5F3F4FB701A601C4010EDB99
:1012F0008823C1F189819A81AB81BC81892B8A2B9A
:101300008B2B01F1260137019FEF491A590A690A0F
:10131000790A2D813E814F8158852F5F3F4F4F4F76
:101320005F4F2D833E834F8358873FEFC31AD30A05
:10133000E30AF30AB4CF4080518062807380332483
:101340003394A7CFC414D504E604F70411F70FEFC4
:101350001FEF2FEF3FE0B701A601C40146DA782E58
:1013600081111AC0712C872D2C960FB6F894DEBF10
:101370000FBECDBFDF91CF911F910F91FF90EF90E6
:10138000DF90CF90BF90AF909F908F907F906F90A5
:101390005F904F903F900895F5014481558166819B
:1013A0007781411551056105710531F0970186017D
:1013B000C4011BDA8823B1F2D5011496CD92DD92D7
:1013C000ED92FC921797332051F0D701C601019698
:1013D000A11DB11DF40180839183A283B383F50124
:1013E00085899689A789B08D892B8A2B8B2B09F04B
:1013F000BACFC58AD68AE78AF08E818180688183D8
:10140000B2CF40E050E0BA01BBCB2F923F924F9257
:101410005F926F927F928F929F92AF92BF92CF9284
:10142000DF92EF92FF920F931F93CF93DF93CDB78D
:10143000DEB7A8970FB6F894DEBF0FBECDBF1C0174
:101440006B015EA34DA339A328A30CA3D901BC91C2
:10145000BAA3BB2309F445C0F90101900020E9F7C4
:101460003197E21BF30BCF010C966DE070E00F9407
:10147000D7056F5F6E8FFE2ED60159968D919C9188
:10148000F101928F818FC601BCDF612C1F8E10E0AD
:10149000712C512C00E0CE0101969D8F8C8FAF2DC9
:1014A000B0E0B8A7AFA3F60180849184A284B3848E
:1014B00081899289A389B48988169906AA06BB06F0
:1014C00008F014C245E0B694A794979487944A957F
:1014D000D1F7582CC601DEDC7C01009731F480E0A6
:1014E00094C091E09E8FF12CC7CFDC014C9044203A
:1014F00009F4DDC1B5EE4B1203C00111D4CFD9C13F
:10150000011101C010E0BAA1B11198C04BE050E048
:10151000B7018DA19EA10F942A0A892B21F6B52D22
:10152000BF70BF8FEF8D2E2F30E0F901B5E0EE0FC9
:10153000FF1FBA95E1F7DF01A25EB54F1B968C91B4
:10154000817121F08CA1827109F0ADC1D101599650
:101550008D919C915A9740911E0C50911F0C609157
:10156000200C7091210C1C964D935D936D937C9390
:101570001F974F8D50964C935097E25EF54FC4885D
:10158000D588F12CE12C7601DD24CC245596CD9222
:10159000DD92ED92FC925897428D538D70E060E0A1
:1015A0004C295D296E297F2955964D935D936D9346
:1015B0007C935897A5E0220F331FAA95E1F7D90134
:1015C000A25EB54F1B962C91287109F05FC1848DE6
:1015D000958DA68DB78DF101818B928BA38BB48BEA
:1015E00081E083838CA18F70F10181831482158245
:1015F000168217821086118612861386FCA181E05E
:10160000F4FF03C0C1010E9486C8A8960FB6F894E3
:10161000DEBF0FBECDBFDF91CF911F910F91FF9025
:10162000EF90DF90CF90BF90AF909F908F907F9082
:101630006F905F904F903F902F900895C70193DC7B
:1016400071102FC0882309F42ECF46FE08C0F70181
:101650006584AC8DBD8DEBE11D92EA95E9F7D7016C
:101660004C914F7109F41FCFBE8DB41708F41BCFF6
:10167000F7018585861117CFBE016F5F7F4FC701C8
:101680004ADC4FA158A5BE016F5F7F4F88A199A189
:101690000F946C0A77247394892B09F404CF712C6E
:1016A00002CF8111FCCFC70171DC8611F8CF37CF93
:1016B0001F5F24C18585B301A20104C0440F551FDB
:1016C000661F771F8A95D2F751968D909D90AD90A9
:1016D000BC905497D501C401840F951FA61FB71F56
:1016E000F601818B928BA38BB48BD90114968C91CC
:1016F000B0E18B9FC0011124180FEE8D1E1708F466
:101700000EC12F8DF0E22F9FA0011124052E000C99
:10171000660B770BC60134DA882309F4E0CEF12C8E
:10172000E12C8E8D8150990B9BA38AA300E2B02EF1
:1017300081E2882E88E2982E412C98E0592E6E8CFA
:101740006A949E8DE91608F0EDCEF60180859185AC
:10175000A285B38515E0B695A795979587951A95B7
:10176000D1F7F82FFF70FF8FC60194DB8C018AA19F
:101770009BA1E816F9060CF066C0D801EB2D1D926E
:10178000EA95E9F7862D8E198F71A82EEFE0D80122
:101790001B96EC938DA19EA1F9DBD8011D968C932D
:1017A00080E4E11080E08A29F8018083FDE0AF9EAB
:1017B000A02D1124AD50E8A1F9A101900020E9F776
:1017C0003197BF0188A199A1681B790BF80130E01E
:1017D00020E077270A2F10E0A801420F531F461779
:1017E0005707F4F4A8A1B9A14A0F5B1FDA018C9145
:1017F000082E000C990B2530F0F4928381832F5F23
:101800003F4F32962D30310539F781E08093260C19
:101810000E946E83BFEFEB1AFB0A811192CF5FCE5D
:1018200081E090E06417750714F090E080E09195F6
:1018300081959109E0CF2B3018F495838483DFCF15
:1018400097838683DCCFF8012B2D11922A95E9F737
:101850008BE0EDA1FEA1D80101900D928A95E1F7F0
:10186000D80151969C928E9250971F965C924E9200
:101870001E9753969C928E92529759969C928E9256
:10188000589757965C924E925697BFCF203159F495
:1018900091012F5E3F4FBCD8882329F084E0D1010D
:1018A00013968C939FCED10113961C9218CE0111E2
:1018B0001DC0111101C08F8E1F5FEE8D00E01E1341
:1018C00011C080911E0C90911F0CA091200CB09122
:1018D000210CF10184879587A687B787882D8F70A3
:1018E000808B01E0D7018C918111DDCD8CA18274B8
:1018F000823409F0F4CD011101C05F8EFE8D1F17F7
:1019000008F0FFCEC601C6DA892B09F0D1CEE12C52
:1019100022E0F22E412C32E0532E612C712CD601A4
:1019200013968C911397823009F4D9CD51968D91ED
:101930009D910D90BC91A02D803E9F4FAF41B10570
:1019400008F0CDCDC60165DC882309F4C8CD0E941E
:101950006E83882309F4C3CDD6015996ED91FC918D
:101960005A9714968D909D90AD90BC901797B2E0C9
:101970008B1A9108A108B108858504C0880C991CB0
:10198000AA1CBB1C8A95D2F786859785A089B18948
:10199000880E991EAA1EBB1EE1E0E093260C8092E1
:1019A0001E0C90921F0CA092200CB092210CAEE164
:1019B000BAE0F7011D923197E9F701E0D601599697
:1019C0002D913C915A97F9018481081708F072CE45
:1019D0008091270C9091280CDC01ED91FC910288FC
:1019E000F389E02D2EE13AE0B501A401400F511D2D
:1019F000611D711D1995882309F471CD0F5FDECF2C
:101A0000FC01238121111CCB08952F923F924F920C
:101A10005F926F927F928F929F92AF92BF92CF927E
:101A2000DF92EF92FF920F931F93CF93DF93CDB787
:101A3000DEB7C756D1090FB6F894DEBF0FBECDBFD3
:101A4000A7969FAF8EAFA7971B016A01A8962FAFED
:101A5000A89719821C821C8E1F8E6115710511F5C5
:101A600010E0CE014C96CCDFCE010196C9DF812F6C
:101A7000C959DF4F0FB6F894DEBF0FBECDBFDF915F
:101A8000CF911F910F91FF90EF90DF90CF90BF907B
:101A9000AF909F908F907F906F905F904F903F900E
:101AA0002F900895A796EEADFFADA7978381811182
:101AB000D7CFFA0180817B018F32C1F4FB01838192
:101AC0008250823060F0618D728DCE014C9609D8C3
:101AD0009E01245E3F4F7901882309F4C1CFC601DE
:101AE0006C010196F60120812F32D1F39E012F5F08
:101AF0003F4FA3963FAF2EAFA3976F963FAF2EAF4A
:101B00006F9758E1852E912CA12CB12CCE014C96CB
:101B1000A1969FAF8EAFA1970E947FD161157105ED
:101B20008105910511F00E948AFAA596DFAECEAE2E
:101B3000A5979E01295C3F4FC601712C612C40E0A6
:101B400060E02901DC015D91552391F15F3281F163
:101B50006A3109F485CFEEEFF6E274917723A9F0AC
:101B600031965713FACF7CCFA0969FADA097A19640
:101B70008FADA197A396EEACFFACA397A2969FAFB3
:101B8000A297A3968FAFA397C7CF503208F468CF20
:101B90005F3709F465CF5E3229F4C816D90610F410
:101BA0003C0141E06F5FF90151939F01CD01CACF24
:101BB000640D752D711DFB011082F2010190002052
:101BC000E9F79F012150310924193509522F2D3091
:101BD00008F5822F90E033278823B9F0AFEFA80FE4
:101BE0006A2F70E0F201E60FF71FE081EE3259F440
:101BF000911111C08250883068F4C901861B970B7F
:101C0000059744F491E08A2FE7CF911143C05930F2
:101C100008F441C091E025E080E26D968FAF6D97AA
:101C20006C968FAF6C976B968FAF6B976A968FAFF2
:101C30006A9769968FAF699768968FAF689767962E
:101C40008FAF679766968FAF669765968FAF6597EC
:101C500064968FAF649763968FAF639730E0A596D5
:101C6000AEADBFADA5978D918823B9F18F32A9F1A3
:101C70008032A9F08E3229F4442389F0A615B705E5
:101C800070F0EDEEF6E25491552371F03196851324
:101C9000FACFE6CE90E027E0BFCF38E02AE0A59665
:101CA000BFAFAEAFA597DBCF813208F4D9CE8F3767
:101CB00009F4D6CE8E3289F3231788F36FE9680FC3
:101CC0006A3108F450EEE2E5F0E0EC0FFD1FE30F9F
:101CD000F11D850F80833F5FE2CF992309F4D4C0C3
:101CE000CE018E5A9F4F10E0CC24C394C10E3C010C
:101CF0000196F3012081203229F01C2D1B30A1F721
:101D00001AE043C0133008F040C00E943BFAA5011E
:101D100094010F948F056F5BF30160830E943BFA7F
:101D200022E530E02C0F3D1F2C0D311D6901A5016E
:101D300094010F948F056F5BF60160830E943BFA5C
:101D400032E0C32EC10E22E530E02C0F3D1F2C0DDA
:101D5000311D6901A50194010F948F056F5BF60198
:101D600060830E943BFA43E0C42EC10E22E530E0BE
:101D70002C0F3D1F2C0D311D69011C5FA501940125
:101D80000F948F056F5BF6016083163008F015E045
:101D9000E2E5F0E0EC0FFD1FE10FF11D8EE780831F
:101DA0000E943BFA66246394610E22E530E02C0F1A
:101DB0003D1F260D311D390128E030E040E050E0A4
:101DC0000F948F056F5CF30160830E943BFA1E5FE6
:101DD00022E5C22ED12CCC0EDD1EC10ED11C28E076
:101DE00030E040E050E00F948F056F5CF6016083B7
:101DF00063968FAD6397803209F432CEA596CEAC50
:101E0000DFACA597F601808196012F5F3F4FA59625
:101E10003FAF2EAFA5978F3289F3882331F101E0D0
:101E20009201AE014E5A5F4FB701A3968EAD9FADA2
:101E3000A397EBDA882309F413CEE214F30411F02C
:101E4000C701FED86F968EAD9FAD6F97A396EEAD8E
:101E5000FFADA3978E179F0709F486CE6E969FADB0
:101E60006E976F968FAD6F9785CEA8960FADA8979A
:101E70009201AE014E5A5F4FB701A7968EAD9FAD4E
:101E8000A797C3DA182FEDCD1FAAB2CF0F931F93D8
:101E9000CF93DF93CDB7DEB7EB970FB6F894DEBFE5
:101EA0000FBECDBF8091C00C84FF3AC080912A0242
:101EB00090912B0297FF25C08BE1E0E1FEE0DE016F
:101EC000919601900D928A95E1F7CE01819699DA6B
:101ED00010E000E0BE016F5F7F4FCE0181960E944F
:101EE00011CA18163CF4CE0101960E940683080F11
:101EF000111DF0CF10932B0200932A02CE01819680
:101F00007FDD80912A0290912B02EB960FB6F89418
:101F1000DEBF0FBECDBFDF91CF911F910F9108950E
:101F200090E080E0F2CF0F931F93CF93DF93CDB774
:101F3000DEB76B970FB6F894DEBF0FBECDBF8C0136
:101F400080E19EE05EDA8BE1E0E1FEE0DE011196E9
:101F500001900D928A95E1F7B801CE0101960E9499
:101F60003783CE0101964CDD6B960FB6F894DEBF39
:101F70000FBECDBFDF91CF911F910F910895EF92CA
:101F8000FF920F931F93CF93DF93CDB7DEB72C97BC
:101F90000FB6F894DEBF0FBECDBF8C017F936F9359
:101FA0005F934F9383E393E09F938F939E012F5F03
:101FB0003F4F79013F932F930F949D0AF8010190B1
:101FC0000020E9F7CF010197801B910B0FB6F89421
:101FD000DEBF0FBECDBF8431910548F445E150E02E
:101FE000481B590BB701800F911F0E948CFEC8013E
:101FF0002C960FB6F894DEBF0FBECDBFDF91CF9108
:102000001F910F91FF90EF9008950F930FB70F93CB
:1020100000916E000D7F00936E0078940F930BB7C4
:102020000F930CB70F921F922F933F934F935F9391
:102030006F937F938F939F93AF93BF93EF93FF9390
:1020400011240E94A39EFF91EF91BF91AF919F91A8
:102050008F917F916F915F914F913F912F911F9041
:102060000F900CBF0F910BBF0F910260F89400937B
:102070006E000F910FBF0F911895CF93DF93C9E5B5
:10208000DEE0198618861092F9060E94437D1A86B2
:102090002C98C8ECD6E0198618860E944A1E1A862B
:1020A00080910201807280930001DF91CF910895A9
:1020B00010929607E2DF0C94E7238F929F92AF92E3
:1020C000BF92CF92DF92EF92FF920F931F93CF9325
:1020D000DF93B4E4A0E06A2F70E0AB014B0F511D19
:1020E00055954795411119C0E4E9F5E26591749160
:1020F000072E000C880B990B0E9449FFDF91CF91AE
:102100001F910F91FF90EF90DF90CF90BF90AF9015
:102110009F908F900895B42FE0CFA41711F0B413BF
:1021200003C0E0EAF6E2E2CF9A0121503109220F22
:10213000331F220F331FF901EE56FA4DE590F4904C
:10214000F901EA56FA4DC591D4918E159F0518F301
:10215000A42FC817D90708F4BECFF901EC56FA4DE1
:1021600005911491F901E856FA4DC590D4908E1955
:102170009F09BC0190E080E00E9447FF4B015C0199
:10218000B601601B710B072E000C880B990B0E9487
:1021900049FF9B01AC01C501B4010E94A8FF4B019E
:1021A0005C01CE19DF09BE0190E080E00E9447FF8C
:1021B0009B01AC01C501B4010F9401076B017C01C7
:1021C000B801110F880B990B0E9449FF9B01AC01CC
:1021D000C701B6010F94250691CFEF92FF920F939E
:1021E0001F93CF93DF93C82F7B018A0180917307E0
:1021F0008330A8F080912306811111C00E94304FD6
:10220000C7010E94084F87E395E20E94084FCF3F25
:1022100039F583E395E20E94084F0E945A572DDF5B
:10222000A8958091230681113AC081E0809323060E
:1022300082E08093730721DFD5E1D150F9F0A895B2
:10224000409A69E170E080E090E00E94E5D040981B
:1022500060E570E080E090E00E94E5D0A895EDCFC9
:10226000C7FDDBCF85E40E94014F6C2F0C2E000CC4
:10227000770B880B990B0E9498C5CFCF409A6CE2E0
:1022800075E2CF3F11F060E375E240E0C801DF91F5
:10229000CF911F910F91FF90EF900C94A15DDF9172
:1022A000CF911F910F91FF90EF9008952F923F9241
:1022B0004F925F926F927F928F929F92AF92BF9256
:1022C000CF92DF92EF92FF920F931F93CF93DF9302
:1022D00000D01F921F92CDB7DEB71C0149835A83ED
:1022E0006B837C8328013901ED828601A90192016B
:1022F000FC0165817681878190850E9443FF882358
:1023000099F0F1014582568267827086FF24F3942A
:1023100020E030E0A901C301B2010F944C08181667
:102320000CF0F12CF101F482F10184818230A1F0F2
:10233000833009F460C08130B1F529813A814B8145
:102340005C8165817681878190850F944C08181691
:1023500054F182E0F101848329813A814B815C81CF
:10236000F10165817681878190850F9424066B0148
:102370007C010E947FD12B013C01A5019401C70182
:10238000B6010E9443FF181634F19801A8EEB3E09D
:102390000F94BB05460E571E681E791EF101408240
:1023A0005182628273820F900F900F900F900F9066
:1023B000DF91CF911F910F91FF90EF90DF90CF9021
:1023C000BF90AF909F908F907F906F905F904F9055
:1023D0003F902F900895F10180819181A281B38176
:1023E00084199509A609B709181619061A061B06B5
:1023F000D4F283E0848341EC56E261ED76E28D8194
:102400000F900F900F900F900F90DF91CF911F9131
:102410000F91FF90EF90DF90CF90BF90AF909F9083
:102420008F907F906F905F904F903F902F90D5CE80
:1024300045E555E262E675E2D0CE8F929F92AF926B
:10244000BF92CF92DF92EF92FF920F931F93CF93A1
:10245000DF93A89560915B0E70915C0EEFEAF7E157
:10246000C590D490E3EBF7E1C591D4916C157D054F
:1024700008F069C0E1EBF7E165917491072E000C5B
:10248000880B990B0E9449FF60935D0E70935E0E5E
:1024900080935F0E9093600E8091CA069091CB0658
:1024A0000CDE6093CC067093CD068093CE0690939D
:1024B000CF068091610E9091620E181619066CF489
:1024C00080915B0E90915C0E8115904430F042EA51
:1024D00056E26FEA76E280E080DE20912E023091B3
:1024E0002F028091CA069091CB068217930710F4B1
:1024F0008FEF9EDF8091D0069091D10618161906B5
:102500000CF061C020912C0230912D028091CA06FE
:102510009091CB062817390708F055C042EA56E2D9
:102520006FEA76E28FEFDF91CF911F910F91FF90CD
:10253000EF90DF90CF90BF90AF909F908F904DCE57
:10254000E5EBF7E199CFC617D707D0F3E1EBF7E159
:10255000E590F490E5EBF7E1059114916C197D0994
:1025600090E080E00E9447FF4B015C01B8016E19CA
:102570007F09072E000C880B990B0E9449FF9B01D5
:10258000AC01C501B4010E94A8FF4B015C01CC194C
:10259000DD09BE0190E080E00E9447FF9B01AC0195
:1025A000C501B4010F9401074B015C01B701FF0C99
:1025B000880B990B0E9449FF9B01AC01C501B40136
:1025C0000F94250661CFDF91CF911F910F91FF905E
:1025D000EF90DF90CF90BF90AF909F908F90089535
:1025E0004F925F926F927F928F929F92AF92BF9223
:1025F000CF92DF92EF92FF920F931F93CF93DF93CF
:10260000CDB7DEB72E970FB6F894DEBF0FBECDBFA5
:1026100080917307811118C0A8952E960FB6F89473
:10262000DEBF0FBECDBFDF91CF911F910F91FF9005
:10263000EF90DF90CF90BF90AF909F908F907F9062
:102640006F905F904F900895809132068111E5CF91
:1026500081E0809332068091A205811103C010921F
:102660003206DBCFEADE1092A2050E947FD1698399
:102670007A838B839C8320E03CEF4FE756E46091A4
:102680005D0E70915E0E80915F0E9091600E0F94C2
:102690004C08181614F480E0CBDE6091610E709146
:1026A000620E072E000C880B990B0E9449FF8B01CC
:1026B0009C0140915D0E50915E0E60915F0E709195
:1026C000600E812C912CE0E8AE2EE0E4BE2EF8E204
:1026D000CF2ED12CE12C87E49EE0E8DD80905D0ECA
:1026E00090905E0EA0905F0EB090600E20E030E003
:1026F000A901C501B4010F944C0818160CF024C2AE
:1027000020E03CEF4FE756E4C501B4010E9443FFCF
:1027100087FF1AC280912A06811109C089E59EE0CF
:10272000909329068093280681E080932A062091C1
:102730002806309129063E872D87D90114968D9160
:102740009D910D90BC91A02D8D839E83AF83B88702
:10275000F90160857185072E000C880B990B0E948A
:1027600049FF6B017C0120E030E0A9010E9443FF9A
:10277000882391F02D813E814F815885C701B60194
:102780000F9424066B017C0120E030E040EA51EC1C
:102790000E9443FF87FF09C081E0AD85BE851B967F
:1027A0008C93C12CD12C7601C4C020E030E040EAEB
:1027B00051E4C701B6010F944C0818165CF481E08F
:1027C000ED85FE858387C12CD12C4FE7E42E43E4B1
:1027D000F42EAFC0AD85BE851B968C911B978823C8
:1027E00069F0FD01148A158A168A178A58961D9277
:1027F0001D921D921C925B971B961C92ED85FE8587
:10280000248D358D468D578DC701B6010E94A8FFD6
:1028100069877A878B879C87AD85BE8550966D9337
:102820007D938D939C93539790962D913D914D91CF
:102830005C919397C701B6010E94A8FFED85FE85C4
:1028400024893589468957890F9425066B017C01B7
:1028500020E030E0A9010E9443FF87FD66C120E02F
:1028600030E04FE753E4C701B6010F944C08181647
:102870000CF45FC1AD85BE855496CD92DD92ED928C
:10288000FC92579758964D905D906D907C905B9719
:102890002D813E814F8158851C966D917D918D9142
:1028A0009C911F970F942406ED85FE8524A135A1E8
:1028B00046A157A10E94A8FFA30192010F942406EC
:1028C00020ED3CEC4CE45DE30E94A8FFA3019201E3
:1028D0000F9425062B013C01AD85BE8558964D927F
:1028E0005D926D927C925B97A701960169857A85CE
:1028F0008B859C850F942506A30192010F942506D4
:1029000020E030E0A9010F9425066B017C0120E056
:1029100030E0A9010E9443FF87FD43CF20E030E073
:102920004FE753E4C701B6010F944C0818160CF496
:102930004ACF2D813E814F815885AD85BE851C963D
:102940002D933D934D935C931F9720E030E0A901B8
:10295000C701B6010E9443FF87FDF2C020E030E0CE
:102960004FE753E4C701B6010F944C08181634F42E
:10297000C12CD12C3FE7E32E33E4F32EC701B6017F
:102980000F946907759567956093630E809139067A
:1029900090913A06A0913B06B0913C060097A105A4
:1029A000B105D9F029813A814B815C81821B930B5F
:1029B000A40BB50B181619061A061B0674F0C501F0
:1029C000B4010F94690720913706309138066217D9
:1029D00073070CF4BBC00E94437D20E030E046E169
:1029E00053E46091CC067091CD068091CE06909113
:1029F000CF060F944C08181614F48FEF19DD809150
:102A00009E0590919F05A091A005B091A10500970A
:102A1000A105B10509F129813A814B815C81821BB5
:102A2000930BA40BB50B181619061A061B06A4F077
:102A30006091CC067091CD068091CE069091CF0624
:102A40000F94690720919C0530919D0562177307CB
:102A50000CF483C00E944A1E8091240690912506A2
:102A6000A0912606B091270629813A814B815C818D
:102A7000821B930BA40BB50B181619061A061B061E
:102A80000CF4EDCDDA01C90188579C4EAF4FBF4F12
:102A90008093240690932506A0932606B0932706DC
:102AA0006091D0067091D106072E000C880B990B0F
:102AB0000E9449FF8B019C014091CC065091CD06AC
:102AC0006091CE067091CF06812C912CA12C80E4D0
:102AD000B82E94E1C92ED12CEE24EA9480E59EE034
:102AE000E5DBC090CC06D090CD06E090CE06F0900D
:102AF000CF0620E030E040EA50E4C701B6010F9471
:102B00004C0887FD0AC020E030E046E153E4C701ED
:102B1000B6010E9443FF18163CF51092D206809130
:102B200002018072809300019ACDC12CD12C7601D4
:102B3000A1CEC12CD12C5FE7E52E53E4F52E9ACE21
:102B4000C12CD12C76011ACF60E01ECF44E755E2AC
:102B500063E875E280E041DB40CF44E755E263E89B
:102B600075E28FEF3ADB78CF6091D0067091D10695
:102B7000072E000C880B990B0E9449FFA7019601B4
:102B80000F94240620E030E0A9010F944C08181699
:102B900024F080E08093D20662CD8FE7FBCFCF9206
:102BA000DF92EF92FF92CF93DF93EC01C880D98040
:102BB000EA80FB8082E295E20E94084FC701B601DD
:102BC0000E9498C5CC80DD80EE80FF8081EE92E38C
:102BD0000E94084FC701B6010E9498C548855985D3
:102BE0006A857B858DED92E3DF91CF91FF90EF9029
:102BF000DF90CF900C9474570F930FB70F93009101
:102C00006E000F930D7F00936E0000916F000D7F9B
:102C100000936F000F930BB70F930CB70F921F9297
:102C20002F933F934F935F936F937F938F939F93D4
:102C3000AF93BF93EF93FF9311240E94D29FFF9114
:102C4000EF91BF91AF919F918F917F916F915F9124
:102C50004F913F912F911F900F900CBF0F910BBF81
:102C60000F910260F89400936F000F9100936E0033
:102C70000F910FBF0F911895CF93DF9300D0CDB771
:102C8000DEB700C000C081E89EE09A8389831B8282
:102C9000CE0101960E94A77C882309F442C0899A3C
:102CA00081E08093BB0581E89EE09A83898381E07F
:102CB0008B83CE0101960E94A77C811135C08F9A2B
:102CC0008FEF8093BC0581E89EE09A83898382E040
:102CD0008B83CE0101960E94A77C90910B018111FC
:102CE0009095927090930901811121C08FEF80938C
:102CF000BD0581E89EE09A83898383E08B83CE01C2
:102D000001960E94A77C8823A1F0169A81E0809307
:102D1000BE0500C000C00F900F900F90DF91CF91C3
:102D2000089589988FEFBDCF8F9881E0CACF81E059
:102D3000DECF16988FEFEBCF8091BA05877F809317
:102D4000BA05129A81E0089512988091BA058860B8
:102D50008093BA05089521E030E0082E02C0220FCA
:102D6000331F0A94E2F7209530959091BA052923F4
:102D70002093BA05813061F020F0823071F081E05B
:102D800008955F9A809149068E7F80934906F7CF18
:102D90008A9A809149068D7FF8CF809108018095AD
:102DA000817080930601809149068B7FEECF80E091
:102DB000D2DF81E0D0DF82E0CEDFBECF8130B9F05C
:102DC000A0F08230B1F021E030E0082E01C0220FE7
:102DD0000A94EAF79091BA05922B9093BA05823043
:102DE00019F481E08093930508955F98ECCF8A9859
:102DF000EACF90910801917090930601E4CFAF92D1
:102E0000BF92CF92DF92EF92FF920F931F93CF93D7
:102E1000C82F41E065E17EE10E94CD57C11102C09B
:102E20000E94334F8DE09EE10E94084F8BEA9DE1A6
:102E30000E94084F0E945A578C2F0E94775C41E0F5
:102E40006BEF7DE18C2F0E94CD57C11102C00E9413
:102E5000334F8EED9DE10E94084F8C2F0E94715DD3
:102E60008C2F0E94B3C68C2F0E940B5D8C2F0E946A
:102E7000365D8C2F0E94EA5C8C2F0E94B35C8C2FF5
:102E80000E94925C41E063EC7DE18C2F0E94CD5763
:102E900003ED16E0C12CD12C7601C11102C00E94B5
:102EA000334F8AEB9DE10E94084FC701B6010E9493
:102EB0002EC5F80160817181072E000C880B990BDB
:102EC0000E9449FFAB01BC0187EB9DE10E94214FAD
:102ED000F80162817381072E000C880B990B0E9408
:102EE00049FFAB01BC0184EB9DE10E94214FF80139
:102EF000A480B58081EB9DE10E94084FC5010E942E
:102F0000D43E0E945A570A5F1F4FCA94CD28CE283C
:102F1000CF2861F48C2FCF911F910F91FF90EF90EC
:102F2000DF90CF90BF90AF900C94FB57C12CD12C69
:102F30007601C394B2CF8F929F92AF92BF92EF92DD
:102F4000FF920F931F93CF93DF93CDB7DEB7EB972D
:102F50000FB6F894DEBF0FBECDBF1DA61EA61FA6DE
:102F600018AA84E690E09093850C8093840C1092CC
:102F7000B40C1092B30C8091370390913803A09158
:102F80003903B0913A0389AB9AABABABBCAB64E00D
:102F900070E0CE01C1960E9418D18091840C90916E
:102FA000850C02969093850C8093840C1092B40C3F
:102FB0001092B30C81E692E098AF8FABCE01C7962A
:102FC0000E94DD8081E08BAFCE01CB960E94E58030
:102FD00068E470E089E39CE00E9418D180E1E6E8B3
:102FE000F2E08E010F5F1F4FD80101900D928A957C
:102FF000E1F760E170E0C8010E9418D18AE797E02C
:103000000E94D9808AE496E00E94E9808FEF8DAB20
:10301000CE01C5960E94E58019821A821B821C820D
:10302000C8010E94D9801DA21EA21FA218A67E015F
:1030300085E2E80EF11CC7010E94D98019821A822C
:103040001B821C82C8010E94D98068E070E081EF79
:1030500096E00E9418D11DA61EA61FA618AA83E0FE
:103060008DAB8DA3CE018D960E94D980CE01C596E1
:103070000E94E580C7010E94E58080E09CE09A8381
:103080008983C8010E94DD803AE0B32EBA94BB2048
:1030900029F0CE018D960E94D980F8CF8CE0F801FE
:1030A00011928A95E9F7C8010E94E9801DA61EA623
:1030B0001FA618AA2AE0B22EBA94BB2029F0CE018E
:1030C0008D960E94D980F8CF83E08AAF89AFCE0178
:1030D000CA960E94E580CE01C9960E94E58080E0F4
:1030E0009CE09EAB8DABCE01C5960E94DD8088E052
:1030F000F701982F11929A95E9F7F80111928A95A4
:10310000E9F768E070E0C7010E9418D168E070E05C
:10311000C8010E9418D11DA61EA61FA618AA9AE0D3
:10312000A92EB12CF1E0AF1AB10829F0CE018D968D
:103130000E94D980F7CF1982BB24BA94BDA2C801DE
:103140000E94E180C7010E94E5801982C8010E94A7
:10315000E1806CE070E083ED96E00E9418D18091F0
:10316000750E9091760EA091770EB091780E8983AE
:103170009A83AB83BC8321E732EB47E25EE3609145
:10318000790E70917A0E80917B0E90917C0E0F9447
:1031900001076D837E838F83988721E732EB47E2B7
:1031A0005EE360917D0E70917E0E80917F0E909116
:1031B000800E0E94A8FF69877A878B879C8780E0B2
:1031C00090E0A0E8BFE38D879E87AF87B88B198A10
:1031D0001A8A1B8A1C8A64E170E0C8010E9418D117
:1031E00084E190E09A838983C8010E94DD808CE0AD
:1031F000E6E9F2E0D80101900D928A95E1F76CE0E2
:1032000070E0C8010E9418D18CE0E6E9F2E0D80134
:1032100001900D928A95E1F76CE070E0C8010E9480
:1032200018D11982C8010E94E5808FE78983C801FF
:103230000E94E580B982C8010E94E58085E0E2EA4B
:10324000F2E0D80101900D928A95E1F765E070E017
:10325000C8010E9418D11DA21A821982C7010E94BA
:10326000E180C8010E94DD8080E2E7EAF2E0D80157
:1032700001900D928A95E1F760E270E0C8010E942A
:1032800018D11DA2C7010E94E18081E995E00E944A
:10329000E1808DE895E00E94D9801DA61EA61FA69C
:1032A00018AACE018D960E94D98082E1F801119270
:1032B0008A95E9F762E170E0C8010E9418D184E2C2
:1032C000E7ECF2E0D80101900D928A95E1F764E213
:1032D00070E0C8010E9418D180E1B82EF8018B2D52
:1032E00011928A95E9F760E170E0C8010E9418D157
:1032F0001A82198262E070E0C8010E9418D1F801B8
:103300001192BA94E9F760E170E0C8010E9418D107
:103310006CE670E081E295E00E9418D18CE0F80143
:1033200011928A95E9F71DAA80E090E0A0E4B0E44C
:103330008DA39EA3AFA3B8A7C8010E94E980CE01C8
:10334000C5960E94E580C7010E94D980E090840C58
:10335000F090850CF4E6EF1AF1088091B30C90918F
:10336000B40C9A83898384E690E09093850C8093D3
:10337000840C64E070E08BEE92E00E9418D1C801EA
:103380000E94DD800E94334F83E59CE10E94084F3C
:10339000C7010E94D43E89809A80B12CA12C86E47A
:1033A0009CE10E94084FC501B4010E942EC583E430
:1033B0009CE10E94084F81E6E81682E0F806D1F011
:1033C00083E297E20E94084F84E99CE10E94084F43
:1033D00080E0EB960FB6F894DEBF0FBECDBFDF9155
:1033E000CF911F910F91FF90EF90BF90AF909F9062
:1033F0008F90089583E39CE10E9426C681E0E9CF87
:10340000CF93DF932091200521111DC090911F05BE
:1034100091111AC0C0912402D0912502219720E079
:1034200030E040E05FE360915D0E70915E0E809150
:103430005F0E9091600E0F9425060F94690721E0AE
:103440006C177D070CF020E0822FDF91CF9108955B
:10345000D7DF882341F020E040E070E060E087E5BE
:1034600092E80C9444230C940481AF92BF92CF92C3
:10347000DF92EF92FF920F931F93CF93DF93C9E3F5
:10348000DCE00EE717E089E4A82E8CE0B82EC12C12
:10349000D12C7601C39469917991899199910E9477
:1034A00047FF288939894A895B890E94A8FF0F94C0
:1034B0006E07F80161937193819391938F01C61602
:1034C000D706E806F90610F46B017C01AC16BD06C0
:1034D00011F76FEF7FEFCB01A70196010F946D05F8
:1034E00020938E0730938F07409390075093910756
:1034F000DF91CF911F910F91FF90EF90DF90CF90D0
:10350000BF90AF9008950F931F93CF93DF930DE477
:103510001CE0C7E9D7E0F801219131914191519127
:103520008F0160E070E080E89FE30F9401076993EA
:10353000799389939993F7E0C73ADF0761F70E947F
:10354000D0CADF91CF911F910F918FCF9091850EAF
:103550008091860E981306C08091AB079091AC07BE
:10356000892B19F00E94CED6F1CF08959091850E47
:103570008091860E981307C08091AB079091AC079D
:10358000892B09F414CC0E94CED6F0CF2F923F9213
:103590004F925F926F927F928F929F92AF92BF9263
:1035A000CF92DF92EF92FF920F931F93CF93DF930F
:1035B000CDB7DEB7A4970FB6F894DEBF0FBECDBF70
:1035C0001C016A017B0128013901DC0155968D90AF
:1035D0009D90AD90BC90589720E030E0A901CB01C0
:1035E000B6010E9443FF882309F4A5C2A7019601F2
:1035F000C501B4010E94A8FF0F945808F62E7987E0
:103600008D83E92EA3019201C501B4010E94A8FF98
:103610000F945808F98239853A834D814B83EC82A7
:1036200029813A814B815C81203231054105510568
:1036300040F420E230E040E050E029833A834B83BD
:103640005C836D837E838F8398874D815E816F81DC
:103650007885403251056105710540F460E270E003
:1036600080E090E06D837E838F839887F101E25B39
:10367000FF4F80819181A281B3818097A105B1051F
:1036800040F480E290E0A0E0B0E080839183A283E8
:10369000B38380819181A281B38189879A87AB8727
:1036A000BC87D1019D96CD90DD90ED90FC90D09798
:1036B000F101E65AFF4F608171818281938161152A
:1036C00071058105910509F440C20E9449FF698B8B
:1036D0007A8B8B8B9C8B9B01AC0160E070E080E867
:1036E0009FE30F940107698F7A8F8B8F9C8F20E067
:1036F00030E040E05FE30E94A8FF4B015C01698578
:103700007A858B859C850E9447FF6D8B7E8B8F8B86
:10371000988F9B01AC010E94A8FF2B013C016D8199
:103720007E818F8198850E9447FF9B01AC010E949A
:10373000A8FF9B01AC01C301B2010F942406A501AF
:1037400094010E94A8FF69A37AA38BA39CA369811B
:103750007A818B819C810E9447FF9B01AC010E9472
:10376000A8FF6D8F7E8F8F8F98A39B01AC01C30143
:10377000B2010F942406A50194010E94A8FF4B01F9
:103780005C010F94EB060F9469072B013C0169A1C2
:103790007AA18BA19CA10F94EB060F9469076D870A
:1037A0007E878F87988BDC01CB01840D951DA61D2C
:1037B000B71DA7019601281B390B4A0B5B0BDA01D9
:1037C000C901B7FF5EC0C701B6010E9447FFA5014E
:1037D00094010F94250629A13AA14BA15CA10F9455
:1037E000240620E030E040E05FE30E94A8FF0F9451
:1037F0005808412C512C320197FD09C02B013C0186
:10380000C414D504E604F70414F426013701B70103
:10381000A60144195509660977094D875E876F87A8
:10382000788BC301B2010E9449FF6B017C01298999
:103830003A894B895C89CA01B9010F9425069B011D
:10384000AC01C701B6010E94A8FF2D8D3E8D4F8DA2
:1038500058A10F9425060F94DF086B017C01AC0181
:103860009B016D897E898F89988D0F944C0818165D
:1038700044F4C701B6010F946E0769877A878B8776
:103880009C8720E034E244EF59E4698D7A8D8B8D7A
:103890009C8D0E94A8FF6B017C0169857A858B85D0
:1038A0009C8529813A814B815C81621B730B840B5F
:1038B000950B0E9447FFA70196010E94A8FF0F9455
:1038C0006E074B015C0169857A858B859C852D810E
:1038D0003E814F815885621B730B840B950B0E94B0
:1038E00047FFA70196010E94A8FF0F946E076B0186
:1038F0007C013FE683169104A104B10408F031C1B4
:10390000F401EE0FFF1FEE0FFF1FE958F64E8591F1
:103910009591A591B4918C01AD8BB98B4FE6C416EE
:10392000D104E104F10408F024C1F601EE0FFF1FF9
:10393000EE0FFF1FE958F64E459155916591749130
:10394000342F252F6D8F79A3D101D1964D925D92A1
:103950006D927C92D4979D964D915D916D917C91E5
:10396000D0978D859E85AF85B889481B590B6A0B0A
:103970007B0BD101D5964D935D936D937C93D89736
:10398000F101EE5AFF4F49815A816B817C8140835E
:1039900051836283738334966D817E818F81988594
:1039A0006083718382839383799780829182A282DC
:1039B000B3823496C082D182E282F38289859A856D
:1039C000AB85BC85F10181AF92AFA3AFB4AFEB5B28
:1039D000FF4F008311834D89428359895383349665
:1039E000308321836D8D628379A173838091AA07CF
:1039F000813009F087C08091A70782FF83C080FFD4
:103A000081C07C966081662309F4BCC070E090E0C0
:103A100080E00E9449FF6B017C01F101E25BFF4FF6
:103A200060817181828193810E9447FF4B015C011B
:103A300069817A818B819C810E9447FFA501940155
:103A40000F940107A70196010E94A8FF20E030E033
:103A5000A9010F9425069B01AC01F101EA59FF4F22
:103A60002083318342835383C10186599F4F9A87B4
:103A70008987C701B6010F94240669837A838B83F3
:103A80009C83C301B2010E9449FF9B01AC01698183
:103A90007A818B819C810F940107A985BA856D93EA
:103AA0007D938D939C931397F101E259FF4FFA8315
:103AB000E9836D817E818F8198850E9447FFA501F2
:103AC00094010F940107A70196010E94A8FF9B0192
:103AD000AC01C701B6010F9424066B017C016D8512
:103AE0007E858F8598890E9449FF9B01AC01C701A3
:103AF000B6010F940107A981BA816D937D938D93CF
:103B00009C931397A4960FB6F894DEBF0FBECDBF5B
:103B1000DF91CF911F910F91FF90EF90DF90CF90A9
:103B2000BF90AF909F908F907F906F905F904F90DD
:103B30003F902F900895F101EE5AFF4FF080B18130
:103B4000B98722812D83E3805DCD412C512C320138
:103B5000198E1A8E1B8E1C8E1D861E861F86188A35
:103B600090CEC501B4010E94227B8B018D8B998B75
:103B7000D5CEC701B6010E94227B362F272F8D8F0D
:103B800099A3E2CEF101EA59FF4F1082118212820D
:103B9000138234961082118212821382349610821C
:103BA000118212821382AECF90916F0081E091FD5D
:103BB00002C080E0089590916F009D7F90936F0008
:103BC0000895EFE6F0E080818260808308950F938E
:103BD0001F93CF93DF93C82FE7DFD82F24E0C29F36
:103BE000C00111248C01095F194F8D5E994FFC01B2
:103BF00060817181828193810E9449FF0F946907DE
:103C0000F801608371838283938381E08093060649
:103C1000DD2329F0DF91CF911F910F91D2CFDF915A
:103C2000CF911F910F910895CF93DF9300D0CDB71F
:103C3000DEB78091AC05659B7AC081608093AC054E
:103C4000909103018091AC0591FF73C082608093D5
:103C5000AC058091AC054B996EC084608093AC0537
:103C600082E89EE09A8389831B82CE0101960E949E
:103C7000A77C8823A9F081E89EE09A838983CE01FE
:103C800001960E94A77C81110BC08091AC0580FF3A
:103C900007C08091E50681608093E50680E097DFAC
:103CA00082E89EE09A83898381E08B83CE0101962E
:103CB0000E94A77C8823A9F081E89EE09A838983EB
:103CC000CE0101960E94A77C81110BC08091AC05AA
:103CD00081FF07C08091E50682608093E50681E060
:103CE00076DF82E89EE09A83898382E08B83CE012F
:103CF00001960E94A77C882301F181E89EE09A83C7
:103D00008983CE0101960E94A77C811116C0809103
:103D1000AC0582FF12C08091E50684608093E506C1
:103D200082E00F900F900F90DF91CF9150CF8E7F58
:103D300085CF8D7F8CCF8B7F91CF0F900F900F9081
:103D4000DF91CF910895CF92DF92EF92FF92809111
:103D5000A3058823F1F0C0906F07D0907007E09022
:103D60007107F090720788EEC80E83E0D81EE11C40
:103D7000F11C0E947FD1C61AD70AE80AF90A1C145E
:103D80001D041E041F042CF01092A90780E00E945D
:103D9000AE3E809129028F3708F445C08F5790912D
:103DA000630E90933606992309F43BC02C9A209118
:103DB000D2062093350690910201211190959072C0
:103DC000909300018F5F809329028091340691E0E7
:103DD00089278093340681110E94E226809128026F
:103DE00091E0980F83300CF090E0813009F45EC0D0
:103DF00034F58823C9F190932802809148068111F7
:103E000013DF8091AB079091AC07009729F00197E1
:103E10009093AC078093AB07FF90EF90DF90CF902B
:103E200008952C98C4CF90913606891708F02C98E5
:103E300090913506891730F290910201C0CF8230FF
:103E400009F440C08330B9F680913306811103C074
:103E500087E0809333068091330681508093330648
:103E6000882349F293E0C7CF809127028F5F80318A
:103E70001CF480932702BFCF109227028091A205E5
:103E800081110BC02091C8063091C9063093CB0632
:103E90002093CA0681E08093A20510925A0E1092D8
:103EA000590E1092C9061092C806A5CF88E08093DB
:103EB0007B0086E480937C0080917A00806480930C
:103EC0007A0099CF80917A0086FD0FC040917800EA
:103ED000509179002091C8063091C906240F351FF2
:103EE0003093C9062093C80686CF92E084CF5CDE6B
:103EF00010929207109293071092940710929507D0
:103F000081115FCE0895CF93DF939091860E8091BB
:103F1000850E891788F0891B09F442C09091830EA1
:103F2000992371F0833050F48FEF890F39F080932B
:103F3000830ED0E0C0E030C0805FEDCF1092830EE2
:103F4000C091860E82E7C89FE0011124C956D14F67
:103F5000888180FDEECF8091920790919307A09188
:103F60009407B0919507FE01E05AFF4F40815181BF
:103F700062817381841B950BA60BB70B809392070C
:103F800090939307A0939407B09395078091860E22
:103F90000E94D4278093840ECE01DF91CF910895A3
:103FA000A6DFC7CF2F923F924F925F926F927F9280
:103FB0008F929F92AF92BF92CF92DF92EF92FF9239
:103FC0000F931F93CF93DF93CDB7DEB764970FB6F0
:103FD000F894DEBF0FBECDBF8FEF9FEF90938900A7
:103FE000809388006AE0D62E1C8A1B8AC12C80919F
:103FF000040690910506892B09F0ACC18091060654
:104000008823E1F08091740790917507109206065D
:10401000892B09F49FC110927507109274071092B2
:10402000820E9091850E8091860E981709F492C1A8
:104030008091860E0E94D4278093860E809174070B
:1040400090917507892B09F485C10091FA051091AB
:10405000FB052091FC053091FD054091F60550913E
:10406000F7056091F8057091F90504171507260703
:10407000370708F06FC18091260290E0B0E0A0E021
:10408000401B510B620B730B84179507A607B707EC
:1040900010F4AC01BD01942F400F511F621F731F1C
:1040A0004093FA055093FB056093FC057093FD0562
:1040B000E1E00091BF051091C0052091C10530914C
:1040C000C2054091D3055091D4056091D5057091FA
:1040D000D6058090C3059090C405A090C505B0900A
:1040E000C605480D591D6A1D7B1D80E077FD05C082
:1040F000401B510B620B730B81E04093D30550932F
:10410000D4056093D5057093D6054091D70550919D
:10411000D8056091D9057091DA058090C705909017
:10412000C805A090C905B090CA05480D591D6A1D63
:104130007B1D77FD05C08260401B510B620B730B2A
:104140004093D7055093D8056093D9057093DA054D
:104150004091DB055091DC056091DD057091DE0535
:104160008090CB059090CC05A090CD05B090CE0569
:10417000480D591D6A1D7B1D77FD05C08460401BDD
:10418000510B620B730B4093DB055093DC0560937E
:10419000DD057093DE054091DF055091E0056091EB
:1041A000E1057091E2058090CF059090D005A09038
:1041B000D105B090D205480D591D6A1D7B1D77FDB4
:1041C00005C08860401B510B620B730B4093DF05E9
:1041D0005093E0056093E1057093E205E11104C09E
:1041E0002091840030918500282F30E0E82FE17085
:1041F00080FF1CC08090BB05082C000C9908AA0801
:10420000BB084091130650911406609115067091F9
:104210001606480D591D6A1D7B1D409313065093C9
:1042200014066093150670931606889A21FB44279E
:1042300040F949831A8221FF1CC08090BC05082CDC
:10424000000C9908AA08BB0840911706509118065F
:104250006091190670911A06480D591D6A1D7B1D43
:1042600040931706509318066093190670931A0628
:104270008E9A22FB552750F95B831C8222FF21C0B6
:104280008090BD05082C000C9908AA08BB08409135
:104290001B0650911C0660911D0670911E06480D6C
:1042A000591D6A1D7B1D40931B0650931C0660938D
:1042B0001D0670931E0680910B0180958870809377
:1042C000090153E0359527955A95E1F721153105F8
:1042D000E1F08090BE05082C000C9908AA08BB08E4
:1042E00040911F0650912006609121067091220690
:1042F000480D591D6A1D7B1D40931F0650932006D3
:104300006093210670932206149A40918400509184
:1043100085004091840050918500E1118898E981E1
:10432000FA81EF2B09F08E984B815C81452B29F0A7
:1043300080910B01887080930901232B09F0149858
:10434000992321F020918400309185009150E0E084
:1043500009F0AFCE78948091040690910506892BE0
:1043600009F0B4C680918400909185006091260286
:104370006230B8F02091020630910306280F391FF1
:104380004091FE055091FF054217530750F0262F2C
:1043900030E0359527952093260210920106109261
:1043A00000069195819591099093030680930206EA
:1043B0001092FF051092FE05E0917407F0917507C9
:1043C000309709F439C58091FA059091FB05A091C9
:1043D000FC05B091FD054091F6055091F7056091FF
:1043E000F8057091F90584179507A607B707A8F097
:1043F00010927507109274071092820E9091850E9C
:104400008091860E981731F08091860E0E94D427F5
:104410008093860E00ED17E0A1C04091F205509107
:10442000F3056091F4057091F50584179507A607CB
:10443000B70708F08AC28090EE059090EF05A09033
:10444000F005B090F105DF01DD968D919D910D9005
:10445000BC91A02D88169906AA06BB0608F070C26A
:1044600081149104A104B10409F005C1409198059B
:104470005091990560919A0570919B05CB01BA0105
:104480002091ED0504C0660F771F881F991F2A959C
:10449000D2F70E945A7A8C01880E991EA11CB11C79
:1044A0008092EE059092EF05A092F005B092F10592
:1044B0001092E9051092EA051092EB051092EC05B6
:1044C0008091AA07813009F049C08091A70782FF37
:1044D00052C480FF50C4E0907407F0907507F70154
:1044E000E659FF4F20E030E0A901608171818281AF
:1044F00093810F944C0818168CF5F701EA59FF4F79
:1045000060817181828193810F946E07862F0E9452
:10451000AE3EE0907407F0907507570156E6A50E81
:10452000B11C8AE6E80EF11C6091260270E090E072
:1045300080E00E9449FFF70120813181428153814F
:104540000E94A8FFF50120813181428153810F949F
:104550002506F50160837183828393838091AA0786
:104560008230E9F48091A70782FF19C08091740717
:1045700090917507009799F08B599F4FFC018081AE
:104580009091E305891759F00E94AE3EE0917407BF
:10459000F0917507EB59FF4F80818093E30580917F
:1045A000740790917507892B09F08CC5ACDC90934A
:1045B000750780937407892B09F484C5E09174070B
:1045C000F091750790818091AA0792FD3FC4908178
:1045D00093FD3CC4811105C0E25AFF4F80810E94C7
:1045E000AE3E80E0E0917407F0917507458C568CE3
:1045F000678C70A091E0411451046104710409F4C6
:1046000090E090FB80F981A092A0A3A0B4A091E0DB
:1046100081149104A104B10409F490E090FB81F9A4
:1046200045A156A167A170A591E04115510561050D
:10463000710509F490E090FB82F98093820EDF010E
:10464000A25BBF4F8D919D910D90BC91A02D20E05C
:10465000803638E19307A105B10508F025C4880F1D
:10466000991FAA1FBB1F803638E19307A105B1052A
:1046700078F72F5FEDCFAC2DF32D982D692D8A2D76
:10468000ED817E815F8148853985BA852B853091A2
:104690009405399F512D4427B0919505B99F500D30
:1046A000411D10909605199E400D369F500D411DDD
:1046B000B69F400D389F400DE52F742FE59F312D9B
:1046C000BB272227E49F300DB11D2A1F759F300D97
:1046D000B11D2A1F749FB00D211DEB2F722FE59F76
:1046E000F12DBB272227E49FF00DB11D2A1F759FD6
:1046F000F00DB11D2A1F749FB00D211DEB2F722FDD
:104700003327909198056091990580919A050090C2
:104710004A030A2A09F483C0B0914603BE9F3119A7
:104720009A0B6A0B8A0B209147032E9F301991092F
:104730006A0B8A0BF0914803FE9F901961098A0B5E
:10474000B79F301991096A0B8A0B279F901961094D
:104750008A0BF79F60198109E59FF12DBB2722275E
:10476000E49FF00DB11D2A1F759FF00DB11D2A1F8A
:10477000749FB00D211DEB2F722FB0914203BE9F8D
:10478000310D9A1F6A1F8A1F209143032E9F300DFF
:10479000911D6A1F8A1FF0914403FE9F900D611DB9
:1047A0008A1FB79F300D911D6A1F8A1F279F900D8A
:1047B000611D8A1FF79F600D811DE59FF12DBB27AD
:1047C0002227E49FF00DB11D2A1F759FF00DB11D2A
:1047D0002A1F749FB00D211DEB2F722FB0913E0345
:1047E000BE9F31199A0B6A0B8A0B20913F032E9FB3
:1047F000301991096A0B8A0BF0914003FE9F9019C2
:1048000061098A0BB79F301991096A0B8A0B279FA0
:10481000901961098A0BF79F6019810982C0B091D4
:104820004603BE9F310D9A1F6A1F8A1F20914703BE
:104830002E9F300D911D6A1F8A1FF0914803FE9F25
:10484000900D611D8A1FB79F300D911D6A1F8A1F31
:10485000279F900D611D8A1FF79F600D811DE59FA9
:10486000F12DBB272227E49FF00DB11D2A1F759F54
:10487000F00DB11D2A1F749FB00D211DEB2F722F5B
:10488000B0914203BE9F31199A0B6A0B8A0B20919B
:1048900043032E9F301991096A0B8A0BF091440350
:1048A000FE9F901961098A0BB79F301991096A0B15
:1048B0008A0B279F901961098A0BF79F601981095C
:1048C000E59FF12DBB272227E49FF00DB11D2A1F84
:1048D000759FF00DB11D2A1F749FB00D211DEB2F88
:1048E000722FB0913E03BE9F310D9A1F6A1F8A1F1F
:1048F00020913F032E9F300D911D6A1F8A1FF0915A
:104900004003FE9F900D611D8A1FB79F300D911DC2
:104910006A1F8A1F279F900D611D8A1FF79F600DD8
:10492000811D11243F2EED837E835F834887398765
:10493000BA872B87762F692FAB0170E0682F9ECD49
:1049400061AD72AD83AD94AD9BCD4091E5055091C5
:10495000E6056091E7057091E80584179507A607BD
:10496000B70708F40AC28091E405811116C0DF017F
:10497000A75BBF4FED90FD900D911C9113971D9675
:104980002D913D914D915C9161AD72AD83AD94AD32
:104990000E94D07AF1E0F093E40580917407909141
:1049A00075078090E9059090EA05A090EB05B0901E
:1049B000EC05FC01EF5BFF4F408151816281738107
:1049C00084169506A606B70608F0CDC18114910499
:1049D000A104B10409F064C0409198055091990573
:1049E00060919A0570919B05CB01BA012091ED056C
:1049F00004C0660F771F881F991F2A95D2F70E945F
:104A00005A7A8C01880E991EA11CB11C8092E9056E
:104A10009092EA05A092EB05B092EC058091AA076E
:104A2000813009F09BCD8091A70782FF97CD80FF51
:104A300095CDE0907407F0907507F701E259FF4FAC
:104A400080809180A280B38020E030E0A901C50180
:104A5000B4010F944C0818160CF08DC1F6E6EF0E59
:104A6000F11C6091260270E090E080E00E9449FF16
:104A7000A50194010E94A8FF9B01AC01F701608190
:104A80007181828193810F942406F7016083718381
:104A9000828393830F946E07862F0E94AE3E5ECD75
:104AA000FC2DAC85982D692D8A2DED857E855F8541
:104AB000488939892A8930919405399F512D442795
:104AC00020919505299F500D411D10909605199E26
:104AD000400D369F500D411D269F400D389F400DC3
:104AE000E52F742FE59F312D22272224E49F300DDE
:104AF000211D2F1E759F300D211D2F1E749F200D0F
:104B0000211CE22F722DE59FA12D22272224E49F54
:104B1000A00D211D2F1E759FA00D211D2F1E749FFE
:104B2000200D211CE22F722D332790919805609162
:104B3000990580919A0500904A030F2A09F483C0D1
:104B4000209146032E9F31199F0B6F0B8F0B2090E6
:104B500047032E9E301991096F0B8F0BA0914803CC
:104B6000AE9F901961098F0B279F301991096F0B28
:104B70008F0B279E901961098F0BA79F60198109E0
:104B8000E59FA12D22272224E49FA00D211D2F1E89
:104B9000759FA00D211D2F1E749F200D211CE22F3B
:104BA000722D209142032E9F310D9F1F6F1F8F1F6B
:104BB000209043032E9E300D911D6F1F8F1FA091DB
:104BC0004403AE9F900D611D8F1F279F300D911DD7
:104BD0006F1F8F1F279E900D611D8F1FA79F600D58
:104BE000811DE59FA12D22272224E49FA00D211DD8
:104BF0002F1E759FA00D211D2F1E749F200D211C9F
:104C0000E22F722D20913E032E9F31199F0B6F0BC7
:104C10008F0B20903F032E9E301991096F0B8F0B45
:104C2000A0914003AE9F901961098F0B279F301907
:104C300091096F0B8F0B279E901961098F0BA79F0E
:104C40006019810982C0209146032E9F310D9F1F5C
:104C50006F1F8F1F209047032E9E300D911D6F1FD9
:104C60008F1FA0914803AE9F900D611D8F1F279F3E
:104C7000300D911D6F1F8F1F279E900D611D8F1F7F
:104C8000A79F600D811DE59FA12D22272224E49F6F
:104C9000A00D211D2F1E759FA00D211D2F1E749F7D
:104CA000200D211CE22F722D209142032E9F3119DD
:104CB0009F0B6F0B8F0B209043032E9E3019910991
:104CC0006F0B8F0BA0914403AE9F901961098F0B5E
:104CD000279F301991096F0B8F0B279E901961093F
:104CE0008F0BA79F60198109E59FA12D2227222400
:104CF000E49FA00D211D2F1E759FA00D211D2F1EAD
:104D0000749F200D211CE22F722D20913E032E9FB7
:104D1000310D9F1F6F1F8F1F20903F032E9E300D60
:104D2000911D6F1F8F1FA0914003AE9F900D611DBD
:104D30008F1F279F300D911D6F1F8F1F279E900D76
:104D4000611D8F1FA79F600D811D1124AC87ED870A
:104D50007E875F87488B398B2A8B762F692FAB0133
:104D600070E0682F41CE8A5A9F4FFC0160817181AB
:104D7000828193813BCE80E090CE8091000690911D
:104D80000106892B09F051C0E25BFF4F2091ED0530
:104D9000608171818281938104C0660F771F881FB3
:104DA000991F2A95D2F70E945A7A90930106809310
:104DB000000696958795B0E0A0E08093E905909372
:104DC000EA05A093EB05B093EC058091AA0781302A
:104DD00061F58091A70782FF2DC080FF2BC0009155
:104DE000740710917507F801E659FF4F20E030E095
:104DF000A90160817181828193810F944C081816FA
:104E0000A4F4F801EB59FF4FF0800A591F4F6F2DA2
:104E100070E090E080E00E9447FFF80160837183BA
:104E2000828393838F2D0E94AE3E009100061091E5
:104E3000010694CB80E0F7CF8091AA07823019F465
:104E400080E00E94AE3E00ED17E0A9CB813069F40E
:104E5000808183FF0AC08091A70788608093A7079D
:104E6000EB59FF4F80810E94AE3E80917407909174
:104E70007507FC01208122FF03C04D960E94517AE4
:104E800010927507109274071092820E9091850E01
:104E90008091860E981709F489CB8091860E0E9426
:104EA000D4278093860E82CB2093ED0585A596A509
:104EB000A7A5B0A9022E04C0880F991FAA1FBB1F67
:104EC0000A94D2F78093F6059093F705A093F8051E
:104ED000B093F905EE24FF248701E81AF90A0A0BBA
:104EE0001B0BE092D305F092D4050093D5051093E7
:104EF000D605E092D705F092D8050093D905109316
:104F0000DA05E092DB05F092DC050093DD051093F5
:104F1000DE05E092DF05F092E0050093E1051093D5
:104F2000E205E1A4F2A403A514A5EE0CFF1C001FEA
:104F3000111F440C551C661C771C4092C3055092EF
:104F4000C4056092C5057092C605880C991CAA1C00
:104F5000BB1C8092C7059092C805A092C905B0926B
:104F6000CA05440F551F661F771F4093CB0550930A
:104F7000CC056093CD057093CE05E092CF05F092FD
:104F8000D0050093D1051093D205880F991FAA1F51
:104F9000BB1F8093BF059093C005A093C105B0933C
:104FA000C2051092FA051092FB051092FC051092B2
:104FB000FD0581A992A9A3A9B4A9022E04C0880F56
:104FC000991FAA1FBB1F0A94D2F78093F2059093F2
:104FD000F305A093F405B093F50585A996A9A7A9B3
:104FE000B0AD04C0880F991FAA1FBB1F2A95D2F726
:104FF0008093E5059093E605A093E705B093E80557
:10500000E35BFF4F9091810E8081981721F0809390
:10501000810E0E943C968091AA07813039F48091DC
:10502000A70783FFB4C0877F8093A70780914806B6
:1050300081110E94149E1092010610920006E091C8
:105040007407F0917507DF01AB5BBF4FED90FD90EA
:105050000D911C9121AD32AD43AD54ADEE5AFF4FD1
:1050600060817181828193810E94D07A1092E405DF
:10507000E0917407F0917507EE5AFF4F2091ED050E
:10508000608171818281938104C0660F771F881FC0
:10509000991F2A95D2F70E945A7A8C019695879586
:1050A000B0E0A0E08093E9059093EA05A093EB05BA
:1050B000B093EC058093EE059093EF05A093F00577
:1050C000B093F10510930506009304068091040641
:1050D0009091050620E63AEE8036FAEE9F0708F436
:1050E0009C01821B930B90930506809304064B89C9
:1050F0005C89420F531F5C8B4B8BF894809184002A
:10510000909185004096DA94DD2029F048175907E0
:1051100010F40C94F79F40918400509185002091E9
:10512000020630910306240F351F309303062093A7
:105130000206EB89FC89E817F90708F043C02091C3
:105140002602203138F4220F209326021092010605
:1051500010920006909389008093880064960FB6A1
:10516000F894DEBF0FBECDBFDF91CF911F910F919D
:10517000FF90EF90DF90CF90BF90AF909F908F9077
:105180007F906F905F904F903F902F900895809107
:10519000740790917507FC01EC59FF4F208120FFA7
:1051A00045CF22FF0DC08A599F4FFC01608171815C
:1051B000828193810F946E07862F0E94AE3E36CF78
:1051C00080E0FBCF8091FE059091FF05841B950B3D
:1051D0002B893C89820F931F9093FF058093FE05D6
:1051E000C901B8CF1F93CF93DF93182F9091860EEC
:1051F0008091850E891730F0891B8F3029F40E9429
:10520000CED6F4CF805FF8CF8091850E0E94D42750
:10521000A091850E92E7A99FD0011124ED01C956F6
:10522000D14FFE0111929A95E9F7988121E030E083
:1052300001C0220F1A95EAF7922B9883AC54B14F14
:1052400090E1E7E8FEE001900D929A95E1F7CB59E5
:10525000DF4F9091A90798832091850E9091860E3B
:10526000291303C094E69093830E8093850EDF91FB
:10527000CF911F910C94E19D4F925F926F927F921C
:105280008F929F92AF92BF92CF92DF92EF92FF9256
:10529000CF93DF93EC012091590C30915A0C40913F
:1052A0005B0C50915C0C6C857D858E859F850E9482
:1052B000A8FF0F9458086B017C012091550C309188
:1052C000560C4091570C5091580C688579858A8509
:1052D0009B850E94A8FF0F9458084B015C01209108
:1052E000510C3091520C4091530C5091540C6C81E4
:1052F0007D818E819F810E94A8FF0F9458082B0109
:105300003C0120914D0C30914E0C40914F0C50912E
:10531000500C688179818A819B810E94A8FF0F943B
:1053200058086093870E7093880E8093890E90932F
:105330008A0E40928B0E50928C0E60928D0E70925F
:105340008E0E80928F0E9092900EA092910EB0923F
:10535000920EC092930ED092940EE092950EF0921F
:10536000960E9091850E8091860E981789F082E0B6
:1053700090E0DF91CF91FF90EF90DF90CF90BF90C2
:10538000AF909F908F907F906F905F904F902ACFBB
:105390000E94A69A0E94D49DC82F87E89EE00E9492
:1053A000517ACC2381F0DF91CF91FF90EF90DF9085
:1053B000CF90BF90AF909F908F907F906F905F90B5
:1053C0004F900C94E19DDF91CF91FF90EF90DF9093
:1053D000CF90BF90AF909F908F907F906F905F9095
:1053E0004F900895CF92DF92EF92FF92CF93DF9389
:1053F000C82F0E94D49D94E0C99FE0011124FE01B2
:10540000ED5EF94FC080D180E280F38081110E946F
:10541000E19DC956D84FC701B6010E9449FF2881B6
:1054200039814A815B810E94A8FFDF91CF91FF9073
:10543000EF90DF90CF900895CF92DF92EF92FF929E
:10544000CF93DF93C82F0E94D49D94E0C99FE001C1
:105450001124FE01E95FF94FC080D180E280F38022
:1054600081110E94E19DC956D84FC701B6010E9423
:1054700049FF288139814A815B810E94A8FFDF9121
:10548000CF91FF90EF90DF90CF900895CF93DF936F
:105490001F92CDB7DEB7898360E0CE0101960E94EE
:1054A000867C61E0CE0101960E94867C62E0CE019E
:1054B00001960E94867C89810F90DF91CF9108959B
:1054C0002091590C30915A0C40915B0C50915C0C1E
:1054D0006091350C7091360C8091370C9091380C9E
:1054E0000E94A8FF0F9458086093930E7093940E37
:1054F0008093950E9093960E9091850E8091860ED6
:10550000981719F082E090E06DCE0E94A69A0E9452
:10551000D49D4091930E5091940E6091950E709190
:10552000960E40931F0650932006609321067093B9
:10553000220681110C94E19D08954F925F926F9223
:105540007F928F929F92AF92BF92CF92DF92EF9213
:10555000FF920E94D49DF82E8091860E8093850E36
:105560008093840E84E68093830E0E94779F81ED62
:1055700093E09093AC078093AB07F1100E94E19DFC
:1055800081E0809306060E94A69A80E02BDF2B0123
:105590003C014092AD055092AE056092AF0570920D
:1055A000B00581E01FDF4B015C018092B105909254
:1055B000B205A092B305B092B40582E013DF6B018F
:1055C0007C01C092B505D092B605E092B705F09285
:1055D000B80583E007DF4092290C50922A0C6092B4
:1055E0002B0C70922C0C80922D0C90922E0CA09271
:1055F0002F0CB092300CC092310CD092320CE09251
:10560000330CF092340C6093350C7093360C80930D
:10561000370C9093380CFF90EF90DF90CF90BF90B5
:10562000AF909F908F907F906F905F904F900C9471
:10563000D0CACF93DF93CDB7DEB72C970FB6F894CF
:10564000DEBF0FBECDBF0E94DEC60E94D49D9CE08F
:10565000E3E1F6E0DE01119601900D929A95E1F7F3
:1056600081110E94E19DCE0101960E94CF952C965A
:105670000FB6F894DEBF0FBECDBFDF91CF91089576
:105680004F925F926F927F928F929F92AF92BF9252
:10569000CF92DF92EF92FF92CF93DF9300D01F92D1
:1056A000CDB7DEB78091290C90912A0CA0912B0CDC
:1056B000B0912C0C89839A83AB83BC8340902D0CD2
:1056C00050902E0C60902F0C7090300C8090310C0C
:1056D0009090320CA090330CB090340CC090350CEC
:1056E000D090360CE090370CF090380C0E94359A30
:1056F00081E08093640E0E941F7C0E94839A29811E
:105700003A814B815C816091290C70912A0C8091C7
:105710002B0C90912C0C0E9443FF81112AC0A301F5
:10572000920160912D0C70912E0C80912F0C909114
:10573000300C0E9443FF81111CC0A50194016091AF
:10574000310C7091320C8091330C9091340C0E948A
:1057500043FF81110EC0A70196016091350C709135
:10576000360C8091370C9091380C0E9443FF8823AF
:1057700099F00F900F900F900F90DF91CF91FF90C5
:10578000EF90DF90CF90BF90AF909F908F907F90E1
:105790006F905F904F904DCF0F900F900F900F90A4
:1057A000DF91CF91FF90EF90DF90CF90BF90AF90BF
:1057B0009F908F907F906F905F904F90089580E2C0
:1057C00099E10E94084F8CB16AE179E185FB882755
:1057D00080F90E94FB7C8091030164E179E1869568
:1057E00081700E94FB7C89B183FB882780F96EE081
:1057F00079E191E089270C94FB7C8091480688230D
:1058000031F062E070E080E090E00C94D93E0895C1
:10581000A9E3BCE090E080E0FC01E556F24E459142
:105820005591659174914D935D936D937D93FC01BA
:10583000E557F24E459155916591749150964D936F
:105840005D936D937C935397FC01E558F24E45911F
:1058500055916591749190964D935D936D937C9362
:105860009397049680319105B9F680E29EE4A0E01A
:10587000B0E08093490C90934A0CA0934B0CB093EA
:105880004C0C80E090E0A4E3B3E480936D0C909323
:105890006E0CA0936F0CB093700C40E050E86BE37B
:1058A00075E44093710C5093720C6093730C709379
:1058B000740C8093750C9093760CA093770CB09336
:1058C000780C1092790C10927A0C10927B0C10923A
:1058D0007C0C10927D0C10927E0C10927F0C10921A
:1058E000800C8AE097EDA3E2BDE380937A07909362
:1058F0007B07A0937C07B0937D0710924A06109215
:105900004B0610924C0610924D0610924E061092C5
:105910004F061092500610925106109252061092A5
:105920005306109254061092550682ED90E0909323
:10593000F2068093F1068AEF90E09093F40680934C
:10594000F3068DEC9CECACECBDE38093F5069093F4
:10595000F606A093F706B093F8061092F90684EBCA
:1059600090E09093D4068093D30686E490E09093E1
:10597000D6068093D5061092D8061092D70680EFEF
:1059800090E09093DA068093D9068EE690E09093AB
:10599000DC068093DB061092DE061092DD068AE9B3
:1059A00099E9A1EBB1E48093750E9093760EA093E4
:1059B000770EB093780E81EE9CE1A5E3BEE3809371
:1059C000790E90937A0EA0937B0EB0937C0E83E3B6
:1059D00097E0AEE2B4E480937D0E90937E0EA093A8
:1059E0007F0EB093800E1092910580E090E0A0EEC3
:1059F000BFE380938D0590938E05A0938F05B093A0
:105A000090051092480610924706F7DE8FEF0E942D
:105A1000733E36DE0E94334F89E59DE10E94084FB8
:105A20000C945A570F931F938091AE0C813019F547
:105A30000E947FD10091A8051091A9052091AA0587
:105A40003091AB05601B710B820B930B28EE33E09A
:105A500040E050E00F946D056091A4057091A5059C
:105A60008091A6059091A705620F731F841F951F53
:105A70001F910F9108956091FB047091FC04809137
:105A8000FD049091FE04D6CF1092AE0C1092A805A2
:105A90001092A9051092AA051092AB051092FB0472
:105AA0001092FC041092FD041092FE041092A405C2
:105AB0001092A5051092A6051092A7050895809151
:105AC000AE0C8130E1F08230C1F4ACDF6093A4050C
:105AD0007093A5058093A6059093A70581E0809318
:105AE000AE0C0E947FD16093A8057093A9058093A6
:105AF000AA059093AB0581E00895C6DFEFCF80E063
:105B000008958091AE0C8150823070F41092AE0CEA
:105B10000E947FD16093FB047093FC048093FD048A
:105B20009093FE0481E0089580E008952091610E35
:105B30003091620E263531053CF42091D00630912B
:105B4000D106263031051CF0882331F0B8CF66230A
:105B500019F0D7DF0C9407C508959C0197FF26C064
:105B6000EE27FF27E81BF90B2D398FEF38070CF0D4
:105B70005DC08DE28093A806CF0164E670E00F94CB
:105B8000EB05CB012AE030E0B9010F94EB05805D15
:105B90008093A906CF01B9010F94EB05CB01B901A0
:105BA0000F94EB05805D8093AA062AC0283E83E00F
:105BB0003807B4F1C90168EE73E00F94EB05CB012F
:105BC000EAE0F0E0BF010F94EB05805D8093A8064A
:105BD000C90164E670E00F94EB05CB01BF010F949F
:105BE000EB05805D8093A906C901BF010F94EB0509
:105BF000CB01BF010F94EB05805D8093AA06F901EC
:105C0000CF016AE070E00F94EB05805D8093AB06F6
:105C100088EA96E008958DE237FDC5CF80E2C3CFD4
:105C2000F90180E2243631050CF0A4CF80E28093A4
:105C3000A8068093A906EA30F1056CF38DE237FFE0
:105C400080E28093A906CF016AE070E00F94EB0533
:105C5000605D6093AA06D4CF9C01EAE0F0E0BF014A
:105C60000F94EB05805D8093AB062A303105CCF0B4
:105C7000CB01BF010F94EB05805D8093AA0624360B
:105C8000310594F0C90164E670E00F94EB05CB0197
:105C9000BF010F94EB05805D8093A90689EA96E029
:105CA00008958BEA96E008958AEA96E008959C01AB
:105CB0008436910544F164E670E00F94EB05CB0166
:105CC0006AE070E00F94EB05805D8093A90680E2A6
:105CD0002A3031055CF0EAE0F0E0C901BF010F9421
:105CE000EB05CB01BF010F94EB05805D8093AA0605
:105CF000C9016AE070E00F94EB05805D8093AB060C
:105D000089EA96E0089580E237FFDFCF319521954B
:105D100031098DE2DACF482F282F30E060E2843657
:105D200030F0C90164E670E00F94EB05605D6093AC
:105D3000A90680E24A3058F0EAE0F0E0C901BF016C
:105D40000F94EB05CB01BF010F94EB05805D8093B1
:105D5000AA06C9016AE070E00F94EB05805D8093AC
:105D6000AB0689EA96E00895862FD5CF94E6899F01
:105D70009001112421583F4FC9016FEF70E00F943B
:105D8000EB05462FE72F862F91E3643609F090E26A
:105D90009093A8068A30E0F0C90166EF79E00F948D
:105DA000EB05CB016AE070E00F94EB05805D80931A
:105DB000A906842F9E2F6AE070E00F94EB05805DAA
:105DC0008093AA0685E28093AB0688EA96E0089560
:105DD00080E2EDCF9F92AF92BF92CF92DF92EF928F
:105DE000FF920F931F93CF93DF930E944BCDC091EF
:105DF000B00685E0B82EBC0ED1E085E0F82EFC1A86
:105E000084E0E82EEC1A83E0D82EDC1A82E0C82E5B
:105E1000CC1AAD2EAC1A9C2E9194C11189C08091E0
:105E2000B206882309F46AC080913102882309F4FC
:105E300050C181E09091B206911180E024E042EFE0
:105E400058E1692D0E94EACB8091610E9091620E1B
:105E50009093A1068093A006C23009F0BBC0809148
:105E6000B206823009F49BC080913102882309F484
:105E700039C111E08091B206823009F010E08091C2
:105E8000A0069091A10613DF00E09C0145EE58E1C9
:105E90006C2D812F0E940631809196078093A00679
:105EA000C43009F0E2C01092E4061092E3061092AA
:105EB000E2061092E1061092E0068091B20684306C
:105EC00009F4BEC080913102882389F011E08091ED
:105ED000B206843009F010E08091A00647DF00E0B0
:105EE0009C0147ED58E16E2D812F0E940631CF5F56
:105EF000BC1293CF86E08093B1060EC08091AE06AF
:105F00001092AE06882309F48FCF0E94122480914C
:105F1000C706882309F488CFDF91CF911F910F9195
:105F2000FF90EF90DF90CF90BF90AF909F9008953B
:105F3000C13009F089CF8091B2068130C9F08091DB
:105F40003102882309F4C5C011E08091B206813086
:105F500009F010E08091200290912102A8DE00E07B
:105F60009C014CEE58E16A2D812F0E9406316CCFC6
:105F70008091AE061092AE06882309F310E000E08F
:105F800027EE33E04AE050E060E272E08CEE98E108
:105F90000E9427CF8091C706882389F2BDCF8091C8
:105FA000AE061092AE06882309F45ECF0BE116EB25
:105FB00024E031E050E040E060EA76E085EE98E1F0
:105FC0000E9427CFD093FA048091C706882309F452
:105FD0004BCFA2CFC33009F05FCF8091B2068330A0
:105FE000B1F080913102882309F47CC011E08091E6
:105FF000B206833009F010E08091D0069091D1066E
:1060000056DE00E09C0141EE58E16D2D42CF8091BB
:10601000AE061092AE06882321F30AE41EE12CE8B6
:1060200030E050E040E060ED76E081EE98E10E94E3
:1060300027CFD093FA048091C706882391F26CCFC2
:106040008091AE061092AE06882309F43BCF61EE34
:106050007CE787ED98E10E945ECFD093FA048091AF
:10606000C706882309F42ECF57CFC53009F03FCF9C
:106070008091B2068530B1F080913102882309F415
:1060800036CF11E08091B206853009F010E08091A2
:106090002202909123020BDE00E09C0142ED58E1C8
:1060A0006F2D22CF8091AE061092AE06882321F389
:1060B0000EEB1CE727EE33E04AE050E062E272E0CC
:1060C00082ED98E10E9427CF8091C7068823A1F234
:1060D00023CF8091610E9091620E9093A1068093E0
:1060E000A006DACE809196078093A00600CF8F920B
:1060F0009F92AF92BF92CF92DF92EF92FF926B018D
:106100007C01BA01550F880B990B0E9449FF9B0136
:10611000AC0160E070E080E291E40F9488084B01EC
:106120005C0120E030E040E251E4C701B6010E948A
:10613000A8FFA50194010E94A8FF4B015C0120E08B
:1061400030E0A901C701B6010E9443FF20E030E022
:1061500040EA50E487FF04C020E030E040EA50EC21
:10616000C501B4010F9425062DEC3CEC4CEC5DE32D
:106170000E94A8FF0F946907FF90EF90DF90CF90E7
:10618000BF90AF909F908F900895CF92DF92EF9243
:10619000FF926B017C0120E030E0A9010E9443FFE7
:1061A00087FF04C0F7FAF094F7F8F09450E040E06D
:1061B000C701B6019CDF9B0160E2203187E238070E
:1061C00030F0C90160E177E20F94D705605D60931C
:1061D000A706283E83E03807F0F1C90168EE73E0B6
:1061E0000F94D705CB016AE070E00F94D705805D6E
:1061F0008093A80680E22436310558F0C90164E690
:1062000070E00F94D705CB016AE070E00F94D705DA
:10621000805D8093A90680E22A30310558F0EAE0DB
:10622000F0E0C901BF010F94D705CB01BF010F9466
:10623000D705805D8093AA06C9016AE070E00F94DB
:10624000D705805D8093AB0687EA96E0FF90EF90DC
:10625000DF90CF90089580E2CBCF8F929F92AF9244
:10626000BF92CF92DF92EF92FF92CF9341E050E046
:106270003EDF6B017C018BE2F7FE09C0F094E094F5
:10628000D094C094C11CD11CE11CF11C8DE2809300
:10629000A606C701B60128EE33E040E050E00F94B7
:1062A0008F058AE0882E912CA12CB12CCA01B9014E
:1062B000A50194010F948F05605D6093A706C70147
:1062C000B60124E630E040E050E00F948F05CA01AB
:1062D000B901A50194010F948F05605D6093A80634
:1062E000C701B601A50194010F948F05C62FCA01FD
:1062F000B901A50194010F948F05605D6093A90613
:106300008EE28093AA06C05DC093AB0686EA96E053
:10631000CF91FF90EF90DF90CF90BF90AF909F9084
:106320008F9008958091AE061092AE06882321F0DA
:106330001092AF060C9412246091B7067091B806C3
:106340008091B9069091BA06611571058105910594
:1063500061F10E9449FF20911A0230911B02409185
:106360001C0250911D020E94A8FF2091350C309113
:10637000360C4091370C5091380C0F9425066093E1
:10638000350C7093360C8093370C9093380C83E067
:106390000E949E2781E0809331021092B7061092EE
:1063A000B8061092B9061092BA068091310288237D
:1063B000C1F020919A0630919B0640919C06509125
:1063C0009D066091350C7091360C8091370C909140
:1063D000380C0F94240641DFBC0186ED97E10C9444
:1063E000EE2D08958F929F92AF92BF92CF92DF923F
:1063F000EF92FF92CF934B015C0142E050E077DED9
:106400006B017C0120E030E040E251ECC501B401B9
:106410000E9443FF181654F420E030E048EC52E4A8
:10642000C501B4010F944C0887FD67C0C701B601D0
:1064300020E137E240E050E00F948F05CA01B90136
:106440002AE030E040E050E00F948F05605DF7FEF9
:1064500009C0F094E094D094C094C11CD11CE11CFC
:10646000F11C6DE26093A606C701B60128EE33E089
:1064700040E050E00F948F059AE0892E912CA12CDA
:10648000B12CCA01B901A50194010F948F05605D7B
:106490006093A706C701B60124E630E040E050E073
:1064A0000F948F05CA01B901A50194010F948F05BE
:1064B000605D6093A8068EE28093A906C701B601CD
:1064C000A50194010F948F05C62FCA01B901A5013A
:1064D00094010F948F05605D6093AA06C05DC09320
:1064E000AB0686EA96E0CF91FF90EF90DF90CF90D9
:1064F000BF90AF909F908F90089520E030E0A90169
:10650000C501B4010F944C0887FD0BC020E030E0BA
:1065100040E251E4C501B4010E9443FF60E287FDFF
:106520001CC0C701B60128EE33E040E050E00F94F4
:106530008F05CA01B9012AE030E040E050E00F9435
:106540008F05605DF7FE09C0F094E094D094C0948C
:10655000C11CD11CE11CF11C6DE26093A706C701B0
:10656000B60124E630E040E050E00F948F058AE069
:10657000882E912CA12CB12CCA01B901A50194013E
:106580000F948F05605D6093A8068EE28093A90644
:10659000C701B601A50194010F948F05C62FCA014A
:1065A000B901A50194010F948F05605D6093AA065F
:1065B000C05DC093AB0687EA96E095CFCF92DF929D
:1065C000EF92FF92C0904306D0904406E0904506BB
:1065D000F0904606C114D104E104F104C9F00E9410
:1065E0007FD1C61AD70AE80AF90A1C141D041E0432
:1065F0001F044CF0409810924306109244061092EB
:10660000450610924606FF90EF90DF90CF900895D8
:106610008091B9158823B9F3E091B7158150809323
:10662000B91581E08E0F8093B7159091BA15891333
:1066300002C01092B71584E0E89FF0011124E554E0
:10664000FA4E80819181A281B38180933F0690931D
:106650004006A0934106B09342060E947FD120914C
:106660003F0630914006620F731F811D911D60939C
:1066700043067093440680934506909346068091A6
:10668000410690914206892B09F4BDCF409ABBCFB9
:106690000F931F93CF93DF938C01EB019091B9156A
:1066A0002091BA15921304C089DF0E94F092F6CFB0
:1066B0008091B81534E0839FF0011124E554FA4E1F
:1066C00011830083D383C2839F5F9093B9158F5F3B
:1066D000281739F08093B815DF91CF911F910F9152
:1066E00008951092B815F8CF68EB7BE08EE190E04A
:1066F000CFDF1092AA0781E00E94FD3E0E948480B5
:1067000060911E0270911F0290E080E00E94E5D02F
:1067100080E00E94FD3E80E00C94AE3E2F923F92BE
:106720004F925F926F927F928F929F92AF92BF92A1
:10673000CF92DF92EF92FF920F931F93CF93DF934D
:1067400000D01F92CDB7DEB72091F8042C830E94B1
:106750004BCD8091B0068B838A83982F9B5F998362
:1067600084E0782E2B81721A6624639443E0442ED1
:10677000342C321A82E0582E521A262C221A8B817F
:10678000811177C08091B206882309F44DC08091B1
:106790003102882309F43AC16A81619581E09091C0
:1067A000B206911180E024E047E658E10E94EACB6E
:1067B0009C819093A0062B81223009F0A4C0809187
:1067C000B206823081F48091AE061092AE06882324
:1067D00051F096259C83409231020E942A8280913A
:1067E000C70681112FC080913102882399F081E082
:1067F0009091B206923009F080E09C812BE438E160
:10680000911102C027E438E101E04EE458E1652D22
:106810000E9406318B818F5F8B8399819813AFCF54
:1068200085E08093B1060EC08091AE061092AE0650
:10683000882309F4ACCF0E9412248091C7068823D4
:1068400009F4A5CF0F900F900F900F90DF91CF918B
:106850001F910F91FF90EF90DF90CF90BF90AF907E
:106860009F908F907F906F905F904F903F902F9070
:1068700008959B81913009F09BCF8091B2068130C1
:10688000B9F080913102882309F4C0C011E08091F1
:10689000B206813009F010E08091F9043CDA00E0A2
:1068A0009C014BE558E1622D812F0E94063180CF7B
:1068B0008091AE061092AE06882319F3A090F904D9
:1068C000B12CD12CC12C81EF9CE79F938F9324E2B4
:1068D000822E22E8922EE12CF12C8701EA9420E00E
:1068E00030E0A90169EF74E08BE598E10E94D9CC12
:1068F0008B818093FA040F900F908091C7068823B4
:1069000009F4BFCF9FCF2B81233009F04DC0809178
:10691000B2068330C1F080913102882309F47ACF26
:1069200011E08091B206833009F010E080911E02E0
:1069300090911F020E94137D00E09C0149E358E101
:10694000632D812F65CF8091AE061092AE0688230D
:1069500011F3A0901E02B0901F02D12CC12C81E037
:10696000A81AB108C108D1081F921F928EE1882E83
:1069700082E8982E16EEE12E13E0F12E00E010E0F2
:1069800021E030E040E050E06EE172E089E398E120
:106990000E94D9CC6092FA040F900F908091C706A4
:1069A000882309F4B8CF4ECF9B81943009F032CFC1
:1069B0008091B2068430F1F080913102882309F48D
:1069C00029CF84E793EB9F938F938EE298E19F9377
:1069D0008F937F9281E09091B206943009F080E02D
:1069E0008F930E9436230F900F900F900F900F906F
:1069F0000F9010CF8091AE061092AE068823E1F280
:106A000073DE8091C7068823B9F21CCF2C812093B6
:106A1000A00600CFFC0180E0309749F094919923C3
:106A200031F0907C903809F08F5F3196F7CF089560
:106A3000009751F0FC0180E09191992331F0907C16
:106A40009038D1F38F5FF8CF80E00895AF92BF9276
:106A5000CF92DF92EF92FF920F931F93CF93DF932A
:106A6000EC015B018A01FB01199587FD16C0C82E58
:106A7000D12CF12CE12C2196F801C082D182E28246
:106A8000F382CE01DF91CF911F910F91FF90EF9094
:106A9000DF90CF90BF90AF900895982F907E903C5C
:106AA000A9F48F7190E0B0E0A0E06C017D0156E0A8
:106AB000CC0CDD1CEE1CFF1C5A95D1F7CE010196C3
:106AC000F50119958F73C82A2296D6CF982F907FFB
:106AD000903E11F58F7090E0B0E0A0E06C017D0178
:106AE00036E0CC0CDD1CEE1CFF1C3A95D1F7CE0134
:106AF0000196F50119958F73C82A46E0CC0CDD1C70
:106B0000EE1CFF1C4A95D1F7CE010296F5011995AE
:106B10008F73C82A2396B0CF982F987F903F79F52E
:106B2000877090E0B0E0A0E06C017D0186E0CC0CC5
:106B3000DD1CEE1CFF1C8A95D1F7CE010196F501F4
:106B400019958F73C82A96E0CC0CDD1CEE1CFF1C37
:106B50009A95D1F7CE010296F50119958F73C82A3F
:106B600026E0CC0CDD1CEE1CFF1C2A95D1F7CE01D3
:106B70000396F50119958F73C82A24967DCF982F17
:106B8000907C903841F4807C803869F42196CE0165
:106B9000F5011995F8CF8E7F8D3F28F02196CE0113
:106BA000F5011995F8CFC12CD12C760165CFCF9383
:106BB000DF93EC01C43081E0D80714F0C4E0D1E0E9
:106BC000D093620EC093610E1092F906209729F1BE
:106BD00060915D0E70915E0E80915F0E9091600EDF
:106BE0000F9469076E5F7F4F24976C177D07ACF495
:106BF00070933806609337060E947FD1605C7346BD
:106C00008F4F9F4F6093390670933A0680933B06EF
:106C100090933C06DF91CF9108951092390610921F
:106C20003A0610923B0610923C06F4CF8091A006E3
:106C30009091A106BCCF8091A0069091A106B7CFFC
:106C4000CF93DF93EC010E94BD2320E040E070E091
:106C500060E0CE01DF91CF910C9444232F923F92BC
:106C60004F925F926F927F928F929F92AF92BF925C
:106C7000CF92DF92EF92FF920F931F93CF93DF9308
:106C8000D1E08091610E9091620E892B09F4D0E0E1
:106C90000E944BCDC091B0066C2E45E0742E7C0E48
:106CA000FF24F39483E0E82EEC1A82E0982E9C1ADD
:106CB0005F2C5C1A4C2E419458E5C52E50E9D52E18
:106CC00060EAA62E68E1B62E86E0882E8C1AC111E5
:106CD00015C08091B206882309F4CAC080913102A0
:106CE000882309F46EC181E09091B206911180E091
:106CF00024E048EC58E1642D0E94EACB8091610EBB
:106D00009091620E9093A1068093A006C13009F085
:106D1000EBC08091B206813009F4CBC08091310282
:106D2000882309F43FC011E08091B206813009F058
:106D300010E08091A0069091A1060E9457AE00E05D
:106D40009C0141EC58E1652D812F0E940631809114
:106D500096078093A006C33029F51092E40610929E
:106D6000E3061092E2061092E1061092E00680918E
:106D7000B206833009F4EFC080913102882391F08C
:106D800011E08091B206833009F010E08091A006F6
:106D90000E94B6AE00E09C0143EB58E16E2D812FBE
:106DA0000E94063110E000E034E0332E2C2E26182D
:106DB0000093A006C31125C0F801EE0FFF1FE45693
:106DC000F74E859194919093E4068093E306109298
:106DD000E2061092E1061092E0068091B2068C174E
:106DE00009F4CEC080913102882359F081E090915E
:106DF000B206931180E023E049EA58E1622D0E9437
:106E0000EACB832D0F5F1F4F95E0392E853081F639
:106E10008091D0069091D106892B19F4DD2309F4D5
:106E2000CEC0C630E9F48091B206863009F4B8C00D
:106E3000809131028823A1F0DF92CF92BF92AF926E
:106E40008F9281E09091B206963009F080E08F93A6
:106E50000E9436230F900F900F900F900F900F907D
:106E600087E0D1E0CF5FC71132CF8093B1060EC06B
:106E70008091AE061092AE06882309F42FCF0E94AF
:106E800012248091C706882309F428CFDF91CF917F
:106E90001F910F91FF90EF90DF90CF90BF90AF9038
:106EA0009F908F907F906F905F904F903F902F902A
:106EB00008958091AE061092AE06882309F42ECF75
:106EC00006E116EB24E031E050E040E060EA76E0D5
:106ED00081EC98E10E9427CFC093FA048091C70605
:106EE000882309F41BCFD2CFC23009F030CF809174
:106EF000B2068230B9F080913102882309F452CF72
:106F000011E08091B206823009F010E08091D00645
:106F10009091D1060E9457AE00E09C014DEB58E1E4
:106F2000692D12CF8091AE061092AE06882319F318
:106F30000AE41EE12CE830E050E040E060ED76E04D
:106F40008DEB98E10E9427CFF092FA048091C7065A
:106F5000882389F29BCF8091AE061092AE068823DB
:106F600009F40ACF61EE7CE783EB98E10E945ECFE3
:106F7000F092FA048091C706882309F4FDCE86CFEB
:106F80008091AE061092AE06882309F42BCF8CE0D8
:106F900091E856DE8091C706882309F423CF76CF87
:106FA0008091AE061092AE06882309F441CF0E946C
:106FB00058908091C706882309F43ACF67CF86E0BE
:106FC00051CF8091610E9091620E9093A1068093B3
:106FD000A006BDCE7F928F929F92AF92BF92CF922A
:106FE000DF92EF92FF920F931F93CF93DF930E9454
:106FF0004BCDC091B0069C2E85E0C82ECC0E9CEFE8
:10700000A92E97E1B92ED6E0DC1BEE24E39422E012
:10701000D22E15E01C1B04E00C1B83E0F82EFC1A9A
:107020008D2C8C1A7E2C7C1AC11135C08091B20631
:107030008823B9F080913102882361F0692D619530
:1070400081E09091B206911180E024E044E258E1A1
:107050000E94EACBCF5FCC11E7CF87E08093B106E7
:107060000CC08091AE061092AE06882319F30E94E0
:1070700012248091C7068823E9F2DF91CF911F91F6
:107080000F91FF90EF90DF90CF90BF90AF909F90C7
:107090008F907F900895C13009F58091B2068130BC
:1070A00079F0809131028823A9F281E09091B206B3
:1070B000913009F080E023E041EA5FE2672DC8CF1C
:1070C0008091AE061092AE06882359F388E499EBBE
:1070D000B7DD8091C706882321F3CFCFC23009F0F6
:1070E000B9C09091B206923071F08091310288233C
:1070F00009F4B0CF81E0923009F080E020E246E16F
:1071000058E1682DA5CF8091AE061092AE06882377
:1071100061F320E238E130935906209358068091BC
:10712000C706882311F3A9CF1092E4061092E30654
:107130001092E2061092E1061092E0069091B206DB
:10714000933071F080913102882309F483CF81E07C
:10715000933009F080E020E24AE058E16F2D78CFCB
:107160008091AE061092AE06882361F321E138E1EA
:1071700030935906209358068091C706882311F34F
:107180007CCF1092E4061092E3061092E206109271
:10719000E106E092E0069091B206943071F08091A1
:1071A0003102882309F456CF81E0943009F080E061
:1071B00020E24AE058E1602F4BCF8091AE0610925A
:1071C000AE06882361F325E038E130935906209319
:1071D00058068091C706882311F34FCF1092E4061A
:1071E0001092E3061092E2061092E106D092E006B9
:1071F0009091B206953071F080913102882309F4A4
:1072000029CF81E0953009F080E020E24AE058E1A2
:10721000612F1ECF8091AE061092AE06882361F3D7
:1072200020E038E130935906209358068091C70634
:10723000882311F322CF8091AE061092AE068823E8
:10724000C9F0B0925906A09258068091C7068823CB
:1072500089F013CFC33009F467CFC43009F491CF5C
:10726000C53009F4BBCFC63009F0F4CE9091B20618
:10727000963009F380913102882309F4EBCE81E046
:10728000963009F080E020E24BEE57E16D2FE0CE22
:10729000BF92CF92DF92EF92FF920F931F93CF9303
:1072A000DF930E944BCDC091B00685E0E82EEC0E36
:1072B000D4E0DC1B01E092E0F92E13E01C1BDF2C74
:1072C000DC1AC02ECC1ABC2EB194C11130C08091F2
:1072D000B2068823B1F080913102882359F081E011
:1072E0009091B206911180E024E044EE57E16B2DBD
:1072F0000E94EACBCF5FEC12E8CF85E08093B10625
:107300000CC08091AE061092AE06882321F30E9435
:1073100012248091C7068823F1F2DF91CF911F914B
:107320000F91FF90EF90DF90CF90BF900895C13004
:1073300059F51092E4061092E3061092E2061092BC
:10734000E1061092E0068091B206813079F08091DA
:107350003102882379F281E09091B206913009F0F0
:1073600080E023E042EB5FE26C2DC2CF8091AE065D
:107370001092AE06882359F384E492E861DC809190
:10738000C706882321F3C9CFC23009F066C0109226
:10739000E4061092E3061092E2061092E1060093D2
:1073A000E0068091B206823081F08091310288231C
:1073B00009F4A0CF81E09091B206923009F080E00C
:1073C00023E042EB5FE26D2D93CF8091AE061092E9
:1073D000AE06882351F38FE392E832DC8091C70632
:1073E000882319F39ACF1092E4061092E3061092C4
:1073F000E2061092E106F092E0068091B206833038
:1074000081F080913102882309F474CF81E090915A
:10741000B206933009F080E023E042EB5FE2612F97
:1074200067CF8091AE061092AE06882351F38AE3AF
:1074300092E806DC8091C706882319F36ECF80910D
:10744000AE061092AE06882389F088E29AE9F8DB4E
:107450008091C706882351F060CFC33021F2C43039
:1074600009F048CF8091B206843049F3809131020F
:10747000882309F43FCF81E09091B206943009F05F
:1074800080E023E046ED57E16D2F32CFBC018AE862
:1074900097E20E943E6387E897E20C94084F8F9230
:1074A0009F92AF92BF92CF92DF92EF92FF920F9393
:1074B0001F93CF93DF9300D000D01F92CDB7DEB7DC
:1074C0007C01062F8091C00C84FD03C0C701DEDF64
:1074D0008FC0613009F46AC008F461C0623009F4F9
:1074E00009C18091C00C877F8B7F8093C00C0E9464
:1074F0002888A701BE016F5F7F4F81E00E941AC9F3
:107500008C01009719F369817A8121E0AC0181EC4B
:107510009CE00E94058D882309F4F3C08091D20C71
:107520009091D30CA091D40CB091D50C8093B80C51
:107530009093B90CA093BA0CB093BB0C1092BC0CF6
:107540001092BD0C1092BE0C1092BF0CB80185EBCE
:1075500097E20E943E63C090B80CD090B90CE090C6
:10756000BA0CF090BB0C8DEA97E20E94084FC7015D
:10757000B6010E942EC50E945A578EE997E20E94DA
:10758000084FC8010E94938F8091930C882311F0BB
:1075900003E91CE060E0C8010E94513E29C0B70128
:1075A00082E00E94ADD61092B70C9BCF0E94814022
:1075B000811105C0B70181E00E94ADD692CF109134
:1075C000B70C112341F10E94304F8EE098E20E94E7
:1075D000084F61E070E080E090E00E9498C50E9452
:1075E0005A5740E070E060E08DEF97E20E94A15DA5
:1075F00027960FB6F894DEBF0FBECDBFDF91CF91B7
:107600001F910F91FF90EF90DF90CF90BF90AF90C0
:107610009F908F90089581E097E09E838D838FE205
:10762000809300070F83CE0105969A838983029683
:107630009C838B830BE18091B50C181758F4109F35
:10764000B00111246E5F724FCE0101960E94D7885F
:107650001F5FF1CF8F818B3558F461EC7CE0CE0158
:1076600001960E94D7888D819E8101979E838D838C
:10767000ED81FE811082E091B70C84E0E89FF0017B
:107680001124E450F94F8091BC0C9091BD0CA09155
:10769000BE0CB091BF0C80839183A283B3830E9400
:1076A000334FB70184EE97E20E943E636091B70CBE
:1076B00089E6689FB00111246050794F89ED97E207
:1076C0000E943E638090BC0C9090BD0CA090BE0CBC
:1076D000B090BF0C83ED97E20E94084FC501B40142
:1076E0000E942EC50E945A578091B70C8F5F8093DD
:1076F000B70CF7CE0E94334F83EC97E20E94084FFD
:10770000F0CEC801E4CECF93DF93EB010E94084F87
:10771000CE010E94A1D6DF91CF910C945A57EF92DF
:10772000FF920F931F93CF93DF931F921F92CDB7BA
:10773000DEB72091C00C24FF35C07C01BC0182E083
:107740000E94ADD61092B70C8091C00C877F8B7FC2
:107750008093C00C0E942888A701BE016F5F7F4FF5
:1077600080E00E941AC98C01C7010115110521F1A1
:1077700069817A8126E5A80181EC9CE00E94058D53
:107780008823C9F08091C00C81608093C00CC8012F
:107790000E94938FB8018DE298E2B5DF60E0C801E6
:1077A0000E94513E0F900F90DF91CF911F910F914A
:1077B000FF90EF900895C80169DEF4CF2F923F92B9
:1077C0004F925F926F927F928F929F92AF92BF92F1
:1077D000CF92DF92EF92FF920F931F93CF93DF939D
:1077E000CDB7DEB7CA55D1090FB6F894DEBF0FBECC
:1077F000CDBF4C017B0168964FAF689769012DB7EB
:107800003EB76B963FAF2EAF6B97342F31706996B2
:107810003FAF6997BE016F5F7F4FC4010E9411CADD
:1078200018160CF0C6C08C858871803109F0E4C050
:107830006DB67EB610E000E0E114F10439F0F70116
:1078400001900020E9F78F010E191F09C8010D965C
:107850002DB73EB7281B390B0FB6F8943EBF0FBEAD
:107860002DBF8DB79EB701965C01080F191FE1145B
:10787000F10439F0B7010F94650A8FE2F8013197EE
:107880008083BE016F5F7F4FC8010E94218319A2D0
:107890001CA221E0A801B401CE0181960E94058DB1
:1078A000882309F477C069969FAD6997992309F4F5
:1078B0005AC04DB65EB610E000E0C114D10439F0F4
:1078C000F60101900020E9F78F010C191D09E3E989
:1078D000FCE001900020E9F7CF01800F911F835950
:1078E0009C402DB73EB7281B390B0FB6F8943EBF0E
:1078F0000FBE2DBF8DB79EB701961C01080F191F33
:10790000C114D10439F0B6010F94650A8FE2F80171
:107910003197808363E97CE0C8010F94650A8BE1AD
:10792000FE01B196DE01DC9601900D928A95E1F799
:10793000910168964FAD6897B501CE01CC963EDFB8
:10794000CE01CC960E94008D0FB6F8945EBE0FBE9D
:107950004DBECE0181960E94008D0FB6F8947EBE7A
:107960000FBE6DBE57CF8BE1FE01B196DE01DC96F6
:1079700001900D928A95E1F730E020E068964FADD6
:107980006897B501CE01CC9619DFCE01CC960E9446
:10799000008DDFCF0E94334FB8018FE097E2B3DE56
:1079A000CE0181960E94008D0FB6F8947EBE0FBE68
:1079B0006DBE6B96EEADFFAD6B970FB6F894FEBF44
:1079C0000FBEEDBFC65ADF4F0FB6F894DEBF0FBE35
:1079D000CDBFDF91CF911F910F91FF90EF90DF907E
:1079E000CF90BF90AF909F908F907F906F905F905F
:1079F0004F903F902F900895CE0101960E940683EC
:107A0000882309F407CFE114F10431F0C7010E9483
:107A1000A1D68FE20E94014F4D8C5E8C6F8C78A0B6
:107A2000BE016F5F7F4F86E89CE00E9421830E9429
:107A3000A1D680E20E94014FC301B2010E942EC56F
:107A400069969FAD69979923A1F080E20E94014F4A
:107A5000C114D10431F0C6010E94A1D68FE20E9468
:107A6000014F8091930C811107C086E89CE00E9431
:107A7000A1D60E945A57CECE83E99CE0F8CFCF9290
:107A8000DF92EF92FF920F931F93CF93DF93CDB7C7
:107A9000DEB7E8970FB6F894DEBF0FBECDBF680122
:107AA000790122E48F3F09F024E580E289831A827C
:107AB0008E010F5F1F4FF80101900020E9F7CF0101
:107AC0000197801B910B8233910510F5F801E80FA7
:107AD000F91F20838133910521F08C0F9D1FFC013C
:107AE0001282F80101900020E9F7CF010197801B75
:107AF000910B8233910560F42AE3F801E80FF91F36
:107B000020838133910521F08C0F9D1FFC0112828F
:107B10004CAB5DAB6EAB7FAB82E088AFBE016C5C03
:107B20007F4FC8010E94E7C5F80101900020E9F7E6
:107B3000CF010197801B910B8233910550F443E3F1
:107B400050E0481B590B61EE76E2800F911F0E94B6
:107B50003DFECCAADDAAEEAAFFAA82E088AFBE0154
:107B60006C5C7F4FC8010E94E7C5C8010E94A1D686
:107B700062E070E080E090E00E94E5D0E8960FB609
:107B8000F894DEBF0FBECDBFDF91CF911F910F9153
:107B9000FF90EF90DF90CF900895DF92EF92FF92E9
:107BA0000F931F93CF93DF93CDB7DEB7C157D109A2
:107BB0000FB6F894DEBF0FBECDBFF82E6091610EF8
:107BC0007091620E072E000C880B990B0E9449FFE2
:107BD0008B019C0140915D0E50915E0E60915F0E95
:107BE0007091600E80E84BDF6091D0067091D106F5
:107BF000072E000C880B990B0E9449FF8B019C01FA
:107C00004091CC065091CD066091CE067091CF0682
:107C10008FEF35DF8FEFF81631F0FF2009F485C0C4
:107C2000F12CE12C03C0E090D206F12C45E650E0A7
:107C300069EE76E28E010F5F1F4FC8010E943DFE84
:107C4000FF92EF928BE393E09F938F937E01E6E6A2
:107C5000EE0EF11CFF92EF920F949D0AF801019035
:107C60000020E9F7CF010197801B910B0F900F9037
:107C70000F900F900F900F908436910548F445E6D1
:107C800050E0481B590BB701800F911F0E948CFEDA
:107C9000D090D206F80101900020E9F7CF010197BA
:107CA000801B910B8436910550F445E650E0481B4B
:107CB000590B64EE76E2800F911F0E943DFE1F92E9
:107CC000DF928BE393E09F938F93FF92EF920F9459
:107CD0009D0AF80101900020E9F7CF010197801B70
:107CE000910B0F900F900F900F900F900F90843684
:107CF000910548F445E650E0481B590BB701800F49
:107D0000911F0E948CFEC8010E94A1D6CF58DF4F60
:107D10000FB6F894DEBF0FBECDBFDF91CF911F919C
:107D20000F91FF90EF90DF900895E090630E7DCF6C
:107D30002F923F924F925F926F927F928F929F927B
:107D4000AF92BF92CF92DF92EF92FF920F931F9369
:107D5000CF93DF93CDB7DEB7ED970FB6F894DEBFC4
:107D60000FBECDBFCDB6DEB684E690E09093850C15
:107D70008093840C1092B40C1092B30C41E064E038
:107D800070E08E010F5F1F4FC801ECD643E050E05A
:107D90006BEE72E0C8010F94840A892BB1F5CE0115
:107DA000C5960E94CE801DA61EA61FA618AA1092D8
:107DB000B40C1092B30CCE01C3960E94CE808BA956
:107DC0009CA98136924009F45CC083E297E20E944C
:107DD000084F84E99CE10E94084F0E94334F609154
:107DE000840C7091850C6456710989EF9CE10E94A6
:107DF0004D5781EF9CE10E94084F81E692E00E947E
:107E0000D43E0E945A5712E012C08C81882319F088
:107E10008FE389831A820E94334FB80183E79CE184
:107E20000E943E6385E69CE10E94084F11E080912C
:107E30009205811107C080917307833018F080E0AC
:107E40000E94FF96812F0FB6F894DEBE0FBECDBE06
:107E5000ED960FB6F894DEBF0FBECDBFDF91CF9188
:107E60001F910F91FF90EF90DF90CF90BF90AF9058
:107E70009F908F907F906F905F904F903F902F904A
:107E80000895CE01C9960E94C980ADB6BEB669AD4F
:107E900070E06D5F7F4F660F771F660F771F8DB79E
:107EA0009EB7861B970B0FB6F8949EBF0FBE8DBF73
:107EB000EDB7FEB73196FBAFEAAFCF010E94D3809A
:107EC0004091920581E0482764E070E089E49CE0FD
:107ED00049D669AD70E06D5F7F4F660F771F660F03
:107EE000771F8DB79EB7861B970B0FB6F8949EBF72
:107EF0000FBE8DBFEDB7FEB73196FDAFECAFCF0132
:107F00000E94D38069AD70E06D5F7F4F660F771F71
:107F1000660F771F8DB79EB7861B970B0FB6F89429
:107F20009EBF0FBE8DBFEDB7FEB731964F01CF019B
:107F30000E94D380F0909205F1104CC089AD90E082
:107F40000296A9E3BCE070E060E030E020E047EAA0
:107F50005DE1821793070CF4B6C0EAADFBADE60F06
:107F6000F71F40805180628073804D925D926D92C8
:107F70007D92821793070CF4ACC0ECADFDADE60F1B
:107F8000F71F20803180E280E38121016E2C7E2E5C
:107F900050964D925D926D927C9253978217930703
:107FA0000CF4A1C0F401E60FF71F20803180E280BD
:107FB000E38121016E2C7E2E90964D925D926D9202
:107FC0007C9293972F5F3F4F6C5F7F4F243031053A
:107FD00009F0BFCF8DE69CE00E94C18081E79CE064
:107FE0000E94C18085E79CE00E94C18089E79CE0F7
:107FF0000E94C1808DE79CE00E94C180CE018D96D9
:108000000E94C180CE018D960E94C180CE018D96C6
:108010000E94C180CE018D960E94C1808AE797E0C0
:108020000E94C1800FB6F894BEBE0FBEADBE8AE4FA
:1080300096E00E94B980CE01C1960E949180CE0147
:1080400085960E94C180C8010E94C180CE018D9694
:108050000E94C18041E04F2568E070E081EF96E02A
:1080600081D5CE018D960E94C180CE01C1960E941D
:10807000C980CE0185960E94C980C8010E94CE8029
:10808000E9A84DA183EC2E2D2827F0E12F9F900128
:108090001124842790E0982F88279295907F82273B
:1080A000932729813A818217930709F0A6C1E49E9C
:1080B0007001112421E0E21AF108F8F0CE018D964A
:1080C0000E94C180F7CFFA01459055906590749059
:1080D0004CCFE7E9FDE14590559065907490120111
:1080E000E62CE72D52CFE7E8FDE1459055906590ED
:1080F00074901201E62CE72D5CCFC8010E94B98074
:108100005AE0F52EFA94CE01FF2021F08D960E94C0
:10811000C180F8CFC8960E94C980CE01C7960E9440
:10812000C980CE01C1960E94CE8088AD33EC8327F2
:10813000E0E18E9FC00111242FA9232730E0322FC8
:1081400022273295307F8227932729A93AA98217BF
:10815000930709F052C1CE0185960E94B180C801F3
:108160000E94B180E8AC8FA9E89E70011124F1E073
:10817000EF1AF108CE012FEFE216F20621F08D96EC
:108180000E94C180F4CF85960E94A980C8010E94F8
:108190009180C8010E94A98040919205FF24F39428
:1081A0004F256CE070E083ED96E0DCD440919205C1
:1081B0004F2564E170E0C801D5D4F0909205F1102C
:1081C0003AC089809A80AB80BC80A5019401C5012A
:1081D000B4010F94210981112EC049845A846B8403
:1081E0007C846D817E818F8198858092750E9092BE
:1081F000760EA092770EB092780E21E732EB47E22E
:108200005EE30E94A8FF6093790E70937A0E8093CC
:108210007B0E90937C0E21E732EB47E25EE3C301D5
:10822000B2010F94010760937D0E70937E0E8093D0
:108230007F0E9093800EC8010E94A180C8010E9409
:108240009980C8010E949980C8010E949180C8014C
:108250000E949180C8010E94918085E0F8011192EE
:108260008A95E9F7EE24E3944F2D4E2565E070E002
:10827000C80178D4CE0185960E94A980C8010E94C9
:10828000A180409192054E2560E270E0C8016AD459
:10829000CE0185960E94A980409192054E2569E005
:1082A00070E0C8015FD44091920541110FC08981EF
:1082B000809391058A819B81AC81BD8180938D05DE
:1082C00090938E05A0938F05B0939005FF24F394AF
:1082D0004F2562E170E0C80145D4409192054F25D9
:1082E00064E270E0C8013ED4409192054F2560E100
:1082F00070E0C80137D4409192054F2562E070E0EC
:10830000C80130D4409192054F2560E170E0C8016A
:1083100029D480919205811103C08FEF0E94733E92
:108320004091920581E048276CE670E081E295E09B
:1083300019D4C8010E94B980CE01C1960E949180D3
:10834000CE0185960E94C1808091840C9091850C0D
:10835000853C924009F039CD2091B30C3091B40C9A
:108360008DA99EA92817390751F580919205811191
:108370001EC00E94334F0091B30C1091B40C8BEED1
:1083800092E00E94A1D68EE09DE10E94084F81E616
:1083900092E00E94D43E81E09DE10E94084FC80116
:1083A0000E94D43E89E20E94014F0E945A57809158
:1083B0009205811102C00E9440AB10E038CD83E2EB
:1083C00097E20E94084F0DA91EA981EC9CE10E9432
:1083D000084FC8010E94D43E0091B30C1091B40C18
:1083E0008CEB9CE10E94084FC8010E94D43E8CEAAD
:1083F0009CE10E94084F13E01ACD83E297E20E94AD
:10840000084F81EE9CE10E94084F14E010CD81E0FE
:10841000809392058DDC10929205811106C088DC54
:1084200091E0811190E0892F08950E9408AC0E948C
:1084300008AC0E949B97882319F080E00E94FF9669
:108440008FE39DE103D40E94334F8BE29DE10E94B4
:10845000084FE8CF0E94A1D68DE00E94014F8AE02C
:108460000C94014FFC0120818091B30C9091B40CCD
:10847000922728E0AC01880F991F57FD07C02150B3
:10848000C9F79093B40C8093B30C0895F1E28F2751
:10849000F0E19F27F4CF809199088F5F843040F4FA
:1084A00080939908809197088F5F8093970808952B
:1084B00010929908F7CFFC01808108958150823194
:1084C00008F05AC0E82FF0E08827E659FD438F4FA7
:1084D0000D94FE058AC28EC27CC282C286C2BCC214
:1084E00091C297C29BC2A1C2A5C2A9C2AFC2B3C268
:1084F000BCC2B7C2BDC2C1C2809180008F778093D9
:1085000080000895809180008F7DF9CF8091800058
:10851000877FF5CF84B58F7784BD089584B58F7D2F
:10852000FBCF8091B0008F778093B0000895809149
:10853000B0008F7DF9CF809190008F77809390006D
:108540000895809190008F7DF9CF80919000877F72
:10855000F5CF8091A0008F778093A000089580913F
:10856000A0008F7DF9CF8091A000877FF5CF80910B
:1085700020018F77809320010895809120018F7DC5
:10858000F9CF80912001877FF5CF3FB7F894809194
:108590004C1690914D16A0914E16B0914F1626B5DF
:1085A000A89B05C02F3F19F00196A11DB11D3FBF2B
:1085B000BA2FA92F982F8827BC01CD01620F711DFA
:1085C000811D911D42E0660F771F881F991F4A95F4
:1085D000D1F70895AF92BF92CF92DF92EF92FF92C0
:1085E0000F931F93CF93DF936C017B018B01040FDB
:1085F000151FEB015E01AE18BF08C017D10759F077
:108600006991D601ED91FC910190F081E02DC601B8
:108610001995892B79F7C501DF91CF911F910F91A2
:10862000FF90EF90DF90CF90BF90AF9008950895A6
:1086300080E00895FC018491882321F0823011F0BC
:1086400083E0089586E00895EF92FF920F931F93C1
:10865000CF93DF93EC01162FEC80FD80F70104919E
:10866000C701E8DFA82F013049F10FEF2C813D81D0
:10867000F9013A9644913196549133976491319629
:1086800084911136E8F070E0762F6627860F972FD9
:10869000911D0097A9F08E0D9F1D41E6511730F5F1
:1086A000188A1B8A1C8A198A1A8A90E080E0DF9156
:1086B000CF911F910F91FF90EF9008950FE0D6CFCB
:1086C000F9013696649131968491113460F070E02E
:1086D000762F6627860F972F911D009721F08E0D1C
:1086E0009F1D41E4DBCFC7014196D8CF5417C0F29C
:1086F000B0E0FC0164916F3F29F40196451781F2C7
:108700004F5FF7CF411333C0F9012491AC014F5FA4
:108710005F4FFC01222311F0223091F424912B8B26
:10872000FA0144914C8BFC013396E491E88BFC01F7
:108730003496E491E98BFC013596E491EA8BB7CF4E
:108740002491322F3F7032503A8B22952F70298B13
:10875000FA014491242F2F702C8B42954F704B8B34
:10876000FC013296E491E295EF70E88BA0CF32964F
:10877000649160236A0F7B2F711D860F971FBECFF8
:1087800081E008950F93FC010150040F84A996A97C
:10879000941788F0081710F4041778F42150260F66
:1087A00083A995A9961758F0281760F481E0261739
:1087B00020F40F910895081778F780E0FACF281772
:1087C000A8F7FBCF81E0F5CF2F923F924F925F92B7
:1087D0006F927F928F929F92AF92BF92CF92DF92D1
:1087E000EF92FF920F931F93CF93DF93CDB7DEB736
:1087F00066970FB6F894DEBF0FBECDBF4C017B016C
:108800001A013E8B2D8B198A1A8AFB018081918176
:10881000A281B3818F3F9105A105B10521F118F126
:108820001D861E861F86188AAC01BD0137E076952D
:108830006795579547953A95D1F75A874987806844
:108840008B878C870091B10C1091B20C8091AF0C8A
:108850009091B00C9C8B8B8BAA24A394B12C011506
:10886000110509F050C0F7018081898BB401AE0178
:108870004F5E5F4FC101ED89FE89199566960FB66F
:10888000F894DEBF0FBECDBFDF91CF911F910F9146
:10889000FF90EF90DF90CF90BF90AF909F908F9020
:1088A0007F906F905F904F903F902F900895821728
:1088B000930720F19C818B85981708F445C09B8114
:1088C0008C858917D8F06091AF0C7091B00C640D55
:1088D000751D48E050E0CE0109960E941EFE6F858E
:1088E00078896115710509F4BECF8616970609F4DB
:1088F000BECFF70180818068898BB9CF86010A15C8
:108900001B0508F4B0CF3501600E711E7694679494
:10891000630191E0C91AD108260193E0440C551C6B
:108920009A95E1F76B897C89640D751D48E050E0EC
:10893000CE0101960E941EFE29813A8189859A8581
:108940002817390708F0B3CF5301EFEFAE1ABE0A6C
:10895000D6CF8F929F92AF92BF92CF92DF92EF923B
:10896000FF920F931F93CF93DF9300D01F92CDB749
:10897000DEB76C017B014A015901AE014F5F5F4FC9
:10898000B401C7010E9426B57C0189819A81AB811F
:10899000BC81892B8A2B8B2B41F09801A501BE014C
:1089A0006F5F7F4FC60110DFE8CF0F900F900F90E1
:1089B0000F90DF91CF911F910F91FF90EF90DF907B
:1089C000CF90BF90AF909F908F9008958BEC95E1E2
:1089D000FC0101900020E9F7CF01865F9541863DBB
:1089E0009F4760F4EBECF5E18AE290E022A5207C61
:1089F000203839F085539A4EFC0110828BEC95E1BA
:108A00000895019731978F3F980781F7F7CFCF935C
:108A1000C091AE0CC230D9F00E94F745811117C049
:108A20000E940F46882361F08091930C811105C04C
:108A300086E89CE0CF910C942F3E83E99CE0FACF2E
:108A400082E293E3C13029F488E393E302C084E433
:108A500093E341E06FEFCF910C946A258F929F9240
:108A6000AF92BF92EF92FF921F93CF93DF93CDB758
:108A7000DEB7A0970FB6F894DEBF0FBECDBF61156D
:108A800071058105910591F120E04AE0842E912C39
:108A9000A12CB12C11E0120FEE24E394F12CEC0E7A
:108AA000FD1EE20EF11C27FDFA94A50194010F941E
:108AB0006D05F7016083B901CA01212F61157105A8
:108AC0008105910539F7115018F1E1E0F0E0EC0F64
:108AD000FD1FE10FF11D17FDFA95908187E39A3094
:108AE00008F480E3890F0E94014FEDCF80E3A09648
:108AF0000FB6F894DEBF0FBECDBFDF91CF911F91AF
:108B0000FF90EF90BF90AF909F908F900C94014F8B
:108B1000A0960FB6F894DEBF0FBECDBFDF91CF9108
:108B20001F91FF90EF90BF90AF909F908F9008950E
:108B3000CF92DF92EF92FF926B017C01F7FE0BC0A8
:108B4000F094E094D094C094C11CD11CE11CF11CA1
:108B50008DE20E94014FC701B601FF90EF90DF90B8
:108B6000CF907CCFDF92EF92FF920F931F93CF9322
:108B7000DF931F92CDB7DEB78C01D42E7C01E60EB9
:108B8000F71E8091840C9091850C0F944805898381
:108B9000DD2011F0F8018083CE01019663DC809125
:108BA000840C9091850C01969093850C8093840C95
:108BB0000F5F1F4F0E151F0521F780E00F90DF910B
:108BC000CF911F910F91FF90EF90DF900895EF925A
:108BD000FF920F931F93CF93DF93CDB7DEB76497C8
:108BE0000FB6F894DEBF0FBECDBF7C01FB016081E4
:108BF0007181828193818E010F5F1F4F22E041E0DE
:108C00000E94D1F9F70101900020E9F79F0121505E
:108C100031092E193F092233310550F443E350E066
:108C2000421B530BBC01C701820F931F0E948CFE95
:108C3000C70164960FB6F894DEBF0FBECDBFDF91BB
:108C4000CF911F910F91FF90EF900895CF93DF93F5
:108C50001F921F92CDB7DEB72091830C211112C055
:108C6000BC014BE250E08BEC95E10E943DFE8AE2B4
:108C700090E09A838983CE010196A8DE1092820C3F
:108C80001092810C0F900F90DF91CF9108958F92E9
:108C90009F92AF92BF92CF92DF92EF92FF926B01C1
:108CA0007C0120E030E0A9010E9443FF87FF07C05C
:108CB0008DE20E94014FF7FAF094F7F8F0942BE060
:108CC00037ED43EA5BE3C701B6010F9425064B017C
:108CD0005C010F946E076B017C010E9447FF9B01B2
:108CE000AC01C501B4010F9424064B015C01C7011E
:108CF000B601B4DE8EE20E94014F20E030E040E297
:108D000051E4C501B4010E94A8FF6B017C010F94DE
:108D10006E074B015C01A2DEC501B4010E9447FF52
:108D20009B01AC01C701B6010F94240620E030E09E
:108D300040E251E40E94A8FF0F946E07FF90EF906D
:108D4000DF90CF90BF90AF909F908F9087CECF93C2
:108D5000C82F41E00E94CD57C11103C0CF910C94A0
:108D6000334FCF910895CF93DF9369EF72E3EFDF35
:108D7000C9E3DCE04C895D896E897F8981EF92E3EC
:108D80000E94214F488D598D6A8D7B8D8EEE92E326
:108D90000E94214F4C8D5D8D6E8D7F8D8BEE92E309
:108DA0000E94214F48A159A16AA17BA188EE92E3BC
:108DB0000E94214FDF91CF910C945A57CF93DF93AC
:108DC000CDB7DEB760970FB6F894DEBF0FBECDBF4C
:108DD000E9E2FCE080819181A281B38189839A8359
:108DE000AB83BC8384819581A681B7818D839E836B
:108DF000AF83B88780859185A285B38589879A8757
:108E0000AB87BC8784859585A685B7858D879E872A
:108E1000AF87B88BCE0101960E94DA2749815A812B
:108E20006B817C8185EE92E30E94214F4D815E81B2
:108E30006F81788581EE92E30E94214F49855A85A2
:108E40006B857C858DED92E30E94214F4D855E857B
:108E50006F85788989ED92E30E94214F60960FB665
:108E6000F894DEBF0FBECDBFDF91CF9108958F92F2
:108E70009F92AF92BF92CF92DF92EF92FF92CF93E9
:108E8000DF939093280C8093270C1092F30C82E0D0
:108E900090E0A0E0B0E08093DC0C9093DD0CA09318
:108EA000DE0CB093DF0C1092260C1092220C109264
:108EB000230C1092240C1092250C8FEF9FEFDC01F5
:108EC00080931E0C90931F0CA093200CB093210C48
:108ED000662309F470C040E060E070E0CB010E94BE
:108EE000B78381110DC0C0E08C2FDF91CF91FF902F
:108EF000EF90DF90CF90BF90AF909F908F900895AC
:108F00008091DC0B8F7779F78091E80B9091E90BDA
:108F1000A091EA0BB091EB0B84369105A105B10548
:108F200010F3C090E40BD090E50BE090E60BF090CE
:108F3000E70BC114D104E104F104A9F240E0C70138
:108F4000B6010E94B783C82F882369F28091290A4D
:108F500090912A0A8115924031F6A0912E0AAA23F7
:108F600011F260912C0A70912D0A6115710509F4B6
:108F7000BACF20912B0A222309F4B5CFA093EE0C8F
:108F80002093E00C90E080E030E0E1E0F0E0D82FCA
:108F9000AF01082E02C0440F551F0A94E2F72417B0
:108FA000350769F041E0480F01968930910579F75E
:108FB0004093E90C98CFC12CD12C7601BFCF809380
:108FC000E90C2091340A3091350A50E040E0211537
:108FD000310541F42091420A3091430A4091440AFC
:108FE0005091450A2093E10C3093E20C4093E30C3E
:108FF0005093E40C46015701860E971EA11CB11C2C
:109000008092EF0C9092F00CA092F10CB092F20CC6
:10901000E0912F0AF091300AF093F50CE093F40CF4
:10902000B0E00F94AB05DC01CB01880D991DAA1DA2
:10903000BB1D8093F60C9093F70CA093F80CB093A3
:10904000F90C25E0EE0FFF1F2A95E1F7E150FE4FE6
:10905000EF2FFF27E6958E0F9F1FA11DB11D809357
:10906000EA0C9093EB0CA093EC0CB093ED0C809079
:10907000310A9090320AB12CA12C8114910441F450
:1090800080903E0A90903F0AA090400AB090410A1A
:10909000C81AD90AEA0AFB0AC80CD91CEA1CFB1C2C
:1090A00004C0F694E794D794C794DA95D2F7C092A7
:1090B000E50CD092E60CE092E70CF092E80C85EF1C
:1090C000C8168FE0D806E104F10420F48CE0809308
:1090D000F30C09CF80E125EFC2162FEFD206E10491
:1090E000F10488F080914A0A90914B0AA0914C0AB1
:1090F000B0914D0A8093F60C9093F70CA093F80C66
:10910000B093F90C80E28093F30CEECE8F929F9295
:10911000AF92BF92CF92DF92EF92FF920F931F9385
:10912000CF93DF9300D01F92CDB7DEB7FC018381D0
:10913000813091F080E00F900F900F900F90DF91B1
:10914000CF911F910F91FF90EF90DF90CF90BF9044
:10915000AF909F908F900895818181FFEBCF81899F
:109160009289A389B489892B8A2B8B2B09F460C03F
:109170007F0140E050E0BA01CF010E94C085882302
:10918000C9F2F701C18CD28C85889688A788B08CEB
:1091900082E090E0A0E0B0E0F60180839183A283BA
:1091A000B3839E012F5F3F4FB501A401C6010E940A
:1091B0008684882309F4BECF00E010E09801B50151
:1091C000A401C6010E94F583882309F4B3CF8980E6
:1091D0009A80AB80BC80F6018789803101F5F8EF79
:1091E0008F16FFEF9F06A104B104D8F2F701158A8C
:1091F000168A178A108E118A128A138A148A81811C
:1092000080688183C7010E94ED87882309F492CF8B
:1092100040E050E0BA01C7010E94C0858CCF88EFC2
:1092200088168FEF9806A8068FE0B806F8F6B9CF33
:1092300081E081CF2F923F924F925F926F927F9207
:109240008F929F92AF92BF92CF92DF92EF92FF9256
:109250000F931F93CF93DF931F921F92CDB7DEB76B
:10926000382E7B012DB73EB73A8329838091AE1605
:10927000811107C0109293161092961681E0809388
:10928000AE1680918B16811107C010927016109245
:10929000731681E080938B16DA018C918F3209F07E
:1092A00083C08BE29EE0F701918380834F5F5F4F25
:1092B00031101092B50CF701408051808A0123E9EA
:1092C000C22E26E1D22E3BE1232E01151105C1F15C
:1092D0006DB67EB66FE270E0C8010F945A0A5C0169
:1092E0000817190740F5AC01401B510B55274F5F7C
:1092F0005F4F2DB73EB7241B350B0FB6F8943EBF1A
:109300000FBE2DBF8DB79EB701964C01B8010E94CC
:109310008CFEC6010E942088D7016D917C9121E0CE
:10932000A401C6010E94058D811144C0C4010E94A0
:1093300046BA10E000E00FB6F8947EBE0FBE6DBED8
:109340003320A9F0D701ED91FC918BE1A0E1BEE0C3
:1093500001900D928A95E1F791E08091B50C811111
:1093600090E08091C00C90FB86F98093C00CC801FE
:10937000E981FA810FB6F894FEBF0FBEEDBF0F90E2
:109380000F90DF91CF911F910F91FF90EF90DF90A1
:10939000CF90BF90AF909F908F907F906F905F9095
:1093A0004F903F902F90089580E19EE0D7018D93DC
:1093B0009C9381CFF701808191814816590611F065
:1093C0000E942088D701CD92DC92332099F0A091A1
:1093D000B50CAA3078F481E08A0F8093B50C2A9EF0
:1093E000D0011124AE5FB24FF601822D01900D9293
:1093F0008A95E1F7B3E9CB16B6E1DB0669F490E7AD
:10940000C92E96E1D92E85010F5F1F4F0FB6F89434
:109410007EBE0FBE6DBE59CF83E9C82E86E1D82E21
:10942000F2CFCF92DF92EF92FF920F931F93CF93E1
:10943000DF938B01FC012381223008F475C0408545
:109440005185628573854F71552766277727452B90
:10945000462B472B09F068C07C011092940C1092A7
:10946000930CD12CDFEF8DE0C82E40E250E0B80124
:10947000C7010E9453869C01809771F081E0232BE5
:1094800009F480E08195DF91CF911F910F91FF90BA
:10949000EF90DF90CF900895F801C081CC2309F4BC
:1094A00045C0C53E11F0CE3229F41092940C1092B2
:1094B000930CDBCF83858F738F3049F5828D938D2D
:1094C000892BD1F4CF718FEF8C0F8230A8F4858572
:1094D000C130C1F0D81219C04C2F63E97CE0C8013B
:1094E0000E948B87F801808186FF06C0CC9DF00129
:1094F0001124ED56F34F1082F801838583FDB5CF1B
:1095000080E2C1CFD82ED0E0E7CFD1E0E5CFD111B6
:1095100006C0C8010E94C687D81671F3D1E0109228
:10952000940C1092930CE8CF8FEFADCF80E0ABCFCF
:10953000EEEAF7E080818183409130085091310854
:1095400060913208709133084F5F5F4F6F4F7F4FCC
:1095500080ED92E30E9474578CEC92E30C94084FD8
:109560000F931F93CF938C01C62F0E94304F4091D1
:109570003008509131086091320870913308C80169
:109580000E9474570E94385E0196E1F78C2FD0DF5D
:109590001092350810923408CF911F910F910895C1
:1095A000CF93DF93CDB7DEB760970FB6F894DEBFE9
:1095B0000FBECDBF80E1E9E2FCE0DE011196019033
:1095C0000D928A95E1F7CE0101960E943CA9609622
:1095D0000FB6F894DEBF0FBECDBFDF91CF910895D7
:1095E00081EC9CE00E94ED8781EC9CE00E94208849
:1095F0008091C00C8D7F8E7F8093C00C1092BC0C2C
:109600001092BD0C1092BE0C1092BF0C08950F93D7
:109610001F93CF93DF9300D01F92CDB7DEB705E144
:10962000061B662361F082E090E0A0E0B0E0898351
:109630009A83AB83BC83CE0101960E94C32886E047
:10964000089F800111248091930C811111C086E83C
:109650009CE0B8010E948D2D081B190B07301105E5
:1096600060F081EC9FE20E947F2A06501109F6CF3C
:109670001092AD0C83E99CE0ECCF0F900F900F900F
:109680000F90DF91CF911F910F9108958F929F922C
:10969000AF92BF92CF92DF92EF92FF920F931F9300
:1096A000CF93DF93CDB7DEB74B01142FCDB6DEB627
:1096B00042FB662760F90E941328882309F471C0D1
:1096C0001170F12EC4010E940AB526E0829FC001EC
:1096D00011249C012D5F3F4F4DB75EB7421B530BCA
:1096E0000FB6F8945EBF0FBE4DBFEDB7FEB7319613
:1096F0005F012091EF023091F002EDB7FEB73283A7
:109700002183339611920197E8F78114910409F4AB
:109710005AC00091E3061091E4062091E1063091D1
:10972000E20685E1E82E4091E006B401C5010E9401
:10973000B62536E0839F4001112400E810E0FF20A9
:10974000D9F080E890E08819990966E070E00F94FC
:10975000D705F62E67FF03C0FF24F394F60EF594A9
:1097600000E810E01F1444F48FEB9FE20E94192AD6
:10977000081B190BFA94F6CF892821F0B801C5010E
:109780000E948D2D0730110538F08DEB9FE20E946D
:10979000192A081B190BF6CF0FB6F894DEBE0FBEC0
:1097A000CDBE0FB6F894DEBE0FBECDBEDF91CF9119
:1097B0001F910F91FF90EF90DF90CF90BF90AF90EF
:1097C0009F908F90089500E810E0FF20D9F2912C2F
:1097D000812CB7CF8F929F92AF92BF92CF92DF92A0
:1097E000EF92FF920F931F93CF93DF9300D01F92BE
:1097F000CDB7DEB7982F862F4A01F22ECDB6DEB652
:10980000692F0E941328882309F446C00091E306BB
:109810001091E4062091E1063091E2064091E006C5
:109820008DB79EB78A970FB6F8949EBF0FBE8DBFB7
:1098300001965C0154E1E52EB4010E94B625082F83
:1098400068E770E0C5010E948D2D0FB6F894DEBE6A
:109850000FBECDBE14E1101B112331F08BEB9FE244
:109860000E947F2A1150F8CF8F2DFF0C990BAA0B65
:10987000BB0B89839A83AB83BC838091DF069AE715
:109880009093411680934216CE0101960E94C32800
:1098900089EB9FE20E947F2A0FB6F894DEBE0FBECE
:1098A000CDBE0F900F900F900F90DF91CF911F9131
:1098B0000F91FF90EF90DF90CF90BF90AF909F906F
:1098C0008F900895EF92FF920F931F93CF93DF93A2
:1098D000FB01D081DD2341F17B018C016D2F0E94C2
:1098E00024C3F801C189C195FFEFEF1AFF0AF70100
:1098F00081917F01F801882341F09089C90FD82F09
:10990000682FC8010E9424C3F2CFD03259F0838956
:109910009189890F8C0FDF91CF911F910F91FF904B
:10992000EF9008958089F6CF80E0F5CF1F93CF9315
:10993000DF93162FC82FD0E060FF0CC086E08C9F0D
:10994000F0018D9FF00D1124ED52F94F808191812E
:109950000E94D7B511FF15C086E08C9FF0018D9F46
:10996000F00D1124ED52F94F828193818C389105CD
:1099700014F08CE890E09093D1068093D0060E947A
:109980004A1E12FF12C086E08C9FF0018D9FF00DE1
:109990001124ED52F94F848195818F3F910519F083
:1099A00010F08FEF90E080939607DF91CF911F9199
:1099B00008952F923F924F925F926F927F928F9273
:1099C0009F92AF92BF92CF92DF92EF92FF920F934E
:1099D0001F93CF93DF9300D000D0CDB7DEB71C012B
:1099E0007A8369832B833C834D835E83270138010F
:1099F00081E08093C7060E94BD2383E080933102FB
:109A00003092C6062092C50689819A819093C40639
:109A10008093C3068B819C81AD81BE818093BF06FC
:109A20009093C006A093C106B093C2064092BB06B5
:109A30005092BC066092BD067092BE06A092B70618
:109A4000B092B806C092B906D092BA069092F715B5
:109A50008092F6158C8D9D8D9093B6068093B506F9
:109A60001092B40626960FB6F894DEBF0FBECDBF97
:109A7000DF91CF911F910F91FF90EF90DF90CF90EA
:109A8000BF90AF909F908F907F906F905F904F901E
:109A90003F902F9008958091B7069091B806A091BD
:109AA000B906B091BA06B7FF08C01092B706109277
:109AB000B8061092B9061092BA068091B3068823B0
:109AC00031F08091B7068093B2061092C70680915C
:109AD000B1061816D4F4082E000C990B01972091AA
:109AE000B206022E000C330B2817390774F080934E
:109AF000B206092E000CAA0BBB0B8093B7069093FD
:109B0000B806A093B906B093BA068091B2069091B8
:109B1000B006891714F48093B0062091B006022E87
:109B2000000C330B2C5F3F4F482F082E000C550BB9
:109B3000241735071CF484508093B00608958F9243
:109B40009F92AF92BF92CF92DF92EF92FF92CF930C
:109B50006B017C0120E030E0A9010E9443FF87FFF8
:109B600004C0F7FAF094F7F8F09442E050E0C7012F
:109B7000B6010E9477B06B017C0160E280E4C816F8
:109B800082E4D8068FE0E806F1048CF0C701B60144
:109B900020E432E44FE050E00F948F05CA01B90190
:109BA0002AE030E040E050E00F948F05605D609364
:109BB000A40660E280EAC81686E8D80681E0E806D6
:109BC000F1048CF0C701B60120EA36E841E050E02C
:109BD0000F948F05CA01B9012AE030E040E050E05F
:109BE0000F948F05605D6093A50660E280E1C81662
:109BF00087E2D806E104F1048CF0C701B60120E148
:109C000037E240E050E00F948F05CA01B9012AE025
:109C100030E040E050E00F948F05605D6093A60651
:109C200060E288EEC81683E0D806E104F1048CF007
:109C3000C701B60128EE33E040E050E00F948F05F5
:109C4000CA01B9012AE030E040E050E00F948F05EE
:109C5000605D6093A706C701B60124E630E040E0EE
:109C600050E00F948F058AE0882E912CA12CB12C06
:109C7000CA01B901A50194010F948F05605D60933D
:109C8000A8068EE28093A906C701B601A50194013A
:109C90000F948F05C62FCA01B901A50194010F9435
:109CA0008F05605D6093AA06C05DC093AB0684EA31
:109CB00096E0CF91FF90EF90DF90CF90BF90AF9064
:109CC0009F908F9008952F923F924F925F926F9244
:109CD0007F928F929F92AF92BF92CF92DF92EF923C
:109CE000FF920F931F93CF93DF9300D000D0CDB797
:109CF000DEB71C017E836D83E982FA820B831C83AD
:109D0000CA01B9010F9469072B013C01ED81FE8165
:109D100060817181828193810F9469075B016C017D
:109D2000A418B508C608D708C801B7010F94690779
:109D30007B018C01E418F508060917091F921F9290
:109D400082EF882E80E3982EA30192016D817E819F
:109D5000C1012FDE0F900F9026960FB6F894DEBF4C
:109D60000FBECDBFDF91CF911F910F91FF90EF906C
:109D7000DF90CF90BF90AF909F908F907F906F902B
:109D80005F904F903F902F9008952F923F924F9267
:109D90005F926F927F928F929F92AF92BF92CF927B
:109DA000DF92EF92FF920F931F93CF93DF931C01EB
:109DB000EB01902E812ECA01B9010E9447FF2AE0D3
:109DC00037ED43E25DE30E94A8FF0F9469072B0182
:109DD0003C01688179818A819B810E9447FF2AE04A
:109DE00037ED43E25DE30E94A8FF0F9469075B0132
:109DF0006C01A418B508C608D70818E7E12E1FE0C3
:109E0000F12E00E010E0E418F508060917098F921A
:109E10009F9298EE892E90E3992EA3019201BE01A4
:109E2000C101C7DD0F900F90DF91CF911F910F916E
:109E3000FF90EF90DF90CF90BF90AF909F908F906A
:109E40007F906F905F904F903F902F9008958F92EA
:109E50009F92AF92BF92CF92DF92EF92FF920F93B9
:109E60001F937901F8019A01550F440B550BDB0143
:109E7000AD90BC900B2C000CCC08DD08A21AB30AE4
:109E8000C40AD50A0F2C000C000B110BE21AF30ABE
:109E9000040B150BFF93EF93ECEF8E2EE0E39E2E59
:109EA00088DD0F900F901F910F91FF90EF90DF9042
:109EB000CF90BF90AF909F908F9008958F929F9278
:109EC000AF92BF92CF92DF92EF92FF920F931F93C8
:109ED000CF93DF93EC01162F072F6091A00670E05F
:109EE00090E080E00E9449FF29EC38EC48EC5EE30A
:109EF0000E94A8FF20E030E040E05FE30F942506D9
:109F00000F9469070F931F932EED822E20E3922E5C
:109F10005B016C0114E6E12EF12C00E010E020E082
:109F200030E0A90160EA76E0CE0143DD0F900F90AA
:109F3000DF91CF911F910F91FF90EF90DF90CF9025
:109F4000BF90AF909F908F900895CF93DF93282F6D
:109F500030E0F901EB5CF04D8491F901E151F14DF4
:109F6000D491F901E755F14DC491CC23A1F08111B1
:109F70000E945EC2EC2FF0E0EE0FFF1FE157F14DA3
:109F8000A591B491EC91ED2381E090E009F480E09B
:109F9000DF91CF91089580E090E0FACF1F93CF93A7
:109FA000DF93282F30E0F901EB5CF04D8491F9014B
:109FB000E151F14DD491F901E755F14DC491CC2314
:109FC000A9F0162F81110E945EC2EC2FF0E0EE0F77
:109FD000FF1FEB58F14DA591B4918FB7F894EC9118
:109FE000111108C0D095DE23DC938FBFDF91CF9194
:109FF0001F910895DE2BF8CFEF92FF920F931F93DE
:10A00000CF93DF93CDB7DEB762970FB6F894DEBF7C
:10A010000FBECDBF6115710571F460E062960FB699
:10A02000F894DEBF0FBECDBFDF91CF911F910F918E
:10A03000FF90EF90B3CF6F3F710511F461E0EECF69
:10A040008B01F82E682FCE0101960E943E4E898921
:10A05000882309F477C0E981FA819F858889911165
:10A0600034C0608190E023E030E0A901481B590B27
:10A07000440F551F042E01C0220F0A94EAF72095C1
:10A08000262362E070E001C0660F4A95EAF7262BAE
:10A090002083FC013396EE0FFF1F21E030E02C0FF0
:10A0A0003D1FE20FF31F0190F081E02D118300832B
:10A0B00062960FB6F894DEBF0FBECDBFDF91CF9191
:10A0C0001F910F91FF90EF9008952A892111F0CFF1
:10A0D000AFEFB0E0923029F0AD85BE850D90BC9118
:10A0E000A02D608190E023E030E0A901481B590BCE
:10A0F000440F551F042E01C0220F0A94EAF7209541
:10A10000262362E070E001C0660F4A95EAF7262B2D
:10A1100020830396880F991FE1E0F0E0EC0FFD1F0C
:10A120008E0F9F1FFC01E080F18098010F94BB050A
:10A130002FEF30E040E050E00F946D05F7013183E0
:10A140002083B6CF61E00F37110508F460E08F2D52
:10A1500065CFCF93DF9390E0FC01E151F14D249165
:10A160008755914DFC0184918823C9F090E0880FB8
:10A17000991FFC01E55AF14DA591B491FC01EB58F2
:10A18000F14DC591D49161110DC09FB7F8948C9198
:10A19000209582238C938881282328839FBFDF9179
:10A1A000CF910895623051F49FB7F8943C91822F7B
:10A1B000809583238C93E8812E2BEFCF8FB7F89473
:10A1C000EC912E2B2C938FBFEACF8F929F92AF9260
:10A1D000BF92CF92DF92EF92FF926B017C010E94BF
:10A1E000C5C24B015C01C114D104E104F104B9F012
:10A1F0000E94C5C2681979098A099B09683E7340A3
:10A200008105910580F321E0C21AD108E108F10827
:10A2100088EE880E83E0981EA11CB11CE4CFFF904D
:10A22000EF90DF90CF90BF90AF909F908F90089568
:10A230009F92AF92BF92CF92DF92EF92FF920F93D5
:10A240001F93CF93DF931F92CDB7DEB78C016C01C4
:10A25000C60ED71EF12CE12CC016D10609F44DC054
:10A26000A090840CB090850CF80191908F01998298
:10A27000C5010F944805981691F1692DC5010F94F9
:10A280005005FFEFEF1AFF0AC7018F779927892B37
:10A29000F9F062E070E080E090E097DFC5010F9494
:10A2A000480599818917D9F00E94334F88E093E3DC
:10A2B0000E94084F81E00F90DF91CF911F910F9185
:10A2C000FF90EF90DF90CF90BF90AF909F90089558
:10A2D00062E070E080E090E00E94D93EDFCFCE01E6
:10A2E00001960E9432C28091840C9091850C019657
:10A2F0009093850C8093840CAFCF80E0DCCF2FB798
:10A30000F894609148167091491680914A16909180
:10A310004B162FBF0895CF92DF92EF92FF92EFDF9F
:10A320006B017C0128E5C20E22E0D21EE11CF11C6B
:10A330000E94855E8F3FA1F0E2DFA7019601261BF8
:10A34000370B480B590BDA01C901181619061A0602
:10A350001B0674F380E0FF90EF90DF90CF9008959C
:10A3600081E0F9CF1F920F920FB60F9211242F9315
:10A370003F938F939F93AF93BF9380914816909193
:10A380004916A0914A16B0914B163091471623E01A
:10A39000230F2D3758F50196A11DB11D20934716A7
:10A3A0008093481690934916A0934A16B0934B1683
:10A3B00080914C1690914D16A0914E16B0914F166B
:10A3C0000196A11DB11D80934C1690934D16A0933C
:10A3D0004E16B0934F16BF91AF919F918F913F91C1
:10A3E0002F910F900FBE0F901F90189526E8230F06
:10A3F0000296A11DB11DD2CFFC01DB0111968C91FB
:10A4000011972281821770F19381981758F14C911E
:10A410009581491738F514965C910680F781E02DF7
:10A42000821B883018F0E90FF11D8770969596957C
:10A430009695642F677020E830E002C03595279527
:10A440006A95E2F7989F802D11244695469546958A
:10A45000840F9927991FE80FF91F8081552319F060
:10A46000282B2083089520952823FBCFDB01ED9135
:10A47000FC9119940F931F93CF93DF931F92CDB745
:10A48000DEB700910C1610910D16E0913B16F0917D
:10A490003C1682E0199530E020E04AE0B8018AE0FD
:10A4A00096E1E4DF182FE0913B16F0913C1683E033
:10A4B0001995E0913B16F0913C1680E01995112317
:10A4C00099F160910C1670910D169E012F5F3F4F10
:10A4D00046E48AE096E1CADF898180930A1660919A
:10A4E0000C1670910D169E012F5F3F4F47E48AE0D6
:10A4F00096E1BCDF898180930B1660910C167091F8
:10A500000D1630E020E048E48AE096E1AFDF80936A
:10A51000151660910C1670910D162DE336E147E18A
:10A520008AE096E1A3DF11E0812F0F90DF91CF91B8
:10A530001F910F910895DF92EF92FF920F931F9357
:10A54000CF93DF93182F062FC42FD42FF62EF40E9F
:10A55000EE24E394DD24DA948F2D8D1BD83088F51A
:10A560008C2F887F800F9C2F96959695969528EF37
:10A57000929FC00D1124CC23C1F197E0C9276091AF
:10A580000C1670910D16109326168093271681E0F5
:10A5900080932916CF5FC7708FEF90E001C0880FBE
:10A5A000CA95EAF78093281626E236E14BE38AE063
:10A5B00096E1DF91CF911F910F91FF90EF90DF9087
:10A5C00055CF60910C1670910D161093261680933E
:10A5D0002716E0922916D092281626E236E14BE3A0
:10A5E0008AE096E143DFD850B7CFDF91CF911F913A
:10A5F0000F91FF90EF90DF900895AF92BF92CF92AE
:10A60000DF92EF92FF920F931F93CF93DF93EC01B2
:10A61000E62EF42E122F022FD62ED20ECC24CA9460
:10A620005C012CE1A20EB11C8D2D801B083068F559
:10A63000812F887F8E0D912F96959695969528EF70
:10A64000929F100D1124112361F197E019276A815F
:10A650007B818C8FFD8E1F8E1F5F17708FEF90E0B8
:10A6600001C0880F1A95EAF78E8F9E01245E3F4F36
:10A670004BE3CE01DF91CF911F910F91FF90EF90AF
:10A68000DF90CF90BF90AF90F1CE6A817B818C8FAD
:10A69000FD8E1F8ECE8E95014BE3CE01E7DE085076
:10A6A000C3CFDF91CF911F910F91FF90EF90DF907B
:10A6B000CF90BF90AF9008950F93CF93C82F01E034
:10A6C00020E8482F60E08AE096E10E94C2C3882318
:10A6D00041F020E84C2F60E08AE096E1CF910F91A5
:10A6E0008CCFCF910F910895FF920F931F93CF932B
:10A6F000DF93D82F162FF42EC22F022F242F462F90
:10A70000682F8AE096E10E94C2C38823E9F02F2DCA
:10A71000412F6D2F8AE096E170DF4C2F612F8D2F36
:10A720000ADF8FEF8F0D4C2F612F8D0F04DF4FEF5E
:10A730004C0F410F2F2D6D2F8AE096E1DF91CF91C5
:10A740001F910F91FF9059CFDF91CF911F910F91E2
:10A75000FF900895DF92EF92FF920F931F93CF9394
:10A76000DF937C01162FC42FD22ED02F0E94C2C39C
:10A77000882349F0DC0F2D2D4C2F612FC7013DDFC1
:10A78000CF5FDC13F8CFDF91CF911F910F91FF9036
:10A79000EF90DF900895EF92FF920F931F93CF9366
:10A7A000DF93C82F7B01142FCB010E940AB526E04E
:10A7B000C29FE0011124112381F091E090932A16A9
:10A7C000829F900111242E5F0CE042E36C2F6150B8
:10A7D0008AE096E1BFDF10922A16A7016CE38C2F66
:10A7E0000E94792A112319F081E080932A16DF91C3
:10A7F000CF911F910F91FF90EF9008953F924F924C
:10A800005F926F927F928F929F92AF92BF92CF9200
:10A81000DF92EF92FF920F931F93CF93DF931F92DC
:10A820001F92CDB7DEB75C01680181E08093AF066F
:10A830004090B7065090B8066090B9067090BA067E
:10A84000411451046104710479F091E01414150469
:10A850000CF090E09093AD061092B7061092B806F7
:10A860001092B9061092BA061091AD063090AE065D
:10A870001092AE06311005C080913102882309F490
:10A880006EC049012A013B01C9010E940AB5082F87
:10A8900080E0E114F10419F0C7010E940AB51A82A0
:10A8A0001982C114D104B1F4402F50E0282F30E0B8
:10A8B000CA01820F931F46976CF485E190E0841BD8
:10A8C000950B821B930B97FD0196959587958A832F
:10A8D00081E0898301E028EB3CE7A401BE016F5FC2
:10A8E0007F4FCE0102960E943429C114D10491F009
:10A8F0008A81882321F01A8289818F5F898300E011
:10A900002BEB3CE7A601BE016F5F7F4FCE010296A5
:10A910000E943429E114F10459F000E028EB3CE7EF
:10A92000A701BE016F5F7F4FCE0102960E943429BE
:10A9300041E04127B30181E02EDFC5010E940AB545
:10A94000412FB50194E1981B892F25DF332039F081
:10A950001123C9F041145104B1F0F20119950F907F
:10A960000F90DF91CF911F910F91FF90EF90DF90AB
:10A97000CF90BF90AF909F908F907F906F905F909F
:10A980004F903F9008950E941224E9CFEF92FF92DA
:10A990001F93CF93DF93EC01EE85FF85309709F08D
:10A9A0001995EA80FB80E9A9FAA982E01995E9A93D
:10A9B000FAA981E0199530E020E045E1B701CE0128
:10A9C00055DD182F882339F09E012D5C3F4F47E15C
:10A9D000B701CE014BDDE9A9FAA980E01995812FD5
:10A9E000DF91CF911F91FF90EF900895DC011496B5
:10A9F0008D919C9115978617970709F43CC0159681
:10AA00007C936E9314976115710579F157968C912B
:10AA10005797FB01811130C03596E4915896EC931D
:10AA20005897645F7F4FFB01649159966C935997D7
:10AA300058968C915897082E000C990B59962C918A
:10AA40005997821B910927FD93955A962C915A97F5
:10AA5000203441F0829FC001112426E0969587950D
:10AA60002A95E1F75B968C935B9788E193EC569679
:10AA70009C938E9355970895813041F43F96E491CD
:10AA80005896EC935897605F7F4FCDCF3D96E491F9
:10AA90005896EC935897625F7F4FC5CF5F926F9245
:10AAA0007F928F929F92AF92BF92CF92DF92EF925E
:10AAB000FF920F931F93CF93DF93EC01562E142F29
:10AAC000622F0E9424C36C0180E0C114D104B1F054
:10AAD0008C819D810E941AC3B82EFB88EC888989DD
:10AAE000580E1E198A89181B0E2D2F2D412F652DEA
:10AAF000CE010E94C2C3811111C08889DF91CF911C
:10AB00001F910F91FF90EF90DF90CF90BF90AF908B
:10AB10009F908F907F906F905F900895CB0CD11C89
:10AB200087E0F80EF694F694F694E10E4E01ECE10F
:10AB30008E0E911C6F2C712C1E15F9F2052D5601ED
:10AB400010C0F50184916A817B810C8F1D8F1F8E4F
:10AB50008E8F94014BE3CE0189DCFFEFAF1ABF0A61
:10AB6000085F8A2D8C198F1560F3C60CD71C1F5FE8
:10AB7000E3CFFF920F931F93CF93DF93D82FF62E3F
:10AB80008A01E0911F16F09120168AE096E119954E
:10AB9000F80EC0E0F8012491222351F04F2D6D2FC3
:10ABA0008AE096E17BDFD80FC80F0F5F1F4FF2CF0F
:10ABB0008C2FDF91CF911F910F91FF9008954F92AD
:10ABC0005F926F927F928F929F92AF92BF92CF923D
:10ABD000DF92EF92FF920F931F93CF93DF93EC01DD
:10ABE000562E142F622E402E220F220F220F0E946B
:10ABF000C2C3882311F1410E5E018CE1A80EB11C85
:10AC0000862C912C762C052D6701F60184916A81A2
:10AC10007B810C8F1D8F1F8E8E8F95014BE3CE0194
:10AC200025DCFFEFCF1ADF0A7A94085F7110EDCFB1
:10AC3000E80CF91C1F5F4112E5CFDF91CF911F9106
:10AC40000F91FF90EF90DF90CF90BF90AF909F90CB
:10AC50008F907F906F905F904F900895EF92FF924A
:10AC60000F931F93CF93DF93CDB7DEB7A7970FB6A0
:10AC7000F894DEBF0FBECDBF8091C00C84FF0E9450
:10AC800035888091C00C84FF58C08091B60C90E04C
:10AC90008F969F938F9388E598E29F938F938E0171
:10ACA000045E1F4F1F930F930E94DCFE8091C00C27
:10ACB0000F900F900F900F900F900F9084FBFF2438
:10ACC000F0F884FF3AC01FA21EA2A801BE016A5D6F
:10ACD0007F4F80E00E941AC9009779F119821C8287
:10ACE0006EA17FA121E0AC01CE0101960E94058DED
:10ACF000E82E882321F0CE0101960E942088CE0103
:10AD000001960E94008DEE20C1F00E948882C80149
:10AD10000E94A8828091B60C8F5F8093B60C8F2D15
:10AD2000A7960FB6F894DEBF0FBECDBFDF91CF91CF
:10AD30001F910F91FF90EF9008951092B60CF12C97
:10AD4000EECFCF93DF93EC018991882319F00E9415
:10AD5000014FFACFDF91CF9108950F931F93CF93B7
:10AD6000DF93C82F8B010E94334FC130A1F0CFE396
:10AD7000D8E283E598E20E94084FCE010E94084F76
:10AD8000B8018BE498E20E943E63DF91CF911F915E
:10AD90000F910C945A57C5E4D8E2EBCF2F923F9213
:10ADA0004F925F926F927F928F929F92AF92BF92DB
:10ADB000CF92DF92EF92FF920F931F93CF93DF9387
:10ADC00000D01F92CDB7DEB780919708843008F08D
:10ADD00022C231E6E32E80919708843008F040C10A
:10ADE0008091AE079091AF07891B8F7709F438C126
:10ADF0000E94385E97FF0BC00E94304F8AE891E3B3
:10AE00000E94084F8091AE078093AF07E4CF8A304D
:10AE100019F08D3009F01BC110929608809134080A
:10AE200090913508FC01E05DF74F1682892B19F4EB
:10AE30000E94F092D0CF109235081092340806E3A9
:10AE400018E0F8018191803209F449C08E3409F08C
:10AE5000B1C065E871E3C8010E9472FE6C01892BE4
:10AE600041F06EE470E0C80104960F945A0A00970E
:10AE700009F4C8014AE050E070E060E001960E94E9
:10AE8000E9FB4B015C018091300890913108A09161
:10AE90003208B0913308AC01BD014F5F5F4F6F4F77
:10AEA0007F4F84169506A606B706D9F0CD28C9F4BB
:10AEB000AC01BD0141505109610971098416950623
:10AEC000A606B70634F088159905AA05BB050CF04F
:10AED00082CF60E082E591E30E94B0CA7CCF8F010F
:10AEE000B0CF6AE270E0C8010F94920A9C0100970B
:10AEF00009F1982F901BF12C992339F09150F8010A
:10AF0000E90FF11D8081F826F7CF4AE050E070E0AC
:10AF100060E0C90101960E94E9FB4F2C512C712C75
:10AF2000612C641575058605970541F060E083E3A3
:10AF300091E3D2CF60E089E091E3CECF80923008F8
:10AF400090923108A0923208B09233088091730732
:10AF50008130D9F467E470E0C8010F945A0A009771
:10AF6000A1F04AE050E070E060E001960E94E9FB49
:10AF7000643071058105910540F484E690E30E94F8
:10AF8000084F8AE590E30E9426C6F80180818D343F
:10AF900081F58381823309F44CC0883301F1803319
:10AFA00041F58181843329F58281813311F50E9435
:10AFB0009DAA1FC08091C00C80FFC8CF65E071E3DF
:10AFC000C8010E9472FE009731F0FC01838180531A
:10AFD0008A3008F0BBCF60E08BED90E37DCF8281BB
:10AFE000803339F48181813321F41092FB06109271
:10AFF000FA06809136088B3309F4EDCE80919708DC
:10B00000843008F0E8CE809199088E9DC00111240B
:10B0100066E378E08656974F0F94650AE0919908A9
:10B02000EE9EF0011124E650F74F10820E944BC2B1
:10B03000D2CE82818133E9F681818133D1F641E03C
:10B0400070E060E08CE490E30E94A15DD2CF24E345
:10B0500038E046E358E066E978E00E94073CBBCE62
:10B060000E940F46882309F4D6C08091C00C83FD4E
:10B07000D2C01A82198281E6F82E94E0E92E29E6E0
:10B08000D22ECC24C39480919708843008F0C3C09A
:10B090000E943F3C8111BFC01B8241E050E0BE01D5
:10B0A0006D5F7F4F81EC9CE00E9453860B8110E026
:10B0B000019711F00FEF1FEF8091C90C9091CA0C0E
:10B0C000A091CB0CB091CC0C8093BC0C9093BD0C98
:10B0D000A093BE0CB093BF0C0E943F3C0F3F1007E3
:10B0E00049F4811107C00E94304F82EA91E30E9427
:10B0F000084FC9CF40919908242F30E00A3061F001
:10B100000D3051F0882309F478C089819A81009725
:10B1100019F001969A8389831092581689819A8131
:10B12000F29EF001F39EF00D1124E956F74FDF0176
:10B13000A80FB91F13961C92892BB1F50E94F092AB
:10B140000E943F3C882309F49ECF81EC9CE00E9442
:10B1500020888091B70C882309F445C081508093E2
:10B16000B70C8D9DC001112462E08050994F0E9460
:10B170004FBAE091B70C04E0E09FF0011124E450D5
:10B18000F94F40815181628173814093BC0C50938F
:10B19000BD0C6093BE0C7093BF0C81EC9CE00E94D0
:10B1A000C0850E949F826FCF1A82198283818D345D
:10B1B00079F48481823361F48581853349F4868111
:10B1C00080538A3028F08091C00C8B7F8093C00C14
:10B1D000F29EF001F39EF00D1124E650F74FC0826D
:10B1E0000E944BC2ADCF0E9428888091C00C88601D
:10B1F0008093C00CE092730746CF4F9DA0011124AD
:10B200004656574F9E012F5F3F4F68E576E1802FEE
:10B210000E94073C38CF73D86B017C0180916B078B
:10B2200090916C07A0916D07B0916E070097A105F2
:10B23000B10569F140916F075091700760917107F6
:10B240007091720797018601041B150B260B370BB3
:10B25000B901A801481759076A077B07C0F00E9487
:10B26000304F0091690710916A078FEF91E30E94B8
:10B27000084FB80184ED91E30E943E630E945A5743
:10B2800040E070E060E090E080E00E94A15D90917D
:10B29000850E8091860E981741F0C0926F07D0926C
:10B2A0007007E0927107F0927207809034029090DC
:10B2B0003502A0903602B090370281149104A104A7
:10B2C000B10429F0981709F4CDC010925F1680914F
:10B2D0005D1690915E169099E9C0019690935E1666
:10B2E00080935D1680915D1690915E168A3F910560
:10B2F0009CF00E94304F81EC91E30E94084F81EB5B
:10B3000091E30E94084F0E945A5740E070E060E0CD
:10B3100090E080E00E94A15D8091591690915A16AC
:10B32000A0915B16B0915C168C199D09AE09BF09FE
:10B33000181619061A061B060CF453C19091850EB7
:10B340008091860E981709F4B7C0E091860E12E737
:10B35000E19FF0011124EA50F14F808120913302E6
:10B36000281751F0809333020E947FD160913302FD
:10B3700070E089E00E94FCCF8091F906882309F4EF
:10B3800023C1A090F106B090F206C501029720916A
:10B39000610E3091620E281739070CF415C1909098
:10B3A000860E612C712C812C1C828091850E891552
:10B3B00009F48DC0892D90E022E7289FF001299F94
:10B3C000F00D1124E956F14F458D568D678D70A112
:10B3D000452B462B472B81F441A152A163A174A1B7
:10B3E000452B462B472B41F445A156A167A170A5DB
:10B3F000452B462B472B89F132E7389F8001399F37
:10B40000100D11240956114FF80161A572A583A5ED
:10B4100094A50E9447FF1B012C01F80165A576A5A4
:10B4200087A590A90E9447FF9B01AC01C201B10111
:10B430000F940107F80121813281438154810E94D8
:10B44000A8FF2B018C019301482D5C810F944C08BF
:10B4500018161CF43201802E1C83892D0E94D427DB
:10B46000982EA3CF0E947FD100916F071091700793
:10B470002091710730917207601B710B820B930B47
:10B48000681579058A059B0508F41FCF80915F1622
:10B4900081111DCF81E080935F1680E00E94AB9602
:10B4A00081E00E94AB960E949C9611CF1816190657
:10B4B0000CF018CF019712CF8091AA07811104C018
:10B4C0008091A9070E94AE3E8091960747CFB301B5
:10B4D000882D9C810F946907072E000C880B990B0F
:10B4E0000E9449FF2091F5063091F6064091F7063B
:10B4F0005091F8060E94A8FF2B013C01B501BB0C3E
:10B50000880B990B0E9449FF9B01AC01C301B2015A
:10B510000F9425063B014C016091F3067091F406EF
:10B52000072E000C880B990B0E9449FF5B018C01D0
:10B530009B01AC01B301C4010F944C08181614F020
:10B540005301840140905416509055166090561641
:10B55000709057169501A801C301B2010F944C08D1
:10B560001816D4F420E037ED43EA5CE3B501C801D6
:10B570000E94A8FF4B015C0128E431EE4AE75FE33B
:10B58000C301B2010E94A8FF9B01AC01C501B40137
:10B590000F9425065B018C01C501D80180935416D8
:10B5A00090935516A0935616B0935716B501C8013F
:10B5B0000F9469076430F1E07F0714F064E071E0F4
:10B5C0007093620E6093610E04E6C00ED11CE11C04
:10B5D000F11CC0925916D0925A16E0925B16F09266
:10B5E0005C160E94F09280917307882309F497C03B
:10B5F0008091090180958170109132021817F9F03D
:10B60000012F1F3F09F400E080933202882309F4E0
:10B61000CEC064EF71E080E090E00E94D93E0E94CD
:10B6200035888091C00C84FD91C0101390C0002318
:10B6300031F017FF04C081E08093B60C0FDB0E944D
:10B640007FD16B017C01809130028823E9F08091E9
:10B65000E7068823C9F04091501650915116609129
:10B660005216709153164C195D096E097F09141614
:10B67000150616061706DCF0833009F493C00CF0AB
:10B6800082C081300CF087C02091300230E0A8EEFB
:10B69000B3E00F94BB05C60ED71EE81EF91EC0927C
:10B6A0005016D0925116E0925216F09253160E9404
:10B6B000DEB20E94B22A8091F006882381F10E94B6
:10B6C0007FD16B017C018091EC069091ED06A091F9
:10B6D000EE06B091EF068C199D09AE09BF09181648
:10B6E00019061A061B06DCF02091F00630E0A8EEE1
:10B6F000B3E00F94BB05C60ED71EE81EF91EC0921C
:10B70000EC06D092ED06E092EE06F092EF06809104
:10B71000FB06811104C00E94CDBD0E945A570F90B4
:10B720000F900F900F90DF91CF911F910F91FF908D
:10B73000EF90DF90CF90BF90AF909F908F907F90D1
:10B740006F905F904F903F902F90089501E017FD0C
:10B7500006C0101794F58BE390E30E9426C60E9462
:10B760004A2883E0809331020E947FD16C597F4F39
:10B770008F4F9F4F6093E8067093E9068093EA0627
:10B780009093EB0654CF843009F07ECF0E94334F64
:10B790008AEE9FE204C00E94334F89E190E30E9449
:10B7A000084F72CF0E94334F82E090E3F8CF11230D
:10B7B00009F445CF00E017FDD2CF8BE290E30E9461
:10B7C00026C60E94E723CBCF2F923F924F925F92E3
:10B7D0006F927F928F929F92AF92BF92CF92DF92A1
:10B7E000EF92FF920F931F93CF93DF93CDB7DEB706
:10B7F000C558D1090FB6F894DEBF0FBECDBF8C017E
:10B80000A2964FAFA2976E965FAF6E971B01A79659
:10B810003FAF2EAFA79720914D0C30914E0C409129
:10B820004F0C5091500CDC016D917D918D919C914C
:10B830000E94A8FF0F945808ED966CAF7DAF8EAFB5
:10B840009FAFED972091510C3091520C4091530CC9
:10B850005091540CF80164817581868197810E9412
:10B86000A8FF0F945808C358DF4F688379838A83F1
:10B870009B83CD57D0402091550C3091560C409170
:10B88000570C5091580CD80118966D917D918D915F
:10B890009C911B970E94A8FF0F945808CF57DF4F29
:10B8A000688379838A839B83C158D0402091590C47
:10B8B00030915A0C40915B0C50915C0CF8016485FE
:10B8C0007585868597850E94A8FF0F945808AB96CA
:10B8D0006CAF7DAF8EAF9FAFAB978091AD0783FF0D
:10B8E0000EC0AB960CAD1DAD2EAD3FADAB9700932A
:10B8F000930E1093940E2093950E3093960E909184
:10B90000860E8091850E891728F0891B8F3021F4CF
:10B9100045DAF5CF805FF9CF8091850E0E94D4275C
:10B92000CB57DF4F8883C558D0400091850E80915A
:10B93000AB079091AC07892B11F00C9482EC8091AD
:10B94000870E9091880EA091890EB0918A0EED9687
:10B950002CAD3DAD4EAD5FADED97281B390B4A0BBD
:10B960005B0B2BAB3CAB4DAB5EAB80918B0E9091E8
:10B970008C0EA0918D0EB0918E0EC358DF4F288192
:10B9800039814A815B81CD57D040281B390B4A0B46
:10B990005B0B2FAB38AF49AF5AAF80918F0E9091B0
:10B9A000900EA091910EB091920ECF57DF4F48802C
:10B9B00059806A807B80C158D040481A590A6A0A67
:10B9C0007B0A8091930E9091940EA091950EB09168
:10B9D000960EAB96CCACDDACEEACFFACAB97C81A18
:10B9E000D90AEA0AFB0A09F461C00E94009A882376
:10B9F000B9F0AB968CAD9DADAEADBFADAB978093BE
:10BA0000930E9093940EA093950EB093960E0E9471
:10BA1000334F81EB92E30E94084FC12CD12C760169
:10BA2000C701B6010E9449FF20913C0230913D02BE
:10BA300040913E0250913F020E94A8FF4B015C01E1
:10BA400020E030E0A9010F944C0887FF04C0B7FA4A
:10BA5000B094B7F8B09420E030E048E453E460914B
:10BA6000590C70915A0C80915B0C90915C0C0E9467
:10BA7000A8FFA50194010E9443FF87FF17C0AB9662
:10BA80002CAD3DAD4EAD5FADAB972093930E309393
:10BA9000940E4093950E5093960E0E94334F82E978
:10BAA00092E30E94084FC12CD12C760110E081E076
:10BAB0002BA93CA94DA95EA912161306140615065A
:10BAC0000CF080E080FB10F981E02FA938AD49AD82
:10BAD0005AAD12161306140615060CF080E080FB12
:10BAE00011F981E014141504160417040CF080E019
:10BAF00080FB12F981E01C141D041E041F040CF0CD
:10BB000080E080FB13F9C701B6010E9449FF209134
:10BB10003C0230913D0240913E0250913F020E9412
:10BB2000A8FF6B017C0120E030E0A9010F944C08D4
:10BB300087FF16C4C701B6019058402F50E02D96DC
:10BB40005FAF4EAF2D9752E7059F90011124D901A9
:10BB5000A956B14FBCAFABAF0F946E076D966CAFEB
:10BB60007DAF8EAF9FAF6D97EBADFCAD1082E35B09
:10BB7000FF4F10838091AA07813009F4F4C382300B
:10BB800009F4FFC3811107C08091A907EBADFCAD9B
:10BB9000E25AFF4F808323964CAE5DAE6EAE7FAE11
:10BBA000239777FE0DC022273327A90124193509D1
:10BBB0004609570923962CAF3DAF4EAF5FAF239791
:10BBC0008FA898ACA9ACBAACB7FE08C0B094A0944A
:10BBD00090948094811C911CA11CB11C8BA99CA9E0
:10BBE000ADA9BEA965968CAF9DAFAEAFBFAF65974F
:10BBF000B7FF0DC0B095A095909581959F4FAF4F21
:10BC0000BF4F65968CAF9DAFAEAFBFAF65976596E2
:10BC10000CAD1DAD2EAD3FAD6597ABADBCAD5D962A
:10BC20000D931D932D933C939097FD0181A292A2B9
:10BC3000A3A2B4A223960CAD1DAD2EAD3FAD2397AC
:10BC400095960D931D932D933C9398976BA97CA982
:10BC50008DA99EA90E9449FF2091970730919807CE
:10BC60004091990750919A070E94A8FF61966CAF86
:10BC70007DAF8EAF9FAF61976FA978AD89AD9AAD5B
:10BC80000E9449FF20919B0730919C0740919D079E
:10BC900050919E070E94A8FF69966CAF7DAF8EAF52
:10BCA0009FAF6997C301B2010E9449FF20919F078E
:10BCB0003091A0074091A1075091A2070E94A8FFD0
:10BCC00027966CAF7DAF8EAF9FAF279761960CAD77
:10BCD0001DAD2EAD3FAD619709A31AA32BA33CA3C5
:10BCE00069962CAD3DAD4EAD5FAD69972DA33EA3DA
:10BCF0004FA358A7DC01CB0189A79AA7ABA7BCA784
:10BD00002091A3073091A4074091A5075091A60761
:10BD1000C701B6010E94A8FF2B966CAF7DAF8EAF16
:10BD20009FAF2B976DA77EA78FA798AB65960CAD9D
:10BD30001DAD2EAD3FAD65970630110521053105CE
:10BD40000CF064C316E081169104A104B1040CF058
:10BD50005DC323962CAD3DAD4EAD5FAD2397263030
:10BD60003105410551050CF051C320E030E0A90137
:10BD70000F944C0887FF43C32B968CAD9DADAEADA1
:10BD8000BFAD2B97B05822E72D960EAD1FAD2D9766
:10BD9000209FF001219FF00D1124E956F14F818B76
:10BDA000928BA38BB48B82E72D960EAD1FAD2D9792
:10BDB000809FF001819FF00D1124E956F14F6D969F
:10BDC0002CAD3DAD4EAD5FAD6D9721A732A743A71A
:10BDD00054A7458D568D678D70A101A112A123A195
:10BDE00034A185A196A1A7A1B0A580179107A207AC
:10BDF000B30710F4D901C80184179507A607B70740
:10BE000010F4DB01CA016D960CAD1DAD2EAD3FAD3A
:10BE10006D9780179107A207B30710F4D901C801E5
:10BE200022E72D960EAD1FAD2D97209FF001219F8B
:10BE3000F00D1124E956F14F85A796A7A7A7B0AB3F
:10BE40000697A105B10510F40C9465ECE15AFF4F7B
:10BE5000809196078083452B462B472B19F080E075
:10BE60000E94DE9682E72D960EAD1FAD2D97809F26
:10BE7000F001819FF00D1124E956F14F81A192A1AB
:10BE8000A3A1B4A1892B8A2B8B2B19F081E00E94EE
:10BE9000DE9682E72D960EAD1FAD2D97809FF001A7
:10BEA000819FF00D1124E956F14F85A196A1A7A11C
:10BEB000B0A5892B8A2B8B2B19F082E00E94DE968D
:10BEC0006D962CAD3DAD4EAD5FAD6D97232B242B04
:10BED000252B11F40C9484EC0E94A496E090790C2C
:10BEE000F0907A0C00917B0C10917C0C9701A801CA
:10BEF000A2966FADA2976E967FAD6E97C1010E941C
:10BF000043FF87FD07C0A296EFACA2976E96FFACE9
:10BF10006E97810182E72D964EAD5FAD2D97849F80
:10BF2000F001859FF00D1124E956F14F21893289E6
:10BF30004389548960E070E080E89FE30F94010733
:10BF40002B013C019701A8010E94A8FF6B017C0115
:10BF50009091840E8091850E891708F4F0C2891B98
:10BF6000A2968FAFA297A701960160E074E284E7E2
:10BF700099E40F9401070F9458084B015C01A296B5
:10BF80008FADA29782508630B0F56091490C7091C8
:10BF90004A0C80914B0C90914C0C681979098A09D4
:10BFA0009B0916161706180619062CF5660F771F3B
:10BFB000881F991FA2960FADA297202F30E050E066
:10BFC00040E00F948F05CA01B9010E9449FF0F9408
:10BFD0006907860E971EA81EB91EC501B4010E94EE
:10BFE00049FF9B01AC0160E074E284E799E40F949F
:10BFF00001076B017C010E94D49D409192075091F2
:10C0000093076091940770919507480D591D6A1D1B
:10C010007B1D40939207509393076093940770930E
:10C02000950792E72D960EAD1FAD2D97909FF001CD
:10C03000919FF00D1124E950F14F80829182A282EC
:10C04000B38281110E94E19D82E72D962EAD3FAD16
:10C050002D97829F8001839F100D11240956114F47
:10C06000D80151962D913D914D915C915497C70106
:10C07000B6010E94A8FFAF966CAF7DAF8EAF9FAFA9
:10C08000AF97F801618372838383948325A536A5D6
:10C0900047A550A923962CAF3DAF4EAF5FAF239776
:10C0A000CA01B9010E9447FF65966CAF7DAF8EAFA4
:10C0B0009FAF65979B01AC01C701B6010E94A8FF25
:10C0C0000F94EB060F946E07E3966CAF7DAF8EAFC7
:10C0D0009FAFE397F801E25BFF4F60837183828338
:10C0E00093838E010F5D1F4F6F961FAF0EAF6F973B
:10C0F0000DE51CE0E9961FAF0EAFE9978E01035DD9
:10C100001F4F1AAB09AB212C312C10E81BAB0FE3EE
:10C110000FAB6F96AEADBFAD6F972D913D914D9129
:10C120005D916F96BFAFAEAF6F97C701B6010E942A
:10C13000A8FF4B015C0120E030E0A9010F944C08FE
:10C1400087FF04C0B7FAB094B7F8B094E996AEADE3
:10C15000BFADE9970D911D912D913D91E996BFAF2E
:10C16000AEAFE997E7960CAF1DAF2EAF3FAFE797A5
:10C17000A5019401E7966CAD7DAD8EAD9FADE797BF
:10C180000E9443FF87FF16C0A5019401E7966CAD9E
:10C190007DAD8EAD9FADE7970F9401075B018C01DC
:10C1A00091014BA95FA90E9443FF87FF03C01501BE
:10C1B0000BAB1FAB09A91AA96F962EAD3FAD6F97B8
:10C1C0000217130709F0A5CFA70196012B966CADB6
:10C1D0007DAD8EAD9FAD2B970E94A8FF6B017C01BA
:10C1E00020E030E0A9010F944C0887FF04C0F7FA63
:10C1F000F094F7F8F0948090690C90906A0CA090FD
:10C200006B0CB0906C0CA7019601C501B4010E94A3
:10C2100043FF87FF12C0A7019601C501B4010F9427
:10C2200001077B018C0191014BA95FA90E9443FF8B
:10C2300087FF03C017010BAB1FAB20E030E040E8E5
:10C240005FE3B1018BA99FA90E9443FF87FF35C01F
:10C2500082E72D964EAD5FAD2D97849F8001859F1F
:10C26000100D11240956114F78015EE4E50EF11C02
:10C27000E3966CAD7DAD8EAD9FADE3970E9447FF19
:10C2800091014BA95FA90E94A8FF0F946E07D701E7
:10C290006D937D938D939C93139791014BA95FA907
:10C2A000AF966CAD7DAD8EAD9FADAF970E94A8FFF0
:10C2B000F801618372838383948365962CAD3DADD1
:10C2C0004EAD5FAD6597C301B2010E94A8FF6BAB95
:10C2D0007CAB8DAB9EAB82E72D960EAD1FAD2D973F
:10C2E000809FF001819FF00D1124E956F14F2BA999
:10C2F0003CA94DA95EA9258B368B478B508F858C29
:10C30000968CA78CB0A081149104A104B10409F00B
:10C3100018C181A192A1A3A1B4A1892B8A2B8B2B37
:10C3200009F00FC185A196A1A7A1B0A5892B8A2BE1
:10C330008B2B09F006C12091710C3091720C409149
:10C34000730C5091740C6BA97CA98DA99EA90E94B5
:10C35000A8FF0F94EB060F946E076B017C01E3C1FD
:10C36000C701B601EACB8091A807EBADFCADEB5954
:10C37000FF4F80838091A707EBADFCADEC59FF4FD9
:10C3800009CC8090380290903902A0903A02B09087
:10C390003B02A50194016091760770917707809127
:10C3A0007807909179070E9443FF882309F4F3CB23
:10C3B0008092760790927707A0927807B0927907DB
:10C3C00020E03FEF4FE757E4C501B4010F944C085C
:10C3D0007FEF181624F0C501B4010F946E07709317
:10C3E000A80782E72D960EAD1FAD2D97809FF00117
:10C3F000819FF00D1124E450F14F7083CCCB2B962C
:10C400008CAD9DADAEADBFAD2B97BDCCA796AEADFF
:10C41000BFADA797CD90DD90ED90FC9020E030E08F
:10C42000A901C701B6010E9443FF882389F082E772
:10C430002D960EAD1FAD2D97809FF001819FF00DC1
:10C440001124E956F14FC18AD28AE38AF48AABCC2F
:10C4500020E030E0A90161966CAD7DAD8EAD9FAD61
:10C4600061970E9443FF811132C020E030E0A901B2
:10C4700069966CAD7DAD8EAD9FAD69970E9443FF0F
:10C48000811125C020E030E0A90127966CAD7DAD7B
:10C490008EAD9FAD27970F944C0887FF49C0279614
:10C4A0006CAD7DAD8EAD9FAD2797905822E72D9650
:10C4B0000EAD1FAD2D97209FF001219FF00D11248F
:10C4C000E956F14F618B728B838B948B6CCC6196A8
:10C4D0002CAD3DAD4EAD5FAD6197CA01B9010E9473
:10C4E000A8FF6B017C0169962CAD3DAD4EAD5FADF3
:10C4F0006997CA01B9010E94A8FF9B01AC01C7015D
:10C50000B6010F9425066B017C0127962CAD3DAD3D
:10C510004EAD5FAD2797CA01B9010E94A8FF9B01EC
:10C52000AC01C701B6010F9425060F94DF08BECFFA
:10C5300027966CAD7DAD8EAD9FAD2797B7CF805F51
:10C540000ECD6D968CAD9DADAEADBFAD6D97892B0B
:10C550008A2B8B2B09F401C620916D0C30916E0C47
:10C5600040916F0C5091700C6BA97CA98DA99EA96C
:10C570000E94A8FF0F94EB060F946E076B017C01DD
:10C5800080918E0790918F07A0919007B0919107AD
:10C59000EBADFCAD01A112A123A134A10FAB18AFEB
:10C5A00029AF3AAF05A116A127A130A5A1960CAFDE
:10C5B0001DAF2EAF3FAFA19701A512A523A534A5AE
:10C5C0000BAF1CAF2DAF3EAF23960CAD1DAD2EAD06
:10C5D0003FAD239780179107A207B30708F4C6C59C
:10C5E00081149104A104B104E1F060917E0770917F
:10C5F0007F0780918007909181076C157D058E05DE
:10C600009F0578F4A90198010F945E05A501940196
:10C610000F946D052C153D054E055F0510F469015D
:10C620007A012FA938AD49AD5AAD232B242B252BE8
:10C6300011F1609182077091830780918407909136
:10C6400085076C157D058E059F05A8F423962CADF6
:10C650003DAD4EAD5FAD23970F945E052FA938AD6C
:10C6600049AD5AAD0F946D052C153D054E055F057E
:10C6700010F469017A01A1968CAD9DADAEADBFAD50
:10C68000A197892B8A2B8B2B21F1609186077091C2
:10C69000870780918807909189076C157D058E0525
:10C6A0009F05B8F423962CAD3DAD4EAD5FAD2397FD
:10C6B0000F945E05A1962CAD3DAD4EAD5FADA1973B
:10C6C0000F946D052C153D054E055F0510F46901AD
:10C6D0007A010BAD1CAD2DAD3EAD012B022B032B12
:10C6E00011F160918A0770918B0780918C0790916E
:10C6F0008D076C157D058E059F05A8F423962CAD3E
:10C700003DAD4EAD5FAD23970F945E052BAD3CADB7
:10C710004DAD5EAD0F946D052C153D054E055F05C5
:10C7200010F469017A0182E72D962EAD3FAD2D9769
:10C73000829F8001839F100D11240956114FF8012B
:10C74000E65AFF4FC082D182E282F382C701B6016E
:10C750000E9447FF2BA93CA94DA95EA90F94010790
:10C76000D80159966D937D938D939C935C9720E0AF
:10C7700030E040E05FE30E94A8FF2BA93CA94DA94F
:10C780005EA90F9401076B017C01F8016181728140
:10C79000838194819B01AC010E94A8FF6BAF7BABAE
:10C7A0008FAB9FAF9B01AC01B601C7010F944C0842
:10C7B000181624F0CBAEDBAAEFAAFFAE61960CAD43
:10C7C0001DAD2EAD3FAD6197098B1A8B2B8B3C8B2A
:10C7D00069962CAD3DAD4EAD5FAD69972D8B3E8B0F
:10C7E0004F8B588F27968CAD9DADAEADBFAD2797C3
:10C7F000898F9A8FAB8FBC8F2B960CAD1DAD2EAD54
:10C800003FAD2B970D8F1E8F2F8F38A36D962CADBC
:10C810003DAD4EAD5FAD6D97232B242B252B09F439
:10C82000B1C58E010F5E1F4F5E0131E2A30EB11C38
:10C83000C12CD12C7601D8014D905D906D907D90EA
:10C840008D0120E030E0A901C301B2010E9443FF45
:10C85000882371F0A3019201C301B2010E94A8FFD5
:10C860009B01AC01C701B6010F9425066B017C0149
:10C87000A016B10601F7C701B6010F94DF089B01AE
:10C88000AC0160E070E080E89FE30F9401076B016A
:10C890007C01AC019B0161966CAD7DAD8EAD9FAD11
:10C8A00061970E94A8FF698B7A8B8B8B9C8BA70169
:10C8B000960169966CAD7DAD8EAD9FAD69970E9476
:10C8C000A8FF6D8B7E8B8F8B988FA7019601279683
:10C8D0006CAD7DAD8EAD9FAD27970E94A8FF698F8F
:10C8E0007A8F8B8F9C8FA70196012B966CAD7DADB7
:10C8F0008EAD9FAD2B970E94A8FF6D8F7E8F8F8F7F
:10C9000098A3A2960FADA297002309F484C62091A4
:10C91000B6163091B7164091B8165091B916619677
:10C920002CAF3DAF4EAF5FAF61972DEB37E346E8DD
:10C9300055E361966CAD7DAD8EAD9FAD61970E9464
:10C9400043FF87FD68C68090601690906116A090A6
:10C950006216B0906316C988DA88EB88FC888091EB
:10C96000641690916516A0916616B09167162B9685
:10C970008CAF9DAFAEAFBFAF2B970D891E892F89AE
:10C98000388D69960CAF1DAF2EAF3FAF69972091E0
:10C9900068163091691640916A1650916B166D9623
:10C9A0002CAF3DAF4EAF5FAF6D97898D9A8DAB8D3C
:10C9B000BC8D65968CAF9DAFAEAFBFAF6597009154
:10C9C0006C1610916D1620916E1630916F16A5960B
:10C9D0000CAF1DAF2EAF3FAFA5972D8D3E8D4F8D68
:10C9E00058A1A1962CAF3DAF4EAF5FAFA197C50147
:10C9F000B4019058A70196010E94A8FF2B013C01A9
:10CA00002B966CAD7DAD8EAD9FAD2B9790586996F2
:10CA10002CAD3DAD4EAD5FAD69970E94A8FF9B0167
:10CA2000AC01C301B2010F9425062B013C016D96A8
:10CA30006CAD7DAD8EAD9FAD6D97905865962CAD6C
:10CA40003DAD4EAD5FAD65970E94A8FF9B01AC0167
:10CA5000C301B2010F9425062B013C01A5966CADD4
:10CA60007DAD8EAD9FADA5979058A1962CAD3DADF7
:10CA70004EAD5FADA1970E94A8FF9B01AC01C30121
:10CA8000B2010F94250627966CAF7DAF8EAF9FAF96
:10CA900027972FEE3FEF4FE75FE30F944C081816F0
:10CAA0000CF4B4C5A5019401C701B6010F94240686
:10CAB0002B013C0149825A826B827C822B962CADE1
:10CAC0003DAD4EAD5FAD2B9769966CAD7DAD8EAD36
:10CAD0009FAD69970F94240669966CAF7DAF8EAFBA
:10CAE0009FAF69976D837E838F8398876D962CADFA
:10CAF0003DAD4EAD5FAD6D9765966CAD7DAD8EADC8
:10CB00009FAD65970F9424066D966CAF7DAF8EAF89
:10CB10009FAF6D9769877A878B879C87A5962CAD89
:10CB20003DAD4EAD5FADA597A1966CAD7DAD8EAD23
:10CB30009FADA1970F94240665966CAF7DAF8EAF25
:10CB40009FAF65976D877E878F87988B8E010F5F6C
:10CB50001F4F29961FAF0EAF2997005F1F4F2996D1
:10CB60002EAC3FAC2997C12CD12C7601D1018D90F0
:10CB70009D90AD90BD901D0120E030E0A901C50160
:10CB8000B4010E9443FF882371F0A5019401C501FF
:10CB9000B4010E94A8FF9B01AC01C701B6010F942C
:10CBA00025066B017C010215130501F7C701B601CB
:10CBB0000F94DF089B01AC0160E070E080E89FE328
:10CBC0000F9401076B017C01AC019B01C301B20111
:10CBD0000E94A8FF69837A838B839C83A7019601B7
:10CBE00069966CAD7DAD8EAD9FAD69970E94A8FF33
:10CBF0006D837E838F839887A70196016D966CADB8
:10CC00007DAD8EAD9FAD6D970E94A8FF69877A8735
:10CC10008B879C87A701960165966CAD7DAD8EAD27
:10CC20009FAD65970E94A8FF6D877E878F87988B41
:10CC300082E72D960EAD1FAD2D97809FF001819F4D
:10CC4000F00D1124E956F14F418C528C638C748C99
:10CC500009E31CE02996AEADBFAD2997CD90DD90DC
:10CC6000ED90FD902996BFAFAEAF299720E030E060
:10CC7000A901C701B6010E9443FF882309F440C0FF
:10CC800020E030E0A901C701B6010F944C0887FFEE
:10CC900004C0F7FAF094F7F8F094C701B6010F94C6
:10CCA0006E076B017C01F80180809180A280B380C7
:10CCB0000E9447FFA30192010E94A8FF69966CAFF2
:10CCC0007DAF8EAF9FAF6997C501B4010E9447FF4A
:10CCD0009B01AC0169966CAD7DAD8EAD9FAD699742
:10CCE0000F944C08181664F4C501B401A70196010D
:10CCF0000F946D05CA01B9010E9447FF2B013C0149
:10CD00000C5F1F4F29962EAD3FAD29972216330693
:10CD100009F0A0CFA796AEADBFADA7971496CD9062
:10CD2000DD90ED90FC90179720E030E0A901C7015D
:10CD3000B6010E9443FF882309F451C3A301920165
:10CD4000C701B6010E94A8FF1B018C0161962CADA2
:10CD50003DAD4EAD5FAD6197CA01B9010E94A8FF1C
:10CD60006B017C0182E72D96AEADBFAD2D978A9FFA
:10CD7000F0018B9FF00D1124E956F14F6181728112
:10CD8000838194819B01AC010E94A8FF4B015C014F
:10CD90009B01AC01B601C7010F944C08181614F49E
:10CDA000640175019101A801B601C7010F944C08F7
:10CDB000181614F46101780180E1FE017196A0E675
:10CDC000B6E101900D928A95E1F72BAD3BA94FA9F1
:10CDD0005FADB601C7010E9443FF87FF04C0CBAC23
:10CDE000DBA8EFA8FFAC82E72D960EAD1FAD2D9707
:10CDF000809FF001819FF00D1124E956F14FC6018B
:10CE0000D70185879687A787B08B8BAD9BA9AFA9E4
:10CE1000BFAD85839683A783B08781879287A387D9
:10CE2000B487DF01AE5ABF4F1D921D921D921C9216
:10CE3000139780818160808381819281A381B481F5
:10CE40008093B6169093B716A093B816B093B91600
:10CE5000ED962CAD3DAD4EAD5FADED972093870EB9
:10CE60003093880E4093890E50938A0EC358DF4F3B
:10CE700088819981AA81BB81CD57D04080938B0E48
:10CE800090938C0EA0938D0EB0938E0ECF57DF4FE4
:10CE9000088119812A813B81C158D04000938F0EAF
:10CEA0001093900E2093910E3093920EAB962CAD72
:10CEB0003DAD4EAD5FADAB972093930E3093940E86
:10CEC0004093950E5093960E9091850E8091860E0C
:10CED000981303C084E68093830ECB57DF4F0881FD
:10CEE000C558D0400093850EA796AEADBFADA797AD
:10CEF0001896FC90189719960C9119971A961C91F0
:10CF00001A971B96EC902BAD3BA94FA95FAD6F2DE7
:10CF1000702F812F9E2D0F944C08181624F4FBAE11
:10CF20000BAB1FABEFAE1091850E112309F478C344
:10CF30001150D090840EF12CE12C02E71D1509F45C
:10CF4000BEC0612E712C069DF001079DF00D1124CD
:10CF5000E956F14F808182FD84C3808183FD81C3C6
:10CF6000E114F10421F0F701808180FFA8C0069D43
:10CF7000F001079DF00D1124E956F14F2580368010
:10CF80004780508425852C962FAF2C973685249684
:10CF90003FAF24978784408928964FAF2897482D24
:10CFA00028965FAD2897C201B1010E9443FF8823F4
:10CFB00009F485C0E114F10409F434C3D7011596CE
:10CFC000CC9015971696BC9016971796AC9017971D
:10CFD0001896FC90069DC001079D900D1124FC0140
:10CFE000E956F14F2F96FFAFEEAF2F97618D728DFF
:10CFF000838D948D90589B01AC010F9425062F963C
:10D00000AEADBFAD2F9751962D913D914D915C9155
:10D0100054970E94A8FF9B01AC016C2D7B2D8A2D9B
:10D020009F2D0F942406962EA72EB82EC92E262F9C
:10D03000372F482F592F2C966FAD2C9724967FAD04
:10D040002497882D28969FAD28970E9443FF87FD3F
:10D05000EEC2292D3A2D4B2D5C2DC201B1010E944B
:10D0600043FF882361F1069DF001079DF00D112417
:10D07000E956F14F8081816080832091740730915F
:10D08000750780917407909175078217930709F0CF
:10D09000D9C2109FC0011124FC01E956F14F7F0154
:10D0A000069DC001079D900D1124E217F30709F0BA
:10D0B000CBC2FC01E956F14F80818E7F8083C09006
:10D0C000860EB091850EA696BFAFA697B12C2C9672
:10D0D0001FAE2C9724961FAE249728961FAE289734
:10D0E000F12CE12CA696EFADA697EC1509F4CDC373
:10D0F0008C2C912CF2E7CF9EC00111248C01095693
:10D10000114F1801D8018C9182FD22C08C9183FDB2
:10D110001FC08C9180FF1BC0E114F10409F0B2C262
:10D1200019966D917D918D919C911C97F801658365
:10D130007683878390870F94DF08B62E2C967FAF77
:10D140002C9724968FAF249728969FAF289771012C
:10D150008C2D0E94D427C82EC5CF2091750C3091FC
:10D16000760C4091770C5091780CFEC98114910493
:10D17000A104B10409F43FC060917E0770917F075C
:10D1800080918007909181076C157D058E059F0524
:10D1900090F50E9447FF65962CAD3DAD4EAD5FAD5D
:10D1A00065970E94A8FF23966CAF7DAF8EAF9FAFAF
:10D1B0002397C501B4010E9447FF9B01AC01239650
:10D1C0006CAD7DAD8EAD9FAD23970F9401074B01E4
:10D1D0005C01C701B6010E9447FF9B01AC01C5017C
:10D1E000B4010E9443FF87FF06C0C501B4010F943C
:10D1F0006E076B017C012FA938AD49AD5AAD232BC9
:10D20000242B252BC9F160918207709183078091AF
:10D210008407909185076C157D058E059F0560F547
:10D220000E9447FF65962CAD3DAD4EAD5FAD659755
:10D230000E94A8FF4B015C016FA978AD89AD9AAD42
:10D240000E9447FF9B01AC01C501B4010F94010787
:10D250004B015C01C701B6010E9447FF9B01AC0175
:10D26000C501B4010E9443FF87FF06C0C501B40198
:10D270000F946E076B017C01A1968CAD9DADAEAD98
:10D28000BFADA197892B8A2B8B2BD9F16091860793
:10D290007091870780918807909189076C157D05AB
:10D2A0008E059F0570F50E9447FF65962CAD3DAD3C
:10D2B0004EAD5FAD65970E94A8FF4B015C01A19642
:10D2C0006CAD7DAD8EAD9FADA1970E9447FF9B01D8
:10D2D000AC01C501B4010F9401074B015C01C7010A
:10D2E000B6010E9447FF9B01AC01C501B4010E9439
:10D2F00043FF87FF06C0C501B4010F946E076B01A1
:10D300007C010BAD1CAD2DAD3EAD012B022B032BD3
:10D3100009F409CA60918A0770918B0780918C0784
:10D3200090918D076C157D058E059F0508F0FBC952
:10D330000E9447FF65962CAD3DAD4EAD5FAD659744
:10D340000E94A8FF4B015C016BAD7CAD8DAD9EAD25
:10D350000E9447FF9B01AC01C501B4010F94010776
:10D360004B015C01C701B6010E9447FF9B01AC0164
:10D37000C501B4010E9443FF87FFD5C9C501B401AF
:10D380000C94ABE1A301920161966CAD7DAD8EADC5
:10D390009FAD61970E94A8FF698B7A8B8B8B9C8BCA
:10D3A000A301920169966CAD7DAD8EAD9FAD69977D
:10D3B0000E94A8FF6D8B7E8B8F8B988FA3019201AB
:10D3C00027966CAD7DAD8EAD9FAD27970E94A8FFCF
:10D3D000698F7A8F8B8F9C8FA301920186CA2FEE63
:10D3E0003FEF4FE75FEB27966CAD7DAD8EAD9FAD08
:10D3F00027970E9443FF87FF0AC00FEE1FEF2FE71A
:10D400003FEB27960CAF1DAF2EAF3FAF2797279668
:10D410002CAD3DAD4EAD5FAD279760E070E080E88C
:10D420009FE30F94240620E030E040E05FE30E9499
:10D43000A8FF0F94DF086B017C0120917A073091DF
:10D440007B0740917C0750917D07C301B2010E9488
:10D45000A8FFA70196010E94A8FF4B015C01A7014C
:10D46000960160E070E080E89FE30F9424069B0142
:10D47000AC01C501B4010F9401071B018C0182E7C7
:10D480002D962EAD3FAD2D97829FF001839FF00D1D
:10D490001124E956F14F81899289A389B4892B9689
:10D4A0008CAF9DAFAEAFBFAF2B9720E030E040E830
:10D4B0005FE3BC01CD010E9443FF87FF47CC23EF10
:10D4C00034E045E35FEB27966CAD7DAD8EAD9FAD4F
:10D4D00027970E9443FF87FF39CC20E030E0A90165
:10D4E00027966CAD7DAD8EAD9FAD27970E9443FF13
:10D4F000C12CD12C40E8E42E4FEBF42E87FD06C062
:10D50000C12CD12C30E8E32E3FE3F32EA701960186
:10D5100027966CAD7DAD8EAD9FAD27970E94A8FF7D
:10D520004B015C0129E539ED40E053E30E9443FFE4
:10D5300087FD69C0A501940160E070E080E89FE389
:10D540000F94240620E030E040E057E40E94A8FF5A
:10D550000F946E07CB010F9406060197880F991F51
:10D56000880F991FFC01EE5AFD4C2591359145918C
:10D570005491FC01EE5EFD4C85919591A591B4917D
:10D5800027968CAF9DAFAEAFBFAF2797C501B40153
:10D590000E94A8FF27962CAD3DAD4EAD5FAD2797FD
:10D5A0000F9425064B015C0120E030E0A901C70182
:10D5B000B6010F944C08181654F4A50194016BEDB4
:10D5C0007FE089E490E40F9424064B015C01A30101
:10D5D00092012B966CAD7DAD8EAD9FAD2B970E94C9
:10D5E000A8FFA50194010F9401076B017C019B0129
:10D5F000AC01B101C8010F944C0818160CF0A6CB71
:10D6000016018701A3CB90E080E0A8CF2BAC3BA80C
:10D610000FA91FAD9BCBCBACDBA8EFA8FFACCCCB4D
:10D620001FE087CCCBACBBA8AFA8FFACD3CC2C966B
:10D630009FAC2C972496AFAC2497B82C2896CFACEF
:10D64000289711CD9C011DCD8956914F492D5A2DFA
:10D650006B2D7C2DDC0115964D935D936D937C9322
:10D660001897112369F011508D2DD090840ED81683
:10D6700009F464CC811709F422CD0E94D427F5CF98
:10D680001FE0F2CFD7018C9181608C938091740759
:10D690009091750720917407309175072817390705
:10D6A00089F5B2E7B89DF001B99DF00D1124E95656
:10D6B000F14FA184D28403851485E816F90621F57B
:10D6C0008A2D9D2DD80185839683A783B087EE5A36
:10D6D000FF4F80819181A281B381892B8A2B8B2B73
:10D6E00061F4D701AA5ABF4F8D919D910D90BC91C5
:10D6F000A02D80839183A283B383D7018C918E7FE9
:10D700008C9325CDC901C6CF458056806780708433
:10D710002A2D3D2DA801C301B2010E9443FF882399
:10D7200009F487C0D70115962D913D914D915C91DB
:10D73000189761962CAF3DAF4EAF5FAF6197C301B5
:10D74000B2010F944C0818160CF063C0F701618DFC
:10D75000728D838D948D90589B01AC010F9425069A
:10D76000D70151962D913D914D915C9154970E9416
:10D77000A8FF9B01AC0161966CAD7DAD8EAD9FADF8
:10D7800061970F9424062E966FAF2E9766967FAF03
:10D7900066976A968FAF6A9762969FAF62979B0172
:10D7A000AC01C301B2010F944C08181694F52A2D50
:10D7B0003D2DA8012E966FAD2E9766967FAD66978C
:10D7C0006A968FAD6A9762969FAD62970E9443FFFB
:10D7D00087FD0CC02E96AFAC2E976696DFAC669791
:10D7E0006A960FAD6A9762961FAD6297B2E7B89DD1
:10D7F000F001B99DF00D1124E956F14F8A2D9D2DB0
:10D80000D80185839683A783B08785879687A78766
:10D81000B08B02E7089DF001099DF00D1124E95637
:10D82000F14F85819681A781B08581879287A387F3
:10D83000B48712E7189DF001199DF00D1124E956E7
:10D84000F14F65817681878190850F94DF084B01C8
:10D85000A82ED92E8B01282F392F4B2D2C965FAD5A
:10D860002C9724966FAD249728967FAD2897C701F3
:10D870000E94C69AB82C2C969FAE2C972496AFAED9
:10D8800024972896DFAE289738CFE114F104E9F009
:10D89000F701808180FF19C06BAD7BA98FA99FAD77
:10D8A0000F94DF088B019C014B2D2C965FAD2C97BC
:10D8B00024966FAD249728967FAD2897C7010E94C4
:10D8C000C69AD7018C918E7F8C930E94E19D81E056
:10D8D000CB57DF4F0FB6F894DEBF0FBECDBFDF9141
:10D8E000CF911F910F91FF90EF90DF90CF90BF905D
:10D8F000AF909F908F907F906F905F904F903F90F0
:10D900002F90089580E0E4CFE0907D0CF0907E0CA5
:10D9100000917F0C1091800C0C9476DF6F927F92B7
:10D920008F929F92AF92BF92CF92DF92EF92FF922F
:10D930000F931F93CF93DF93CDB7DEB76C970FB6DE
:10D94000F894DEBF0FBECDBF782E4A015B0168019F
:10D95000790120E030E0A901C701B8010E9443FF2E
:10D96000811111C0772019F081E0781291C060E038
:10D9700070E483E095E420E030E040E752E40F9467
:10D9800001076B017C01072D10E0F801EF52F04D0B
:10D99000E491772473941E160CF4712C662463941E
:10D9A00020E030E0A901C501B4010F944C0818161D
:10D9B0000CF0612C80E00E94F2A969837A838B834A
:10D9C0009C8381E00E94F2A96D837E838F83988778
:10D9D00082E00E94F2A969877A878B879C8783E01F
:10D9E0000E94F2A96D877E878F87988B000F111F89
:10D9F000000F111FE1E0F0E0EC0FFD1F0E0F1F1FE5
:10DA0000F8011082118212821382CE0101960E94C7
:10DA10003CA9F80180829182A282B382198A1A8A73
:10DA20001B8A1C8A1D8A1E8A1F8A188E198E1A8EBE
:10DA30001B8E1C8E8091AB079091AC07892B49F40B
:10DA40009E012F5E3F4FB701A601CE0101960E94B5
:10DA5000E4DB0E94A69A761431F08091E5068823D3
:10DA6000E1F01092E5066C960FB6F894DEBF0FBE9B
:10DA7000CDBFDF91CF911F910F91FF90EF90DF907D
:10DA8000CF90BF90AF909F908F907F906F900895B0
:10DA900060E070E080E793E46ECF40E070E060E02B
:10DAA00083EC9FE20E94A15DDECFCF93DF93CDB7E1
:10DAB000DEB760970FB6F894DEBF0FBECDBFFC0196
:10DAC00090E1DE01119601900D929A95E1F7809117
:10DAD000AB079091AC07892B69F4CE0101960E94A7
:10DAE000E4DB60960FB6F894DEBF0FBECDBFDF91CA
:10DAF000CF91089580E0F5CF0E94334F6091690780
:10DB000070916A0787ED9FE20E943E6384ED9FE279
:10DB10000C94084F2F923F924F925F926F927F9298
:10DB20008F929F92AF92BF92CF92DF92EF92FF922D
:10DB30000F931F93CF93DF9300D01F921F92CDB707
:10DB4000DEB7482E70939F0660939E060E944BCDD1
:10DB50007090B006372C85E0870D89835524539447
:10DB600071E8E72E7FE2F72EE5E8CE2EEFE2DE2E1B
:10DB7000F2E9AF2EFFE2BF2E82E087198A83042DDF
:10DB800010E0952D97199B83272C2194ABE78A2EC3
:10DB9000AFE29A2E83E0481609F45CC0711047C1C9
:10DBA0001092E4061092E3061092E2061092E1064B
:10DBB0004092E0065520D9F08091B2061816BCF0CC
:10DBC0004091B7065091B8066091B9067091BA06B7
:10DBD0004F5F5F4F6F4F7F4F4093B7065093B8062C
:10DBE0006093B9067093BA068F5F8093B2068091F6
:10DBF000310245E062EB7FE281116DC01D830C8331
:10DC000093E0491609F424C1F801EE0FFF1FEE0F4F
:10DC1000FF1FEB56F04D659175918591949120E031
:10DC200030E040E05FE30E94A8FF20E030E040E801
:10DC30005FE30F94250620E030E040E251E40F94CA
:10DC40004C0852E0652E18160CF02FC182E07812B5
:10DC50002AC105C18091350C9091360CA091370CEA
:10DC6000B091380C80939A0690939B06A0939C06E3
:10DC7000B0939D067110E9C01092E4061092E3067D
:10DC80001092E2061092E1061092E0065520D9F0BB
:10DC90008091B2061816BCF04091B7065091B806B4
:10DCA0006091B9067091BA064F5F5F4F6F4F7F4F1B
:10DCB0004093B7065093B8066093B9067093BA06BE
:10DCC0008F5F8093B20680913102882309F496CF4A
:10DCD00045E06BEA7FE2822D0E9446CB8FCF809198
:10DCE000AE061092AE06882309F4A9C00E94122441
:10DCF0008091C706882309F4A2C00F900F900F905F
:10DD00000F900F90DF91CF911F910F91FF90EF90A7
:10DD1000DF90CF90BF90AF909F908F907F906F904B
:10DD20005F904F903F902F90089581E09091B206C0
:10DD3000913009F080E024E041EA5FE26B810E94CB
:10DD4000EACB81C08091AE061092AE06882309F41A
:10DD500095C082E892E80E9420B68091C706882389
:10DD600009F48CC0CACF23E0622E83E090E09D834B
:10DD70008C83BDC08091AE061092AE06882309F454
:10DD8000C5C08CE792E80E9420B68091C706882320
:10DD900009F4BCC0B2CF672D631981E09091B2063F
:10DDA000971180E023E049E85FE20E94EACBB2C02D
:10DDB0008091AE061092AE06882309F409C186E769
:10DDC00092E80E9420B68091C706882309F400C11A
:10DDD00094CF672D631981E09091B206971180E08E
:10DDE00023E049E85FE20E94EACBF6C08091AE06EC
:10DDF0001092AE06882309F4C7C080E792E80E941B
:10DE000020B68091C706882309F4BEC076CF672D5F
:10DE1000631981E09091B206971180E023E049E810
:10DE20005FE20E94EACBB4C01D830C83EDCE81E09B
:10DE30007812FACF8091B206813009F450CF8091E8
:10DE40003102811172CF512CD9CE91E0791691F324
:10DE500082E07812A6C083E090E09D838C83B0922C
:10DE6000E406A092E3061092E2061092E1061092F8
:10DE7000E0068091B206823009F464CF80913102CD
:10DE8000882361F081E09091B206923009F080E041
:10DE900023E049E85FE26A810E94EACB93E0512CDB
:10DEA000491609F482C043E0642EEC81FD81EE0F37
:10DEB000FF1FEE0FFF1FEB56F04D65917591859199
:10DEC000949120E030E040E05FE30E94A8FF20E072
:10DED00030E040E85FE30F94250620E030E040E8C2
:10DEE0005FE30F944C081816DCF4761014C0D0923F
:10DEF000E406C092E3061092E2061092E106109248
:10DF0000E0068091B206871509F434CF8091310282
:10DF1000811141CF512C639493E0491609F447C015
:10DF2000EC81FD81EE0FFF1FEE0FFF1FEB56F04D52
:10DF3000659175918591949120E030E040E05FE338
:10DF40000E94A8FF20E030E040E85FE30F94250640
:10DF50002DEC3CEC4CEC5DE30F944C0818163CF1B6
:10DF600082E0481217C0671014C09092E4068092B5
:10DF7000E3061092E2061092E1061092E00680910C
:10DF8000B206861509F432CF8091310281113FCF5C
:10DF9000512C6394739499819711FCCD6092B106D2
:10DFA000ACCE93E0791609F4DECE84E0682E7610CC
:10DFB00014C0F092E406E092E3061092E20610929A
:10DFC000E1061092E0068091B206871509F4F0CEC2
:10DFD000809131028111FDCE512C6394C1CFEFE0CD
:10DFE000F3E09491981759F1319693E0E132F907F3
:10DFF000C1F7282F880F330BEDE0F3E084918031D7
:10E00000C4F4E4910E2E000CFF0BF6962E173F077A
:10E01000B1F0EEE0F3E08491803174F4E4910E2EDF
:10E02000000CFF0BF69681E02E173F0749F080E0C9
:10E030000895EFEFFFEFEACFEFEFFFEFF4CF81E0CE
:10E0400008954F925F926F927F928F929F92AF92BC
:10E05000BF92DF92EF92FF920F931F93CF93DF93C4
:10E06000D82EC82FD0E0FE01EF52F04D6491062E5D
:10E07000000C770B880B990B0E9449FF2B013C0188
:10E080007E01EE0CFF1CEE0CFF1CF701E559F64E6D
:10E090002591359145915491C301B2010E94A8FF89
:10E0A0004B015C01F701EB56F04D6591759185913F
:10E0B000949120E030E040EC5FE30E94A8FFA301D0
:10E0C00092010E94A8FFAB01BC0100E010E09801A2
:10E0D0008D2D24DC20E030E0A901C501B4010E94AF
:10E0E00043FF882309F444C0B501A401705800E03F
:10E0F00010E098018D2D12DCA5019401C501B40139
:10E100000F9425064B015C01C859D64EFE01C491FF
:10E11000C11107C00E94334F86E499E10E94084F65
:10E12000CAE0DD2039F0F1E060E070E080E793E4E0
:10E13000DF1204C060E070E483E095E420E030E0AA
:10E1400040E752E40F9401072B013C016C2F70E073
:10E1500090E080E00E9447FF9B01AC01C301B20147
:10E160000F9401078B019C01B501A4018D2DD6DB15
:10E1700081E090E001C0880FDA94EAF790914906B7
:10E18000982B909349069091B905892B8093B905F6
:10E19000F701E65CF64E2591359145915491E701E2
:10E1A000C75DD34FF701E65BF94F608171818281D2
:10E1B00093810F942506688379838A839B83F70173
:10E1C000E150FB4F10821182128213820E94D0CA4A
:10E1D000F701E55FFA4F88819981AA81BB8180832D
:10E1E0009183A283B383DF91CF911F910F91FF9011
:10E1F000EF90DF90BF90AF909F908F907F906F9047
:10E200005F904F900895CF93DF93CDB7DEB72C97F3
:10E210000FB6F894DEBF0FBECDBFAB01BC011982B3
:10E220001A821B821C821D821E821F8218861986FA
:10E230001A861B861C869E012F5F3F4F89E29CE059
:10E2400034DC2C960FB6F894DEBF0FBECDBFDF9145
:10E25000CF9108958091C00C847E8B7F8093C00CF9
:10E260001092BC0C1092BD0C1092BE0C1092BF0C00
:10E270001092B80C1092B90C1092BA0C1092BB0C00
:10E280001092B70C1092B60C1092B50CE2E0FDE0C3
:10E290008EE091E0DF019C011D9221503040E1F7BA
:10E2A00080910A018E7F80930A0180910B018095F5
:10E2B00081708093090110922B0E10922E0E1092F5
:10E2C000100E1092130E80E19EE0108213827B9656
:10E2D0008E179F07D1F789E093E09093FB0C809312
:10E2E000FA0C1092FC0C89E18093FE0C1092010D47
:10E2F0001092F30C1092C10C1092C40C81E0809328
:10E30000640E1092650E1092660E1092670E1092B7
:10E31000680E1092690E10926A0E10926B0E109297
:10E320006C0E10926D0E10926E0E10926F0E109277
:10E33000700E1092710E1092720E1092730E109257
:10E34000740E1092750E1092760E1092770E109237
:10E35000780E1092790E10927A0E10927B0E109217
:10E360007C0E10927D0E10927E0E10927F0E1092F7
:10E37000800E1092470E1092480E1092490E109285
:10E380004A0E10924B0E1092500E1092510E109297
:10E39000520E1092530E1092540E1092820E109242
:10E3A000810E1092930E1092940E1092950E109270
:10E3B000960E10928F0E1092900E1092910E109257
:10E3C000920E10928B0E10928C0E10928D0E109257
:10E3D0008E0E1092870E1092880E1092890E109257
:10E3E0008A0E1092B6161092B7161092B8161092A6
:10E3F000B9161092860E1092850E1092840E10920D
:10E40000830E87E99EE0FC01E35BFF4F10828E588C
:10E410009F4F35E1873B9307B1F784E08093BA15AE
:10E420001092B8151092B7151092B9158FE890E4B4
:10E430009093F7158093F6151092CB151092F51561
:10E440001092F815109205161092091610920816DF
:10E4500087E293E0909307168093061680E08E7F04
:10E460008D7F8B7F877F809344160895CF93DF93B2
:10E47000CDB7DEB7EB970FB6F894DEBF0FBECDBFBA
:10E48000789484B5826084BD84B5816084BD85B58F
:10E49000826085BD85B5816085BD80916E0081609B
:10E4A00080936E0010928100809181008260809341
:10E4B0008100809181008160809381008091800043
:10E4C0008160809380008091B10084608093B1006E
:10E4D0008091B00081608093B00080919100826053
:10E4E0008093910080919100816080939100809150
:10E4F00090008160809390008091A1008260809361
:10E50000A1008091A10081608093A1008091A00072
:10E5100081608093A000809121018260809321011D
:10E52000809121018160809321018091200181608F
:10E530008093200180917A00846080937A0080919A
:10E540007A00826080937A0080917A008160809363
:10E550007A0080917A00806880937A001092C100DE
:10E56000C090C016CFA214BE1092C0008091C0000F
:10E5700082608093C0001092C50087E08093C40041
:10E580008091C10080618093C1008091C10088604A
:10E590008093C1008091C10080688093C1000E9477
:10E5A0007FD14B015C0128EE820E23E0921EA11C5C
:10E5B000B11C86E596E00E943C4E882309F4A2C077
:10E5C0008EEE9DE20E94084F9898A09A8091F102E9
:10E5D0009091F202A091F302B091F40289A39AA360
:10E5E000ABA3BCA3AE014F5D5F4F5BAB4AABCE01AB
:10E5F00085969EA38DA3812CF4E29F2EF4EFAF2E7F
:10E60000B12CAAA9BBA96D91BBABAAABCE01019657
:10E610000E943E4E8A89811116C18989882309F496
:10E6200012C1CF84CEA62C2D22242A94312C223044
:10E6300019F022242A94322CC980DA80DDAACCAACF
:10E64000EB80FC80FDA6ECA68EE0E5EFF2E0DE01BB
:10E65000539601900D928A95E1F7910150E040E0C8
:10E660006BE0220F331F441F551F6A95D1F7C50178
:10E67000B4010F946D0579018FEFE81AF80A9EA591
:10E68000923009F04FC0A1E0A8AFB3E0B9AF9E014E
:10E690002D5E3F4F3FAB2EAB11E031E03FA719AAF3
:10E6A0004FEF50E059A748A7AEA9BFA9CD90DD9084
:10E6B000BFABAEABC601B0E0A0E0EEA5E230B9F171
:10E6C00080329105A105B10509F491C0803891050A
:10E6D000A105B10509F48BC09601A8EEB3E00F9433
:10E6E000BB059B01AC01C501B4010F946D05C901C7
:10E6F0000197369527950097E1F441E050E05BA73C
:10E700004AA71EC00E947FD175016401C61AD70AAC
:10E71000E80AF90AD701C601181619061A061B06D7
:10E720008CF34ECFEAE0E8AFFEE0F9AFB0CF910155
:10E73000C1019BA78AA72816390610F43BA62AA672
:10E740002115310509F4C5C128AA032D2215330569
:10E7500010F428AB032F2AA53BA52F5F3F4FD6010E
:10E760000F94BB059B01AC01C501B4010F946D056D
:10E7700029013BAF2AAF9601A8A9B02F0F94BB0582
:10E780009B01AC01220F331F441F551FC501B4016B
:10E790000F946D05B90189EEE81683E0F80608F4D8
:10E7A0009CC1F70188EE93E0E81BF90BCAACDBAC27
:10E7B00089EEC81683E0D80608F493C1D20188EE2A
:10E7C00093E0A81BB90B693E734008F48EC1C901E0
:10E7D00068EE73E0861B970BAE17BF0720F48A170D
:10E7E0009B0708F086C18E179F0708F48BC11F5F37
:10E7F000183009F059CFACA9BDA98C918C7F9FA589
:10E800009370892B8C93ECA5FDA52081CFA48C2D32
:10E8100090E0959587959595879503E0880F991FCA
:10E820000A95E1F7277E822B80838081887FD9A893
:10E830008D2980832EA5223031F0ED85FE85C8A478
:10E84000D9A4D182C082EDA0FEA0CAA8DBA8EC1496
:10E85000FD0409F0D6CE81E080933E060E94154F5C
:10E86000DFA0D0FE04C085EE9DE20E94084FEFA01D
:10E87000E1FE04C084ED9DE20E94084FFFA0F2FE7D
:10E8800004C082EC9DE20E94084FCFA0C3FE04C0EA
:10E8900081EB9DE20E94084FDFA0D5FE04C080EA14
:10E8A0009DE20E94084F88E89DE20E94084F0E9466
:10E8B000334F82E49DE20E94084F0E94334F8AE268
:10E8C0009DE20E94084F0E94334F8091BA169091AA
:10E8D000BB169E012F5F3F4F1901B901009709F444
:10E8E00019C1681B790B8BE19DE20E944D5784E0B2
:10E8F0009DE20E94084F80E297E00E94D43E0E9471
:10E900005A57389A40981092430610924406109233
:10E910004506109246060E94652D86E096E10E940B
:10E92000802AB2E6EB2EB8E2FB2E00E420E140E0C4
:10E9300060E08AE096E10E94DFD58AE096E10E94DD
:10E94000C6D48111EECF64EC79E080E090E00E94C3
:10E95000D93E86E096E10E94802AAFE7EA2EACE23B
:10E96000FA2E03E127E047E064E28AE096E10E94A4
:10E97000DFD583E00E94B2284FE65CE26BE283E1E0
:10E980000E94792A42E65CE267E38CE10E94792AE0
:10E990008AE096E10E94C6D48111DFCF0E947FD128
:10E9A0006B017C0180914516811107C00E9407C24E
:10E9B000882319F081E08093451620914A06309112
:10E9C0004B0640914C0650914D066091290C709178
:10E9D0002A0C80912B0C90912C0C0F94250660939F
:10E9E000290C70932A0C80932B0C90932C0C209163
:10E9F0004E0630914F06409150065091510660915D
:10EA00002D0C70912E0C80912F0C9091300C0F9446
:10EA1000250660932D0C70932E0C80932F0C9093F1
:10EA2000300C20915206309153064091540650917B
:10EA300055066091310C7091320C8091330C90919D
:10EA4000340C0F9425066093310C7093320C809334
:10EA5000330C9093340C0E94D0CA249A2C98809145
:10EA60000101806280930101809102018072809394
:10EA700000018091010180648093010187ED809302
:10EA80007A0010927E0010927D0080917D0080645B
:10EA900080937D0080E887BD80916E0082608093C6
:10EAA0006E0080912C0290912D020E945D9020E0DA
:10EAB00030E040EA50E40E9443FF87FF2EC080917F
:10EAC0002C0290912D02409790932D0280932C025E
:10EAD000E8CF51E058AB00E03ECEC701E8EEF3E0EE
:10EAE00063CEC201A8EEB3E06CCEB90188EE93E02C
:10EAF00071CE7201C9ACCFA619ABCAA4DBA4D9A64A
:10EB0000C8A675CE7901D8ACDFA619ABC8A8C8A62F
:10EB100009A76DCE605C7641E6CE80912E02909181
:10EB20002F020E945D9020E030E046E153E40F9414
:10EB30004C08181654F480912E0290912F024096A2
:10EB400090932F0280932E02E8CF0E9444AD6D98DF
:10EB5000759A809104018D7F809304018091050155
:10EB6000809582708093030153985B9A10924806B7
:10EB7000109247060E94FDAB819A879A80910A0104
:10EB8000826080930A010E9A579A5F9A829A8A9AB3
:10EB90008091070181608093070180910801809531
:10EBA0008170809306010A9A129A809A88985F9AD7
:10EBB000809149068E7F80934906869A8E988A9A1C
:10EBC000809149068D7F8093490680910A01886073
:10EBD00080930A0180910B018870809309018091D4
:10EBE00008018095817080930601809149068B7F92
:10EBF000809349060C9A1498129A809180008C7F19
:10EC00008093800080918100877E8860809381005E
:10EC1000809180008F738093800080918100887F35
:10EC200082608093810080E090E4909389008093DB
:10EC3000880010928500109284000E94E19D7894D3
:10EC40000E943C969D9AA5988091010180628093D4
:10EC5000010160E088E00E94CECF88E198E20FB623
:10EC6000F894A895809360000FBE909360000E9476
:10EC70007FD1DC01CB018C199D09AE09BF09883B0E
:10EC80003BE09307A105B10570F408EB1BE020E021
:10EC900030E068017901C81AD90AEA0AFB0AC701FB
:10ECA000B6010E94D93E83E080937307F1E69F2E60
:10ECB000882483940E94CED68091C00C87FF1BC00D
:10ECC0001092B60C877F8B7F8093C00C0E9428889F
:10ECD0001092990810929808109297080E949DAA85
:10ECE0000E9481AD0E943D901092570680E00E94E4
:10ECF000FD3E1092FB0680917307CDB6DEB610E0A4
:10ED000000E0843009F441C0ADB6BEB6609158064B
:10ED10007091590610E000E06115710509F083C09B
:10ED200080915A06882309F420C1EAE5F6E08F01B4
:10ED30000A551640F190FF2019F05AE0F512F7CF6E
:10ED40000115110559F0F801E65AF94F10828AE5CC
:10ED500096E00E945B3C80E00E94F76481E0F11045
:10ED600001C080E0080F802FE82FF0E0E65AF94F4D
:10ED70009081E82FE01BF0E0E65AF94F9083992349
:10ED800009F48EC08F5FF0CF8C01F801EB50F24D8B
:10ED9000E491C8010196EE2311F0EA30A9F7EDB62F
:10EDA000FEB6E81AF90A0FB6F894FEBE0FBEEDBE25
:10EDB0002DB73EB72F5F3F4F7901A80165EF7DE288
:10EDC000C9013CD7F701E00FF11F1082D7018C91E8
:10EDD0008B3331F40FB6F894DEBE0FBECDBE94CFA8
:10EDE000809197088430B0F780919908899DC0017F
:10EDF0001124B7018656974F0F94650AE091990840
:10EE00009E9EF0011124E650F74FB1E0B0830E94BE
:10EE10004BC20FB6F894DEBE0FBECDBEE3E0E0936A
:10EE2000730772CF8601FB01E00FF11F7490680138
:10EE3000FFEFCF1ADF0A772021F0EAE0EE2E7E10F6
:10EE4000F1CF2DB73EB72C193D090FB6F8943EBF50
:10EE50000FBE2DBF4DB75EB74F5F5F4F7A01A80160
:10EE6000C701ECD6F701E00FF11F1082772009F4FB
:10EE700079C08091580690915906C80ED91ED0923B
:10EE80005906C0925806012B31F0C7010E945B3C25
:10EE900080E00E94F7640FB6F894BEBE0FBEADBE10
:10EEA0009091E50680914616981709F403CF80915A
:10EEB000E506809346168091E506882309F4FACE8C
:10EEC0000E94334F8CE49EE20E94084F8091E50639
:10EED00010E280FF0AC080E00E941CAAAB01BC01C6
:10EEE00088E49EE20E94214F18E58091E50600E249
:10EEF00081FF0AC081E00E941CAAAB01BC0184E42E
:10EF00009EE20E94214F09E58091E50682FF2CC216
:10EF100082E00E941CAAAB01BC0180E49EE20E9438
:10EF2000214F9AE5F92E0E945A571F9280E28F9343
:10EF30001F92FF921F920F931F921F9388E29EE2EF
:10EF40009F938F9381E39EE29F938F931F920E94E2
:10EF50004225EDB7FEB73D960FB6F894FEBF0FBE43
:10EF6000EDBFA6CED12CC12C8ACF809197088823E3
:10EF700009F496CF8091C00C80FFF0C100919808F1
:10EF8000099D800111240656174F65E071E3C80101
:10EF9000A9D6009739F0DC0113968C9180538A3002
:10EFA00008F0C4C1F80101900020E9F731977F0112
:10EFB000E01AF10A1092C10C6EE470E0C8010F94DF
:10EFC0005A0A6C01009709F086C0B1E0EB1AF1080B
:10EFD000F801EE0DFF1D4DE0C42EC1825AE0D52E82
:10EFE000D2821382F80101900020E9F731976F0176
:10EFF000C01AD10A8091C40C813009F069C0809197
:10F00000C20C81FF65C082FF1CC04091D20C5091A0
:10F01000D30C6091D40C7091D50C8091C90C909157
:10F02000CA0CA091CB0CB091CC0C84179507A60705
:10F03000B70739F081EC9CE00E94C085882309F471
:10F0400047C04091C90C5091CA0C6091CB0C709193
:10F05000CC0CC114D10409F425C18091DA0C909133
:10F06000DB0CDC0114967C902FEF270D2A013B016D
:10F0700039E076946794579447943A95D1F74222B1
:10F080007A01B1E0FB22411054C0E114F10409F00F
:10F0900050C04091C50C5091C60C6091C70C709146
:10F0A000C80C411551056105710521F58091D60CFB
:10F0B0009091D70CA091D80CB091D90C0097A105D4
:10F0C000B10579F581EC9CE00E940989811131C07C
:10F0D0008092C10C0CC160E270E00F945A0A8C015E
:10F0E0000F5F1F4F6AE270E0C6010F945A0AFC01DD
:10F0F000319771CF91010E948684882349F38981D9
:10F100009A81AB81BC81E091DA0CF091DB0C27890C
:10F11000203109F087C0883FEFEF9E07A105B105B8
:10F1200088F68093C50C9093C60CA093C70CB0933F
:10F13000C80CA12C22E0B22EAE18BF08CA14DB0402
:10F1400008F45601E091DA0CF091DB0C8091C50CCB
:10F150009091C60CA091C70CB091C80C0297A10960
:10F16000B109258504C0880F991FAA1FBB1F2A95C6
:10F17000D2F74685578560897189840F951FA61F30
:10F18000B71F9C01AD01240D311D411D511D2901E9
:10F190003A01A11432E0B30609F04DC080911E0C73
:10F1A00090911F0CA091200CB091210C481659068B
:10F1B0006A067B0669F41092260C8FEF9FEFDC0144
:10F1C00080931E0C90931F0CA093200CB093210CE5
:10F1D0008091270C9091280CDC01ED91FC91028824
:10F1E000F389E02D9801B301A2011995882309F450
:10F1F0006FCF8091C90C9091CA0CA091CB0CB091AB
:10F20000CC0C8A0D9B1DA11DB11D8093C90C909340
:10F21000CA0CA093CB0CB093CC0C0A0D1B1DCA18C2
:10F22000DB080FCF883FFFEF9F07AF07FFE0BF0767
:10F2300008F477CF47CFE114F10461F54091C90C90
:10F240005091CA0C6091CB0C7091CC0C8091D20C77
:10F250009091D30CA091D40CB091D50C48175907BC
:10F260006A077B07B8F00E946E83882309F430CFC9
:10F270008092260C40921E0C50921F0C6092200C23
:10F280007092210CA501B801C701825E954F0F94C1
:10F29000370AAFCF41E0C301B2010E94B7838111A9
:10F2A000F1CF16CF8091D20C9091D30CA091D40CB9
:10F2B000B091D50C84179507A607B70768F480911D
:10F2C000C20C4093D20C5093D30C6093D40C709327
:10F2D000D50C80688093C20C8091C20C83FF07C05C
:10F2E00081EC9CE00E94ED87882309F4F1CE8091A7
:10F2F000C10C882331F00E94304F8EEF9DE20E94B6
:10F30000084F8091C00C81FD29C0E09198089E9E15
:10F31000F0011124E650F74F808181110FC08BEF6F
:10F320009DE20E94084F0E945A5708C00E94F0CAEE
:10F3300085E19EE20E94084F0E94EA57809197085B
:10F34000882309F4ADCD909198089F5F943048F4DC
:10F3500090939808815080939708A2CD0E94877956
:10F36000EDCF10929808F6CF80E2F82EDCCDCF9347
:10F37000DF9381EC9CE00E94008DC0E1DEE06B97A2
:10F38000CE010E94008D8DE0C230D807C1F780E128
:10F390009EE00E94008D8BE29EE0DF91CF910C9465
:10F3A000008DEF920F931F93CF93DF93E80134E02A
:10F3B00047FD34E1042E000C550B57FF03C0519557
:10F3C00041955109E32E022F242FAE010F94000224
:10F3D000CE01DF91CF911F910F91EF9008958F9201
:10F3E0009F92AF92BF92CF92DF92EF92FF92CF9314
:10F3F000DF93EC01688179818A819B8161157105B8
:10F400008105910521F464E279ED8BE597E02DE12A
:10F4100033EF41E050E00F948F0549015A019B0101
:10F42000AC01A7EAB1E40F94AB056B017C01ACEE33
:10F43000B4EFA50194010F94B705C60ED71EE81EC0
:10F44000F91EF7FE06C081E0C81AD108E10880E87D
:10F45000F80AC882D982EA82FB82C701B6019F7787
:10F46000DF91CF91FF90EF90DF90CF90BF90AF9062
:10F470009F908F9008958F929F92AF92BF92CF925C
:10F48000DF92EF92FF926091400270914102809171
:10F49000420290914302611571058105910521F4A5
:10F4A00064E279ED8BE597E02DE133EF41E050E048
:10F4B0000F948F0549015A019B01AC01A7EAB1E401
:10F4C0000F94AB056B017C01ACEEB4EFA501940188
:10F4D0000F94B705C60ED71EE81EF91EF7FE06C02C
:10F4E00081E0C81AD108E10880E8F80AC092400219
:10F4F000D0924102E0924202F0924302C701B6016B
:10F500009F77FF90EF90DF90CF90BF90AF909F904C
:10F510008F9008956093400270934102809342025D
:10F520009093430208958F929F92AF92BF92CF9291
:10F53000DF92EF92FF920F931F93CF93DF935C01C3
:10F540007B016115710519F0DB018D939C93850199
:10F550000F5F1F4FF501D0818D2F90E067D36C01B5
:10F56000892BA9F5DD32A9F50F5F1F4FD501119643
:10F57000DC91C1E05801F1E0AF1AB10843E050E07E
:10F580006AEB71E0C50196D3892B61F5680182E0D1
:10F59000C80ED11C45E050E065EB71E0C6018AD38E
:10F5A000892B21F4680197E0C90ED11CE114F10404
:10F5B00019F0D701CD92DC9260E070E080E89FEF17
:10F5C000C111FAC060E070E080E89FE7F5C0580123
:10F5D000BECFDB3229F485010E5F1F4FF501D181CB
:10F5E000C0E0C8CF43E050E062EB71E0C50162D3F8
:10F5F000892BE9F0F80110E000E020E030E0A901FB
:10F600005F01B0ED8B2E8D0E89E08815C8F19C2E20
:10F61000689491F88C2F8870C2FF16C0811102C0C7
:10F620000F5F1F4F3196D501DC91C92DE9CFE11451
:10F63000F10429F00E5F1F4FF7011183008360E092
:10F6400070E080EC9FE7B8C0882311F001501109E9
:10F65000A5E0B0E00F94AB059B01AC01220F331F76
:10F66000441F551F280D311D411D511D283999E991
:10F670003907490799E15907A8F2C6609C2ED2CFF5
:10F68000AEEF8A1206C0C3FD3CC09C2E689493F86E
:10F69000C9CFDF7DD534A9F580818D3239F4C061C1
:10F6A000DF011296818162E070E006C0DF018B32DB
:10F6B000C1F3119661E070E080535D01A61AB70AAC
:10F6C0008A30F8F4E0E8CE16ECE0DE065CF4B60131
:10F6D000660F771F660F771FC60ED71ECC0CDD1C7A
:10F6E000C80ED11C5D01FFEFAF1ABF0A8C91805389
:10F6F0008A3098F1C4FF03C0D194C194D1080C0D95
:10F700001D1DC1FF09C0E114F10431F081E0A81A08
:10F71000B108D701AD92BC92CA01B901B8D3C37088
:10F72000C33009F490584B015C0120E030E0A9019E
:10F73000AAD3882309F43EC0C9EED1E017FF05C063
:10F74000119501951109C1EDD1E06E01B8E1CB1A17
:10F75000D10880E2E82EF12C0EC0D501B3CFFE0116
:10F7600025913591459154910E191F09C501B40198
:10F77000EFD34B015C01D501C4010E151F057CF7C9
:10F780002497F594E794CC16DD06A9F78A2F880F05
:10F790008B2F881F8F3F41F020E030E0A901C50189
:10F7A000B40171D3811106C082E290E09093BF163C
:10F7B0008093BE16C501B401DF91CF911F910F91C7
:10F7C000FF90EF90DF90CF90BF90AF909F908F9081
:10F7D00008953F924F925F926F927F928F929F9285
:10F7E000AF92BF92CF92DF92EF92FF920F931F934F
:10F7F000CF93DF935C016B017A016115710519F0FC
:10F80000FB0191838083E114F10451F0C701029759
:10F81000839730F040E030E020E090E06AC05E0185
:10F82000E5012196F5011081812F90E0FFD1892B10
:10F83000B1F71D3201F52196F501118101E0E114C6
:10F84000F10409F4E6C0F0E1EF16F10409F088C014
:10F85000103359F488818F7D883509F07CC0198177
:10F8600022960260F0E1EF2EF12C812C912CA12C3C
:10F8700088E0B82E92C01B3221F4E5012296F501F2
:10F88000118100E0DCCFEAE0EE16F10409F4C7C014
:10F89000F0E1EF16F10409F073C0E7CF78E0E72E4E
:10F8A000F12C812C912CA12C60E1B62E76C021E0A8
:10F8B000ADC0302F3170C114D10431F0222371F169
:10F8C0002197F601D183C08327FF2EC060E070E04E
:10F8D00080E090E8311104C06FEF7FEF8FEF9FE77A
:10F8E00022E230E03093BF162093BE16462F372F0A
:10F8F000282F642F732F822FDF91CF911F910F91AB
:10F90000FF90EF90DF90CF90BF90AF909F908F903F
:10F910007F906F905F904F903F90089501FF04C0DB
:10F920002297F601D183C083332341F090958095CF
:10F93000709561957F4F8F4F9F4FD8CF97FFD6CF50
:10F9400082E290E09093BF168093BE166FEF7FEF38
:10F950008FEF9FE7CBCF10E3E114F10409F49ECFC2
:10F9600028E0E216F10409F49CCF0CF08CCF812C36
:10F97000912CA12CE0E4BE2E82E0E816F10469F09F
:10F9800060E070E080E090E897010F2C000C440BE1
:10F99000550B0F946D0549015A0120E060E070E0BD
:10F9A000CB0127010F2C000C66087708FE0150EDF3
:10F9B000352E310E39E0331570F43FEB310F49EC41
:10F9C000342E3A3138F03FE9310F3A3108F071CF37
:10F9D00039EA332E310E3E141F040CF06ACF27FD96
:10F9E00015C086169706A806B90678F0A3019201FD
:10F9F0000F945E05630D711D811D911D61307105B0
:10FA0000810520E8920708F452CF2FEF219610814C
:10FA1000CDCF103309F41ECF2AE0E22EF12C9CEC5E
:10FA2000892E982CA82C9CE0B92EB7CF3F924F92EC
:10FA30005F926F927F928F929F92AF92BF92CF927E
:10FA4000DF92EF92FF920F931F93CF93DF935C01AE
:10FA50006B017A016115710519F0FB0191838083B7
:10FA6000E114F10449F0C7010297839728F060E0A0
:10FA700070E0CB0199C05E01E5012196F50110818E
:10FA8000812F90E0D3D0892BB1F71D3209F05BC0F4
:10FA90002196F501118101E0E114F10409F4B9C0E6
:10FAA000F0E1EF16F10409F09AC0103341F48881B7
:10FAB0008F7D883509F08EC0198122960260E0E1C1
:10FAC000EE2EF12C88248A94982CA82CFFE0BF2ECF
:10FAD00020E060E070E0CB0127010F2C000C6608ED
:10FAE0007708FE0150ED352E310E39E0331568F4FC
:10FAF0003FEB310F49EC342E3A3130F03FE9310F12
:10FB00003A31A8F539EA332E310E3E141F047CF544
:10FB10002F3FB1F086169706A806B90630F1A3016B
:10FB20009201CCD7232D30E050E040E0620F731FEC
:10FB3000841F951F6217730784079507B0F021E0B3
:10FB400021961081CECF1B3221F4E5012296F501DA
:10FB5000118100E0A1CF78E0E72EF12C88248A946F
:10FB6000982CA82C6FE1B62EB3CF2FEFE9CFC1149C
:10FB7000D10431F0222351F12197F601D183C083C2
:10FB800000FF07C090958095709561957F4F8F4FCE
:10FB90009F4F2F3F49F482E290E09093BF168093ED
:10FBA000BE166FEF7FEFCB01DF91CF911F910F91C9
:10FBB000FF90EF90DF90CF90BF90AF909F908F908D
:10FBC0007F906F905F904F903F90089501FFD8CF46
:10FBD0002297D3CF10E3E114F10409F4BCCF3AE04B
:10FBE000E316F104E1F080E1E816F10409F467CFCF
:10FBF000E8E0EE16F10409F4B1CF6FEF7FEFCB012F
:10FC000097010F2C000C440B550B67D749015A0183
:10FC10005FCF103309F44BCF9AE0E92EF12C89E93C
:10FC2000882E982CA82C89E1B82E52CF911138C675
:10FC3000803219F089508550D0F70895FB01DC011E
:10FC400002C005900D9241505040D8F70895FB0135
:10FC5000DC010D900020E9F7119705900D9200202E
:10FC6000E1F70895FC010590061621F00020D9F770
:10FC7000C00108953197CF010895DC01FB01415087
:10FC8000504058F049F005900D920020C1F7E61B56
:10FC9000F70B3197CF0108951C9205900020E9F7EA
:10FCA000F6CFFC0105900020E9F7809590958E0F26
:10FCB0009F1F0895FB01DC014150504088F08D9159
:10FCC00081341CF08B350CF4805E659161341CF03E
:10FCD0006B350CF4605E861B611171F3990B08950E
:10FCE000881BFCCFFB0155915523A9F0BF01DC0116
:10FCF0004D9145174111E1F759F4CD0105900020D0
:10FD000049F04D9140154111C9F3FB014111EFCF6D
:10FD100081E090E001970895DC01FB0141505040E3
:10FD200058F049F001900D920020C1F7E61BF70B47
:10FD30003197CF0108951C9201900020E9F7F6CF8A
:10FD40000F931F93CF93DF93CDB7DEB72E970FB6E8
:10FD5000F894DEBF0FBECDBF0E891F89888D998DA7
:10FD60002EE02C831A83098397FF02C080E090E87D
:10FD700001979E838D83AE01445E5F4F6A8D7B8DBC
:10FD8000CE01019648D14D815E8157FD0AC02F8179
:10FD90003885421753070CF49A01020F131FF8011C
:10FDA00010822E960FB6F894DEBF0FBECDBFDF9146
:10FDB000CF911F910F9108950F931F93CF93DF93CE
:10FDC000CDB7DEB72E970FB6F894DEBF0FBECDBF0E
:10FDD0000E891F898EE08C831A8309838FEF9FE73A
:10FDE0009E838D83AE01465E5F4F688D798DCE0117
:10FDF000019611D12F813885020F131FF80110824F
:10FE00002E960FB6F894DEBF0FBECDBFDF91CF9117
:10FE10001F910F9108950F931F93CF93DF93CDB749
:10FE2000DEB72E970FB6F894DEBF0FBECDBF8C01A4
:10FE3000FA018EE08C831A83098377FF02C060E0A9
:10FE400070E8615071097E836D83A901BF01CE0105
:10FE50000196E1D04D815E8157FD0AC02F81388522
:10FE6000421753070CF49A01020F131FF801108276
:10FE70002E960FB6F894DEBF0FBECDBFDF91CF91A7
:10FE80001F910F91089540D008F481E00895E894FF
:10FE900009C097FB3EF490958095709561957F4FD2
:10FEA0008F4F9F4F9923A9F0F92F96E9BB27939580
:10FEB000F695879577956795B795F111F8CFFAF490
:10FEC000BB0F11F460FF1BC06F5F7F4F8F4F9F4FC1
:10FED00016C0882311F096E911C0772321F09EE81F
:10FEE000872F762F05C0662371F096E8862F70E085
:10FEF00060E02AF09A95660F771F881FDAF7880F5F
:10FF00009695879597F90895990F0008550FAA0BB4
:10FF1000E0E8FEEF16161706E807F907C0F012161C
:10FF20001306E407F50798F0621B730B840B950B1F
:10FF300039F40A2661F0232B242B252B21F4089574
:10FF40000A2609F4A140A6958FEF811D811D089511
:10FF50000BD064C555D528F05AD518F0952309F073
:10FF600046C54BC511248EC56AD5A0F3959FD1F324
:10FF7000950F50E0551F629FF001729FBB27F00D57
:10FF8000B11D639FAA27F00DB11DAA1F649F6627AC
:10FF9000B00DA11D661F829F2227B00DA11D621FFB
:10FFA000739FB00DA11D621F839FA00D611D221FB5
:10FFB000749F3327A00D611D231F849F600D211D99
:10FFC000822F762F6A2F11249F5750408AF0E1F03C
:10FFD00088234AF0EE0FFF1FBB1F661F771F881F85
:10FFE00091505040A9F79E3F510570F000C54AC599
:10FFF0005F3FECF3983EDCF3869577956795B79570
:020000022000DC
:10000000F795E7959F5FC1F7FE2B880F911D969599
:10001000879597F908952F923F924F925F926F9232
:100020007F928F929F92AF92BF92CF92DF92EF9288
:10003000FF920F931F93CF93DF9300D000D000D097
:100040001F921F92CDB7DEB77C013B018A01FC01F4
:1000500017821682838181FFD0C1CE0101965C0197
:10006000F7019381F30193FD859193FF81913F0106
:10007000882309F449C1853239F493FD859193FFB2
:1000800081913F01853221F4B70190E022D4E8CF7D
:10009000912C212C312CFFE1F31538F08B3211F12A
:1000A00090F4803209F1833229F137FC3CC020ED15
:1000B000280F2A3050F536FE20C08AE0989E200D89
:1000C0001124922E06C08D3291F0803371F768941E
:1000D00030F8F30193FD859193FF81913F018111E8
:1000E000DACF21C0689431F8689432F8F2CF68947E
:1000F00033F8EFCF689434F8ECCFEAE02E9E200D71
:100100001124222E689435F8E4CF8E3229F436FC7F
:10011000FBC0689436F8DDCF8C3619F4689437F854
:10012000D8CF8836B1F2982F9F7D95549330D8F070
:10013000833691F18337B1F1833509F05EC0280130
:10014000F2E04F0E511CF801C080D180692D70E0A3
:1001500036FC02C06FEF7FEFC601A5D34C01689457
:1001600037F882010AC00C5F1F4FFFE3F983882430
:100170008394912C6501E89437F833FE2AC0522C01
:100180008114910459F5552009F46ACFB70180E232
:1001900090E09FD35A94F7CFF801808189830E5F56
:1001A0001F4FE5CF2801F2E04F0E511CF801C0802F
:1001B000D180692D70E036FC02C06FEF7FEFC60181
:1001C0007DD34C018201D7CFB70180E290E081D38B
:1001D0002A942814190409F0B8F7D1CFF60137FC96
:1001E000859137FE81916F01B70190E072D3511074
:1001F0005A94F1E08F1A9108C3CF843619F08936EA
:1002000009F073C0F80137FE67C060817181828197
:1002100093810C5F1F4FF32DFF763F2E97FF09C090
:1002200090958095709561957F4F8F4F9F4F689403
:1002300037F82AE030E0A5017CD3C82ECA188C2CF0
:10024000432C36FE0CC0E89440F8C91440F434FE48
:1002500005C032FC03C0F32DFE7E4F2E892C44FED8
:10026000A6C0FE01EC0DF11D8081803309F098C01D
:10027000242D297E422E842D8870582E43FCA5C043
:1002800040FE9FC09C2C821418F42C0C922C9818C1
:1002900044FEA1C0B70180E390E01BD342FE08C03A
:1002A00088E790E041FE02C088E590E0B70111D3F5
:1002B000C91408F49CC0CA94D12C9FEFC91AD90A5A
:1002C000CA0CDB1CF60182916F01B70190E001D3EB
:1002D000AC14BD04B9F757CF60817181072E000CB3
:1002E000880B990B0E5F1F4F96CFD32CE894D4F850
:1002F0002AE030E08537E1F1232D297FD22E8F3699
:10030000A9F1F0F4883551F1F701868197812B9698
:100310000FB6F894DEBF0FBECDBFDF91CF911F9116
:100320000F91FF90EF90DF90CF90BF90AF909F9094
:100330008F907F906F905F904F903F902F90089597
:10034000803749F0883701F7D4FE02C06894D2F8AC
:1003500020E130E00DC06894D4F8F6CF34FE03C03D
:10036000822F8660D82E20E132E002C028E030E003
:10037000F801D7FE0EC060817181828193810C5F8C
:100380001F4FA501D6D2C82ECA183D2CE89437F8C5
:1003900056CF6081718190E080E00E5F1F4FF1CFFA
:1003A00042FC02C0839467CF8394839464CF842DEE
:1003B000867809F460CFF6CFB70180E290E089D269
:1003C00083948214C8F3512C63CF522C5818821492
:1003D00008F45ECFF8CF842D867809F469CF8BE2DC
:1003E00041FE80E247FC8DE2B70190E060CFB701AB
:1003F00080E390E06ED29A945BCF8FEF9FEF87CF30
:100400008F929F92AF92BF92CF92DF92EF92FF9224
:100410000F931F93CF93DF9300D000D000D0CDB7C0
:10042000DEB76A01F22EB02E102FFBE3AF2EA0161E
:1004300008F41BE31F5F012F27E0AE014F5F5F4F02
:1004400057D1BC018981982F9970913009F44EC021
:100450009BE2E1FC04C09E2D9170E0FC49C05E2D42
:100460005071E82FE87083FF55C084E0911101C0FE
:1004700083E0EF2DE81B8F1508F0E0E0D6018E2F0A
:1004800020E25523C9F1992329F0D6019C93C60196
:1004900001966C0196012D5F3F4FE2FE33C08EE462
:1004A000D6018C9391E411969C93119712968C939C
:1004B000D9018E2F90E281112AC0E20FF32FF11D96
:1004C00010828EEF9FEF29960FB6F894DEBF0FBE15
:1004D000CDBFDF91CF911F910F91FF90EF90DF90F3
:1004E000CF90BF90AF909F908F9008959DE2B7CF2F
:1004F00090E2B5CF2D9381508111FCCFCE0ED11C4F
:10050000E0E0C1CF8EE6D6018C9391E6CCCF9D93EF
:100510008150D1CF482F447082FF3DC084E09111BB
:1005200001C083E08F1510F4EF2DE81BD6018E2F4C
:1005300020E2552309F1992329F0D6019C93C601A5
:1005400001966C0196012D5F3F4FE2FE1BC089E4CE
:10055000D6018C938EE411968C93119786E41296B3
:100560008C93D9018E2F90E2882309F4A6CF9D9316
:100570008150FACF2D9381508111FCCFCE0ED11C2A
:10058000E0E0D9CF89E6D6018C938EE611968C9364
:10059000119786E6E4CF9B0177FF02C030E020E0B0
:1005A000A1E0B0E0911102C0B0E0A0E0F901319605
:1005B000AE0FBF1F8B2C912CBB2009F461C05401DE
:1005C000EFEFAE1ABE0AAA0DBB1DFA161B0619F0F4
:1005D00014F04F2D4A1B511188C0E3FC59C076011D
:1005E000A42FB0E2A1114FC0C40ED11C992309F46D
:1005F0005BC040E0D6011196F60190836D01552352
:1006000009F448C0012F060F9A81582F507184FFBA
:1006100003C0913309F4015010160CF047C00930A3
:1006200008F008E0EEE2FE2E5B01A01AB108850199
:100630009194819491082F3F320729F4D601FC92BE
:10064000F60131966F016217730794F102171307D1
:100650007CF5DB01A21BB30BAA24A394B12CAC0E36
:10066000BD1EAA0DBB1D11968C9121503109D601DA
:10067000119628153905F4F0F60180836D01DBCF62
:10068000B12CA12CA0CFF701B1937F01A150AACF2B
:100690009111B0CFD601942F50E302C05D939150D9
:1006A0009111FCCFC40ED11C40E0ACCF01E0BACF19
:1006B00080E3DBCF6217730731F4963388F4953308
:1006C00011F4552369F0F6018083FD01842F90E237
:1006D000811108C0A40FB11D1C9290E080E0F3CE00
:1006E00081E3F1CF91938150F3CF911183CF8ACFE2
:1006F000283008F027E03327DA01990F311D87FDF4
:10070000916000966105710539F432602E5F3D936A
:1007100030E32A95E1F708959F3F30F08038710566
:10072000610509F03C5F3C5F3D93913008F08068C3
:10073000911DDF93CF931F930F93FF92EF92192F89
:10074000987F9695E92F96959695E90FFF27E95B97
:10075000FD4F99273327EE24FF24A701E7010590D9
:100760000894079428F4360FE71EF81E491F511D00
:10077000660F771F881F991F0694A1F705900794AD
:1007800028F4E70EF81E491F561FC11D770F881F5A
:10079000991F661F0694A1F70590079428F4F80E98
:1007A000491F561FC71FD11D880F991F661F771F2E
:1007B0000694A1F70590079420F4490F561FC71F10
:1007C000D81F990F661F771F881F0694A9F7849179
:1007D0001095177041F0D695C79557954795F794A2
:1007E000E7941A95C1F7EDEEF1E068941590159134
:1007F00035916591959105907FE27395E118F10A25
:10080000430B560BC90BD009C0F7E10CF11E431F77
:10081000561FC91FD01D7EF4703311F48A95E6CFA0
:10082000E894015030F0080F0AF40027021708F48A
:10083000202F2395022F7A3328F079E37D932A9590
:10084000E9F710C07D932A9589F6069497956795E8
:10085000379517951794E118F10A430B560BC90BFE
:10086000D00998F023957E9173957A3308F070E360
:100870007C932013B8F77E9170617D9330F083955F
:1008800071E37D9370E32A95E1F71124EF90FF90D7
:100890000F911F91CF91DF91992787FD9095089532
:1008A000992788270895FC01059061507040011038
:1008B000D8F7809590958E0F9F1F0895FC01615089
:1008C000704001900110D8F7809590958E0F9F1F72
:1008D00008950F931F93CF93DF93182F092FEB01E8
:1008E0008B8181FD09C01FEF0FEF812F902FDF91CA
:1008F000CF911F910F91089582FF14C02E813F81E7
:100900008C819D81281739073CF4E881F981CF015A
:1009100001969983888310838E819F8101969F839E
:100920008E83E3CFE885F985812F1995892BA1F373
:10093000DACFFA01AA27283051F1203181F1E89469
:100940006F936E7F6E5F7F4F8F4F9F4FAF4FB1E0C2
:100950003ED0B4E03CD0670F781F891F9A1FA11DBD
:10096000680F791F8A1F911DA11D6A0F711D811DBE
:10097000911DA11D20D009F468943F912AE0269F83
:1009800011243019305D3193DEF6CF010895462FE2
:100990004770405D4193B3E00FD0C9F7F6CF462FC3
:1009A0004F70405D4A3318F0495D31FD405241932C
:1009B00002D0A9F7EACFB4E0A695979587957795E9
:1009C0006795BA95C9F700976105710508959B0170
:1009D000AC010A2E06945795479537952795BA95F9
:1009E000C9F7620F731F841F951FA01D089597F903
:1009F0009F6780E870E060E008959FEF80EC0895C5
:100A000000240A94161617061806090608950024ED
:100A10000A9412161306140605060895092E039467
:100A2000000C11F4882352F0BB0F40F4BF2B11F4DB
:100A300060FF04C06F5F7F4F8F4F9F4F089557FD3A
:100A40009058440F551F59F05F3F71F04795880F3C
:100A500097FB991F61F09F3F79F0879508951216D3
:100A600013061406551FF2CF4695F1DF08C016167F
:100A700017061806991FF1CF869571056105089430
:100A80000895E894BB2766277727CB0197F9089547
:100A9000F999FECF92BD81BDF89A992780B5089546
:100AA000262FF999FECF1FBA92BD81BD20BD0FB68A
:100AB000F894FA9AF99A0FBE01960895DB018F9384
:100AC0009F9349D0BF91AF91A29F800D911DA39F8D
:100AD000900DB29F900D11240895A1E21A2EAA1B29
:100AE000BB1BFD010DC0AA1FBB1FEE1FFF1FA217DE
:100AF000B307E407F50720F0A21BB30BE40BF50BDB
:100B0000661F771F881F991F1A9469F76095709563
:100B1000809590959B01AC01BD01CF010895052EF4
:100B200097FB16F400940FD057FD05D0D6DF07FCD5
:100B300002D046F408C050954095309521953F4F1E
:100B40004F4F5F4F089590958095709561957F4FB9
:100B50008F4F9F4F08950FD0A59F900DB49F900D7C
:100B6000A49F800D911D11240895B7FFF4CFF3DFEA
:100B7000821B930B0895A29FB001B39FC001A39F56
:100B8000700D811D1124911DB29F700D811D1124C6
:100B9000911D089587FB082E062687FD819567FD28
:100BA000619546D00EF4919507FC81950895AA1B96
:100BB000BB1B51E107C0AA1FBB1FA617B70710F048
:100BC000A61BB70B881F991F5A95A9F7809590957A
:100BD000BC01CD01089597FB072E16F4009406D0B2
:100BE00077FD08D0E4DF07FC05D03EF490958195B1
:100BF0009F4F0895709561957F4F0895EE0FFF1FE9
:100C0000881F8BBF0790F691E02D1994AA2799238E
:100C100029F4A85F982B11F480E10895903118F41D
:100C2000AD5F9295A395990FE8F78A2F99270895BC
:100C3000991B79E004C0991F961708F0961B881F2E
:100C40007A95C9F7809508955058BB27AA270ED0EA
:100C5000E5CED6DE30F0DBDE20F031F49F3F11F43C
:100C60001EF4CBCE0EF4E095E7FBC1CEE92FE7DE14
:100C700080F3BA17620773078407950718F071F4B9
:100C80009EF5FFCE0EF4E0950B2EBA2FA02D0B0192
:100C9000B90190010C01CA01A0011124FF27591BC1
:100CA00099F0593F50F4503E68F11A16F040A22FC7
:100CB000232F342F4427585FF3CF46953795279538
:100CC000A795F0405395C9F77EF41F16BA0B620B37
:100CD000730B840BBAF09150A1F0FF0FBB1F661F7E
:100CE000771F881FC2F70EC0BA0F621F731F841FC1
:100CF00048F4879577956795B795F7959E3F08F0E7
:100D0000B3CF9395880F08F09927EE0F97958795A5
:100D1000089576DE58F080E891E009F49EEF77DEE2
:100D200028F040E851E059F45EEF09C066CEA9CE44
:100D3000E92FE07884DE68F3092E052AC1F326172F
:100D400037074807590738F00E2E07F8E02569F0F5
:100D5000E025E0640AC0EF6307F8009407FADB01BE
:100D6000B9019D01DC01CA01AD01EF9359D056DEF6
:100D70000AD05F91552331F02BED3FE049E450FD5F
:100D800049EC63CF0895DF93DD27B92FBF7740E8A3
:100D90005FE31616170648075B0710F4D92F81D1B9
:100DA0009F938F937F936F9348D2E4EEF0E0FED051
:100DB00035DE2F913F914F915F91D6D8DD2349F0D9
:100DC0009058A2EA2AED3FE049EC5FE3D0785D2736
:100DD0004DDFDF9123CE49D180F09F3740F4911150
:100DE0000EF450CE60E070E080E89FE3089526F0B6
:100DF0001B16611D711D811DB0C0CAC0FED0E395D8
:100E000023C10CD00BCE03DE40F0FADD30F021F42C
:100E10005F3F19F0ECCD511135CEEFCD10DE98F3D8
:100E20009923C9F35523B1F3951B550BBB27AA276B
:100E300062177307840738F09F5F5F4F220F331FDD
:100E4000441FAA1FA9F333D00E2E3AF0E0E830D0A9
:100E500091505040E695001CCAF729D0FE2F27D0AC
:100E6000660F771F881FBB1F261737074807AB077A
:100E7000B0E809F0BB0B802DBF01FF2793585F4FEF
:100E80002AF09E3F510568F0B2CDFCCD5F3FECF3F8
:100E9000983EDCF3869577956795B795F7959F5FB4
:100EA000C9F7880F911D9695879597F90895E1E008
:100EB000660F771F881FBB1F621773078407BA0767
:100EC00020F0621B730B840BBA0BEE1F88F7E095C2
:100ED000089504D06894B111D5CD0895B8DD88F097
:100EE0009F5790F0B92F9927B751A0F0D1F0660F16
:100EF000771F881F991F1AF0BA95C9F712C0B13031
:100F000081F0BFDDB1E00895BCCD672F782F882731
:100F1000B85F39F0B93FCCF3869577956795B3956F
:100F2000D9F73EF490958095709561957F4F8F4FDE
:100F30009F4F08959AD080F09F3740F491110EF0A2
:100F4000A1CD60E070E080E89FEB089526F41B16C9
:100F5000611D711D811D01C01BC0882371F47723A1
:100F600021F09850872B762F07C0662311F499271C
:100F70000DC09051862B70E060E02AF09A95660FC4
:100F8000771F881FDAF7880F9695879597F9089548
:100F90009F3F31F0915020F4879577956795B795ED
:100FA000880F911D9695879597F90895DF93CF93B4
:100FB0001F930F93FF92EF92DF927B018C01689455
:100FC00006C0DA2EEF010E94B4FFFE01E894A5915D
:100FD0002591359145915591A6F3EF0147DEFE012C
:100FE0009701A801DA9471F7DF90EF90FF900F91CD
:100FF0001F91CF91DF91089500CD29DDE8F3E894AA
:10100000E0E0BB279F57F0F02AED3FE049EC06C037
:10101000EE0FBB0F661F771F881F28F0B23A6207DA
:101020007307840728F0B25A620B730B840BE395A5
:101030009A9572F7803830F49A95BB0F661F771F28
:10104000881FD2F79048A6CFEF93E0FF06C0A2EA30
:101050002AED3FE049EC5FEB09DEE0DC0F90039402
:1010600001FC9058E1E1F1E02AC1F1DCA0F0BEE71B
:10107000B91788F4BB279F3860F41616B11D672F87
:10108000782F8827985FF7CF869577956795B11D5C
:1010900093959639C8F308950E9484FF08F48FEF62
:1010A00008959B01AC0160E070E080E89FE3A9CE69
:1010B000CEDC58F19E5758F19851A0F0E9F09830E5
:1010C00020F5092E9927660F771F881F991F0A940C
:1010D000D1F712C0062E672F782F8827985F11F45A
:1010E000000C07C0993FB4F3869577956795939563
:1010F000D9F7611D711D811D3EF490958095709505
:1011000061957F4F8F4F9F4F08956894BBCCB9CCAA
:10111000FA01EE0FFF1F30962105310599F1611597
:10112000710561F48038BFE39B0749F168949038FA
:10113000810561F08038BFEF9B0741F0992342F5AC
:10114000FF3FE1053105210511F1E8940894E79589
:10115000D901AA2329F4AB2FBE2FF85FD0F310C01A
:10116000FF5F70F4A695E0F7F73950F019F0FF3AF9
:1011700038F49F779F930CD00F9007FC90580895F8
:101180003EF03BCC60E070E080E89FE308954FE7DD
:101190009F775F934F933F932F93DFD02F913F9192
:1011A0004F915F910E94A8FF56C09F9326DF0F903A
:1011B00007FCEE5F49CF11F40EF41FCCE9CE47DCFB
:1011C000D0F39923D9F3CEF39F57550B87FF70D0F7
:1011D0000024A0E640EA900180585695979528F49F
:1011E000805C660F771F881F20F026173707480797
:1011F00030F4621B730B840B202931294A2BA695EE
:1012000017940794202531254A2758F7660F771F32
:10121000881F20F026173707480730F4620B730B3E
:10122000840B200D311D411DA09581F7B901842F3C
:101230009158880F9695879508959B01AC010C9461
:10124000A8FF0E9484FF880B990B089519F40EF0F3
:10125000CECB17CCD2CBFBDBC8F39638C0F707F860
:101260000F92E8942BE33AEA48EB5FE70E94B6FF5F
:101270000F920F920F924DB75EB70F92B0D0EFE280
:10128000F1E094DE4F915F91EF91FF91E595EE1FB4
:10129000FF1F49F0FE57E0684427EE0F441FFA9500
:1012A000E1F74195550B20D00F9007FEFACE089537
:1012B00091505040660F771F881FD2F708959F9373
:1012C0008F937F936F93FF93EF939B01AC010E94E9
:1012D000A8FFEF91FF916ADE2F913F914F915F91AF
:1012E0000C94A8FF84CB54CEB2DBE8F39923D9F356
:1012F000940F511DBBF39150504094F059F0882346
:1013000032F0660F771F881F91505040C1F79E3F03
:10131000510544F7880F911D9695879597F9089583
:101320005F3FACF0983E9CF0BB278695779567951C
:10133000B79508F4B1609395C1F7BB0F58F711F456
:1013400060FFE8CF6F5F7F4F8F4F9F4FE3CF9ACB08
:101350000EF01ECE52CB68944ACB79DBC8F39923AA
:10136000D1F3C6F3DF93CF931F930F93FF92C92F4F
:10137000DD2788232AF02197660F771F881FDAF769
:1013800020E030E040E85FEB9FE3883920F0803ECA
:1013900030F021968F7759DCE7E5F1E003C055DCAA
:1013A000E4E8F1E003DE8B01BE01EC01FB2E6F5798
:1013B00071097595771F880B990B0E9449FF28E1E9
:1013C00032E741E35FE30E94B4FFAF2D9801AE0125
:1013D000FF900F911F91CF91DF9148DC1FCBFA0155
:1013E000DC01AA0FBB1F9B01AC01BF5728F42227C9
:1013F0003327442750781FC0B75188F4AB2F0024FF
:10140000469537952795011CA395D2F3002069F0E6
:10141000220F331F441FB395DAF30DD015CC613082
:101420007105A0E88A07B94630F49B01AC01662734
:10143000772788279078309621F020833183428364
:10144000538308959111089581548A5108F4805E60
:10145000855A0895FB01DC0104C08D91019080192B
:1014600021F441505040C8F7881B990B0895FB01A7
:10147000DC0102C001900D9241505040D8F7089510
:10148000DC0101C06D9341505040E0F70895FB012D
:10149000DC018D9181341CF08B350CF4805E619100
:1014A00061341CF06B350CF4605E861B611189F3AE
:1014B000990B0895FC018191861721F08823D9F7B3
:1014C000992708953197CF010895FB01DC01019020
:1014D0000D920020E1F70895FB01DC0141505040DE
:1014E00088F08D9181341CF08B350CF4805E619115
:1014F00061341CF06B350CF4605E861B611171F376
:10150000990B0895881BFCCFFB01DC014150504032
:1015100030F08D910190801919F40020B9F7881BE3
:10152000990B0895FC0181E090E00190061609F402
:10153000CF010020D1F7019708950F931F93CF9308
:10154000DF93CDB7DEB72E970FB6F894DEBF0FBE90
:10155000CDBF0E891F8986E08C831A8309838FEFA4
:101560009FE79E838D83AE01465E5F4F688D798DC8
:10157000CE0101960F940B002F813885020F131FA7
:10158000F80110822E960FB6F894DEBF0FBECDBFC5
:10159000DF91CF911F910F91089519E1CAEAD9E126
:1015A00000E005C0802FFE0129DB2196011DCB3A0A
:0C15B000D10780E00807B1F7F894FFCFE6
:1015BC001040000000804E036400FF55558542FF2B
:1015CC00FF321F0002C0C3FFFF010000803F32004A
:1015DC0064006400AA0001FF0401FFFFFF3F00004C
:1015EC000203FF0D804F12000080BB440000803FBF
:1015FC0001000000003C1C46003C1C46003C1C4604
:10160C00003C1C46102262494400000000004700C8
:10161C004800000000000001010158595A45000122
:10162C0000FF0100FF00000048420000484200009B
:10163C008040000000400000204100002041CDCC43
:10164C00CC3E0000A0400000C07F0000C07F000026
:10165C00C07FFF003C00010000404000003442000D
:10166C0000000000000000000000000000504100DD
:10167C000000000000004164000000640000000352
:10168C000000006400000064000000030000000380
:10169C00000000030000001E00000056393000005E
:1016AC00000A05062E010008002000400080000002
:1016BC000100040000000000008A7F6480CE7E5090
:1016CC007FB67EE57D587ECA7D607F767EA27925C9
:1016DC007A247A000000000B1FEAC28A1B247A5875
:0E16EC00595A00256C640045525200256400D6
:00000001FF
